survtype,datasource,countryname,yearweek,pathogen,indicator,age,value,detectableprevalence
SARS-CoV-2 variant,GISAID,Austria,2026-W36,SARS-CoV-2,2-week count of sequences,total,0,No data
SARS-CoV-2 variant,GISAID,Austria,2026-W35,SARS-CoV-2,2-week count of sequences,total,0,No data
SARS-CoV-2 variant,GISAID,Austria,2026-W34,SARS-CoV-2,2-week count of sequences,total,0,No data
SARS-CoV-2 variant,GISAID,Austria,2026-W33,SARS-CoV-2,2-week count of sequences,total,0,No data
SARS-CoV-2 variant,GISAID,Austria,2026-W32,SARS-CoV-2,2-week count of sequences,total,0,No data
SARS-CoV-2 variant,GISAID,Austria,2026-W31,SARS-CoV-2,2-week count of sequences,total,0,No data
SARS-CoV-2 variant,GISAID,Austria,2026-W30,SARS-CoV-2,2-week count of sequences,total,0,No data
SARS-CoV-2 variant,GISAID,Austria,2026-W29,SARS-CoV-2,2-week count of sequences,total,0,No data
SARS-CoV-2 variant,GISAID,Austria,2026-W28,SARS-CoV-2,2-week count of sequences,total,0,No data
SARS-CoV-2 variant,GISAID,Austria,2026-W27,SARS-CoV-2,2-week count of sequences,total,0,No data
SARS-CoV-2 variant,GISAID,Austria,2026-W26,SARS-CoV-2,2-week count of sequences,total,0,No data
SARS-CoV-2 variant,GISAID,Austria,2026-W25,SARS-CoV-2,2-week count of sequences,total,0,No data
SARS-CoV-2 variant,GISAID,Austria,2026-W24,SARS-CoV-2,2-week count of sequences,total,0,No data
SARS-CoV-2 variant,GISAID,Austria,2026-W23,SARS-CoV-2,2-week count of sequences,total,0,No data
SARS-CoV-2 variant,GISAID,Austria,2026-W22,SARS-CoV-2,2-week count of sequences,total,0,No data
SARS-CoV-2 variant,GISAID,Austria,2026-W21,SARS-CoV-2,2-week count of sequences,total,0,No data
SARS-CoV-2 variant,GISAID,Austria,2026-W20,SARS-CoV-2,2-week count of sequences,total,0,No data
SARS-CoV-2 variant,GISAID,Austria,2026-W19,SARS-CoV-2,2-week count of sequences,total,0,No data
SARS-CoV-2 variant,GISAID,Austria,2026-W18,SARS-CoV-2,2-week count of sequences,total,0,No data
SARS-CoV-2 variant,GISAID,Austria,2026-W17,SARS-CoV-2,2-week count of sequences,total,0,No data
SARS-CoV-2 variant,GISAID,Austria,2026-W16,SARS-CoV-2,2-week count of sequences,total,0,No data
SARS-CoV-2 variant,GISAID,Austria,2026-W15,SARS-CoV-2,2-week count of sequences,total,0,No data
SARS-CoV-2 variant,GISAID,Austria,2026-W14,SARS-CoV-2,2-week count of sequences,total,0,No data
SARS-CoV-2 variant,GISAID,Austria,2026-W13,SARS-CoV-2,2-week count of sequences,total,0,No data
SARS-CoV-2 variant,GISAID,Austria,2026-W12,SARS-CoV-2,2-week count of sequences,total,0,No data
SARS-CoV-2 variant,GISAID,Austria,2026-W11,SARS-CoV-2,2-week count of sequences,total,0,No data
SARS-CoV-2 variant,GISAID,Austria,2026-W10,SARS-CoV-2,2-week count of sequences,total,0,No data
SARS-CoV-2 variant,GISAID,Austria,2026-W09,SARS-CoV-2,2-week count of sequences,total,0,No data
SARS-CoV-2 variant,GISAID,Austria,2026-W08,SARS-CoV-2,2-week count of sequences,total,0,No data
SARS-CoV-2 variant,GISAID,Austria,2026-W07,SARS-CoV-2,2-week count of sequences,total,0,No data
SARS-CoV-2 variant,GISAID,Austria,2026-W06,SARS-CoV-2,2-week count of sequences,total,0,No data
SARS-CoV-2 variant,GISAID,Austria,2026-W05,SARS-CoV-2,2-week count of sequences,total,0,No data
SARS-CoV-2 variant,GISAID,Austria,2026-W04,SARS-CoV-2,2-week count of sequences,total,0,No data
SARS-CoV-2 variant,GISAID,Austria,2026-W03,SARS-CoV-2,2-week count of sequences,total,0,No data
SARS-CoV-2 variant,GISAID,Austria,2026-W02,SARS-CoV-2,2-week count of sequences,total,0,No data
SARS-CoV-2 variant,GISAID,Austria,2026-W01,SARS-CoV-2,2-week count of sequences,total,0,No data
SARS-CoV-2 variant,GISAID,Austria,2025-W52,SARS-CoV-2,2-week count of sequences,total,1,>15%
SARS-CoV-2 variant,GISAID,Austria,2025-W51,SARS-CoV-2,2-week count of sequences,total,5,>15%
SARS-CoV-2 variant,GISAID,Austria,2025-W50,SARS-CoV-2,2-week count of sequences,total,7,>15%
SARS-CoV-2 variant,GISAID,Austria,2025-W49,SARS-CoV-2,2-week count of sequences,total,7,>15%
SARS-CoV-2 variant,GISAID,Austria,2025-W48,SARS-CoV-2,2-week count of sequences,total,4,>15%
SARS-CoV-2 variant,GISAID,Austria,2025-W47,SARS-CoV-2,2-week count of sequences,total,0,No data
SARS-CoV-2 variant,GISAID,Austria,2025-W46,SARS-CoV-2,2-week count of sequences,total,0,No data
SARS-CoV-2 variant,GISAID,Austria,2025-W45,SARS-CoV-2,2-week count of sequences,total,0,No data
SARS-CoV-2 variant,GISAID,Austria,2025-W44,SARS-CoV-2,2-week count of sequences,total,2,>15%
SARS-CoV-2 variant,GISAID,Austria,2025-W43,SARS-CoV-2,2-week count of sequences,total,4,>15%
SARS-CoV-2 variant,GISAID,Austria,2025-W42,SARS-CoV-2,2-week count of sequences,total,4,>15%
SARS-CoV-2 variant,GISAID,Austria,2025-W41,SARS-CoV-2,2-week count of sequences,total,8,>15%
SARS-CoV-2 variant,GISAID,Austria,2025-W40,SARS-CoV-2,2-week count of sequences,total,6,>15%
SARS-CoV-2 variant,GISAID,Austria,2025-W39,SARS-CoV-2,2-week count of sequences,total,0,No data
SARS-CoV-2 variant,GISAID,Austria,2025-W38,SARS-CoV-2,2-week count of sequences,total,0,No data
SARS-CoV-2 variant,GISAID,Austria,2025-W37,SARS-CoV-2,2-week count of sequences,total,0,No data
SARS-CoV-2 variant,GISAID,Austria,2025-W36,SARS-CoV-2,2-week count of sequences,total,0,No data
SARS-CoV-2 variant,GISAID,Austria,2025-W35,SARS-CoV-2,2-week count of sequences,total,0,No data
SARS-CoV-2 variant,GISAID,Austria,2025-W34,SARS-CoV-2,2-week count of sequences,total,0,No data
SARS-CoV-2 variant,GISAID,Austria,2025-W33,SARS-CoV-2,2-week count of sequences,total,0,No data
SARS-CoV-2 variant,GISAID,Austria,2025-W32,SARS-CoV-2,2-week count of sequences,total,0,No data
SARS-CoV-2 variant,GISAID,Austria,2025-W31,SARS-CoV-2,2-week count of sequences,total,0,No data
SARS-CoV-2 variant,GISAID,Austria,2025-W30,SARS-CoV-2,2-week count of sequences,total,0,No data
SARS-CoV-2 variant,GISAID,Austria,2025-W29,SARS-CoV-2,2-week count of sequences,total,0,No data
SARS-CoV-2 variant,GISAID,Austria,2025-W28,SARS-CoV-2,2-week count of sequences,total,0,No data
SARS-CoV-2 variant,GISAID,Austria,2025-W27,SARS-CoV-2,2-week count of sequences,total,0,No data
SARS-CoV-2 variant,GISAID,Austria,2025-W26,SARS-CoV-2,2-week count of sequences,total,0,No data
SARS-CoV-2 variant,GISAID,Austria,2025-W25,SARS-CoV-2,2-week count of sequences,total,0,No data
SARS-CoV-2 variant,GISAID,Austria,2025-W24,SARS-CoV-2,2-week count of sequences,total,0,No data
SARS-CoV-2 variant,GISAID,Austria,2025-W23,SARS-CoV-2,2-week count of sequences,total,2,>15%
SARS-CoV-2 variant,GISAID,Austria,2025-W22,SARS-CoV-2,2-week count of sequences,total,6,>15%
SARS-CoV-2 variant,GISAID,Austria,2025-W21,SARS-CoV-2,2-week count of sequences,total,4,>15%
SARS-CoV-2 variant,GISAID,Austria,2025-W20,SARS-CoV-2,2-week count of sequences,total,0,No data
SARS-CoV-2 variant,GISAID,Austria,2025-W19,SARS-CoV-2,2-week count of sequences,total,1,>15%
SARS-CoV-2 variant,GISAID,Austria,2025-W18,SARS-CoV-2,2-week count of sequences,total,1,>15%
SARS-CoV-2 variant,GISAID,Austria,2025-W17,SARS-CoV-2,2-week count of sequences,total,0,No data
SARS-CoV-2 variant,GISAID,Austria,2025-W16,SARS-CoV-2,2-week count of sequences,total,0,No data
SARS-CoV-2 variant,GISAID,Austria,2025-W15,SARS-CoV-2,2-week count of sequences,total,0,No data
SARS-CoV-2 variant,GISAID,Austria,2025-W14,SARS-CoV-2,2-week count of sequences,total,0,No data
SARS-CoV-2 variant,GISAID,Austria,2025-W13,SARS-CoV-2,2-week count of sequences,total,0,No data
SARS-CoV-2 variant,GISAID,Austria,2025-W12,SARS-CoV-2,2-week count of sequences,total,0,No data
SARS-CoV-2 variant,GISAID,Austria,2025-W11,SARS-CoV-2,2-week count of sequences,total,0,No data
SARS-CoV-2 variant,GISAID,Austria,2025-W10,SARS-CoV-2,2-week count of sequences,total,0,No data
SARS-CoV-2 variant,GISAID,Austria,2025-W09,SARS-CoV-2,2-week count of sequences,total,0,No data
SARS-CoV-2 variant,GISAID,Austria,2025-W08,SARS-CoV-2,2-week count of sequences,total,0,No data
SARS-CoV-2 variant,GISAID,Austria,2025-W07,SARS-CoV-2,2-week count of sequences,total,0,No data
SARS-CoV-2 variant,GISAID,Austria,2025-W06,SARS-CoV-2,2-week count of sequences,total,1,>15%
SARS-CoV-2 variant,GISAID,Austria,2025-W05,SARS-CoV-2,2-week count of sequences,total,5,>15%
SARS-CoV-2 variant,GISAID,Austria,2025-W04,SARS-CoV-2,2-week count of sequences,total,6,>15%
SARS-CoV-2 variant,GISAID,Austria,2025-W03,SARS-CoV-2,2-week count of sequences,total,9,>15%
SARS-CoV-2 variant,GISAID,Austria,2025-W02,SARS-CoV-2,2-week count of sequences,total,8,>15%
SARS-CoV-2 variant,GISAID,Austria,2025-W01,SARS-CoV-2,2-week count of sequences,total,5,>15%
SARS-CoV-2 variant,GISAID,Austria,2024-W52,SARS-CoV-2,2-week count of sequences,total,10,>15%
SARS-CoV-2 variant,GISAID,Austria,2024-W51,SARS-CoV-2,2-week count of sequences,total,14,>15%
SARS-CoV-2 variant,GISAID,Austria,2024-W50,SARS-CoV-2,2-week count of sequences,total,16,>15%
SARS-CoV-2 variant,GISAID,Austria,2024-W49,SARS-CoV-2,2-week count of sequences,total,15,>15%
SARS-CoV-2 variant,GISAID,Austria,2024-W48,SARS-CoV-2,2-week count of sequences,total,18,>15%
SARS-CoV-2 variant,GISAID,Austria,2024-W47,SARS-CoV-2,2-week count of sequences,total,14,>15%
SARS-CoV-2 variant,GISAID,Austria,2024-W46,SARS-CoV-2,2-week count of sequences,total,13,>15%
SARS-CoV-2 variant,GISAID,Austria,2024-W45,SARS-CoV-2,2-week count of sequences,total,21,>15%
SARS-CoV-2 variant,GISAID,Austria,2024-W44,SARS-CoV-2,2-week count of sequences,total,24,>15%
SARS-CoV-2 variant,GISAID,Austria,2024-W43,SARS-CoV-2,2-week count of sequences,total,24,>15%
SARS-CoV-2 variant,GISAID,Austria,2024-W42,SARS-CoV-2,2-week count of sequences,total,13,>15%
SARS-CoV-2 variant,GISAID,Austria,2024-W41,SARS-CoV-2,2-week count of sequences,total,9,>15%
SARS-CoV-2 variant,GISAID,Austria,2024-W40,SARS-CoV-2,2-week count of sequences,total,21,>15%
SARS-CoV-2 variant,GISAID,Austria,2024-W39,SARS-CoV-2,2-week count of sequences,total,38,>10% to 15%
SARS-CoV-2 variant,GISAID,Austria,2024-W38,SARS-CoV-2,2-week count of sequences,total,37,>10% to 15%
SARS-CoV-2 variant,GISAID,Austria,2024-W37,SARS-CoV-2,2-week count of sequences,total,20,>15%
SARS-CoV-2 variant,GISAID,Austria,2024-W36,SARS-CoV-2,2-week count of sequences,total,21,>15%
SARS-CoV-2 variant,GISAID,Austria,2024-W35,SARS-CoV-2,2-week count of sequences,total,25,>15%
SARS-CoV-2 variant,GISAID,Austria,2024-W34,SARS-CoV-2,2-week count of sequences,total,20,>15%
SARS-CoV-2 variant,GISAID,Austria,2024-W33,SARS-CoV-2,2-week count of sequences,total,46,>10% to 15%
SARS-CoV-2 variant,GISAID,Austria,2024-W32,SARS-CoV-2,2-week count of sequences,total,62,>5% to 10%
SARS-CoV-2 variant,GISAID,Austria,2024-W31,SARS-CoV-2,2-week count of sequences,total,59,>5% to 10%
SARS-CoV-2 variant,GISAID,Austria,2024-W30,SARS-CoV-2,2-week count of sequences,total,44,>10% to 15%
SARS-CoV-2 variant,GISAID,Austria,2024-W29,SARS-CoV-2,2-week count of sequences,total,22,>15%
SARS-CoV-2 variant,GISAID,Austria,2024-W28,SARS-CoV-2,2-week count of sequences,total,32,>15%
SARS-CoV-2 variant,GISAID,Austria,2024-W27,SARS-CoV-2,2-week count of sequences,total,32,>15%
SARS-CoV-2 variant,GISAID,Austria,2024-W26,SARS-CoV-2,2-week count of sequences,total,24,>15%
SARS-CoV-2 variant,GISAID,Austria,2024-W25,SARS-CoV-2,2-week count of sequences,total,18,>15%
SARS-CoV-2 variant,GISAID,Austria,2024-W24,SARS-CoV-2,2-week count of sequences,total,9,>15%
SARS-CoV-2 variant,GISAID,Austria,2024-W23,SARS-CoV-2,2-week count of sequences,total,9,>15%
SARS-CoV-2 variant,GISAID,Austria,2024-W22,SARS-CoV-2,2-week count of sequences,total,9,>15%
SARS-CoV-2 variant,GISAID,Austria,2024-W21,SARS-CoV-2,2-week count of sequences,total,5,>15%
SARS-CoV-2 variant,GISAID,Austria,2024-W20,SARS-CoV-2,2-week count of sequences,total,2,>15%
SARS-CoV-2 variant,GISAID,Austria,2024-W19,SARS-CoV-2,2-week count of sequences,total,2,>15%
SARS-CoV-2 variant,GISAID,Austria,2024-W18,SARS-CoV-2,2-week count of sequences,total,4,>15%
SARS-CoV-2 variant,GISAID,Austria,2024-W17,SARS-CoV-2,2-week count of sequences,total,4,>15%
SARS-CoV-2 variant,GISAID,Austria,2024-W16,SARS-CoV-2,2-week count of sequences,total,4,>15%
SARS-CoV-2 variant,GISAID,Austria,2024-W15,SARS-CoV-2,2-week count of sequences,total,5,>15%
SARS-CoV-2 variant,GISAID,Austria,2024-W14,SARS-CoV-2,2-week count of sequences,total,5,>15%
SARS-CoV-2 variant,GISAID,Austria,2024-W13,SARS-CoV-2,2-week count of sequences,total,5,>15%
SARS-CoV-2 variant,GISAID,Austria,2024-W12,SARS-CoV-2,2-week count of sequences,total,4,>15%
SARS-CoV-2 variant,GISAID,Austria,2024-W11,SARS-CoV-2,2-week count of sequences,total,8,>15%
SARS-CoV-2 variant,GISAID,Austria,2024-W10,SARS-CoV-2,2-week count of sequences,total,13,>15%
SARS-CoV-2 variant,GISAID,Austria,2024-W09,SARS-CoV-2,2-week count of sequences,total,10,>15%
SARS-CoV-2 variant,GISAID,Austria,2024-W08,SARS-CoV-2,2-week count of sequences,total,18,>15%
SARS-CoV-2 variant,GISAID,Austria,2024-W07,SARS-CoV-2,2-week count of sequences,total,37,>10% to 15%
SARS-CoV-2 variant,GISAID,Austria,2024-W06,SARS-CoV-2,2-week count of sequences,total,54,>10% to 15%
SARS-CoV-2 variant,GISAID,Austria,2024-W05,SARS-CoV-2,2-week count of sequences,total,69,>5% to 10%
SARS-CoV-2 variant,GISAID,Austria,2024-W04,SARS-CoV-2,2-week count of sequences,total,78,>5% to 10%
SARS-CoV-2 variant,GISAID,Austria,2024-W03,SARS-CoV-2,2-week count of sequences,total,122,>2.5% to 5%
SARS-CoV-2 variant,GISAID,Austria,2024-W02,SARS-CoV-2,2-week count of sequences,total,197,>2.5% to 5%
SARS-CoV-2 variant,GISAID,Austria,2024-W01,SARS-CoV-2,2-week count of sequences,total,236,>2.5% to 5%
SARS-CoV-2 variant,GISAID,Austria,2023-W52,SARS-CoV-2,2-week count of sequences,total,281,>1% to 2.5%
SARS-CoV-2 variant,GISAID,Austria,2023-W51,SARS-CoV-2,2-week count of sequences,total,380,>1% to 2.5%
SARS-CoV-2 variant,GISAID,Austria,2023-W50,SARS-CoV-2,2-week count of sequences,total,417,>1% to 2.5%
SARS-CoV-2 variant,GISAID,Austria,2023-W49,SARS-CoV-2,2-week count of sequences,total,458,>1% to 2.5%
SARS-CoV-2 variant,GISAID,Austria,2023-W48,SARS-CoV-2,2-week count of sequences,total,556,>1% to 2.5%
SARS-CoV-2 variant,GISAID,Austria,2023-W47,SARS-CoV-2,2-week count of sequences,total,525,>1% to 2.5%
SARS-CoV-2 variant,GISAID,Austria,2023-W46,SARS-CoV-2,2-week count of sequences,total,393,>1% to 2.5%
SARS-CoV-2 variant,GISAID,Austria,2023-W45,SARS-CoV-2,2-week count of sequences,total,330,>1% to 2.5%
SARS-CoV-2 variant,GISAID,Austria,2023-W44,SARS-CoV-2,2-week count of sequences,total,335,>1% to 2.5%
SARS-CoV-2 variant,GISAID,Austria,2023-W43,SARS-CoV-2,2-week count of sequences,total,317,>1% to 2.5%
SARS-CoV-2 variant,GISAID,Austria,2023-W42,SARS-CoV-2,2-week count of sequences,total,286,>1% to 2.5%
SARS-CoV-2 variant,GISAID,Austria,2023-W41,SARS-CoV-2,2-week count of sequences,total,241,>1% to 2.5%
SARS-CoV-2 variant,GISAID,Austria,2023-W40,SARS-CoV-2,2-week count of sequences,total,200,>2.5% to 5%
SARS-CoV-2 variant,GISAID,Austria,2023-W39,SARS-CoV-2,2-week count of sequences,total,179,>2.5% to 5%
SARS-CoV-2 variant,GISAID,Austria,2023-W38,SARS-CoV-2,2-week count of sequences,total,152,>2.5% to 5%
SARS-CoV-2 variant,GISAID,Austria,2023-W37,SARS-CoV-2,2-week count of sequences,total,140,>2.5% to 5%
SARS-CoV-2 variant,GISAID,Austria,2023-W36,SARS-CoV-2,2-week count of sequences,total,130,>2.5% to 5%
SARS-CoV-2 variant,GISAID,Austria,2023-W35,SARS-CoV-2,2-week count of sequences,total,118,>2.5% to 5%
SARS-CoV-2 variant,GISAID,Austria,2023-W34,SARS-CoV-2,2-week count of sequences,total,92,>5% to 10%
SARS-CoV-2 variant,GISAID,Austria,2023-W33,SARS-CoV-2,2-week count of sequences,total,56,>10% to 15%
SARS-CoV-2 variant,GISAID,Austria,2023-W32,SARS-CoV-2,2-week count of sequences,total,32,>15%
SARS-CoV-2 variant,GISAID,Austria,2023-W31,SARS-CoV-2,2-week count of sequences,total,16,>15%
SARS-CoV-2 variant,GISAID,Austria,2023-W30,SARS-CoV-2,2-week count of sequences,total,11,>15%
SARS-CoV-2 variant,GISAID,Austria,2023-W29,SARS-CoV-2,2-week count of sequences,total,8,>15%
SARS-CoV-2 variant,GISAID,Austria,2023-W28,SARS-CoV-2,2-week count of sequences,total,9,>15%
SARS-CoV-2 variant,GISAID,Austria,2023-W27,SARS-CoV-2,2-week count of sequences,total,173,>2.5% to 5%
SARS-CoV-2 variant,GISAID,Austria,2023-W26,SARS-CoV-2,2-week count of sequences,total,421,>1% to 2.5%
SARS-CoV-2 variant,GISAID,Austria,2023-W25,SARS-CoV-2,2-week count of sequences,total,508,>1% to 2.5%
SARS-CoV-2 variant,GISAID,Austria,2023-W24,SARS-CoV-2,2-week count of sequences,total,574,>1% to 2.5%
SARS-CoV-2 variant,GISAID,Austria,2023-W23,SARS-CoV-2,2-week count of sequences,total,703,≤1%
SARS-CoV-2 variant,GISAID,Austria,2023-W22,SARS-CoV-2,2-week count of sequences,total,689,≤1%
SARS-CoV-2 variant,GISAID,Austria,2023-W21,SARS-CoV-2,2-week count of sequences,total,591,>1% to 2.5%
SARS-CoV-2 variant,GISAID,Austria,2023-W20,SARS-CoV-2,2-week count of sequences,total,341,>1% to 2.5%
SARS-CoV-2 variant,GISAID,Austria,2023-W19,SARS-CoV-2,2-week count of sequences,total,376,>1% to 2.5%
SARS-CoV-2 variant,GISAID,Austria,2023-W18,SARS-CoV-2,2-week count of sequences,total,845,≤1%
SARS-CoV-2 variant,GISAID,Austria,2023-W17,SARS-CoV-2,2-week count of sequences,total,1261,≤1%
SARS-CoV-2 variant,GISAID,Austria,2023-W16,SARS-CoV-2,2-week count of sequences,total,1553,≤1%
SARS-CoV-2 variant,GISAID,Austria,2023-W15,SARS-CoV-2,2-week count of sequences,total,1708,≤1%
SARS-CoV-2 variant,GISAID,Austria,2023-W14,SARS-CoV-2,2-week count of sequences,total,2071,≤1%
SARS-CoV-2 variant,GISAID,Austria,2023-W13,SARS-CoV-2,2-week count of sequences,total,3991,≤1%
SARS-CoV-2 variant,GISAID,Austria,2023-W12,SARS-CoV-2,2-week count of sequences,total,6376,≤1%
SARS-CoV-2 variant,GISAID,Austria,2023-W11,SARS-CoV-2,2-week count of sequences,total,8031,≤1%
SARS-CoV-2 variant,GISAID,Austria,2023-W10,SARS-CoV-2,2-week count of sequences,total,9698,≤1%
SARS-CoV-2 variant,GISAID,Austria,2023-W09,SARS-CoV-2,2-week count of sequences,total,9849,≤1%
SARS-CoV-2 variant,GISAID,Austria,2023-W08,SARS-CoV-2,2-week count of sequences,total,9400,≤1%
SARS-CoV-2 variant,GISAID,Austria,2023-W07,SARS-CoV-2,2-week count of sequences,total,8845,≤1%
SARS-CoV-2 variant,GISAID,Austria,2023-W06,SARS-CoV-2,2-week count of sequences,total,8086,≤1%
SARS-CoV-2 variant,GISAID,Austria,2023-W05,SARS-CoV-2,2-week count of sequences,total,7415,≤1%
SARS-CoV-2 variant,GISAID,Austria,2023-W04,SARS-CoV-2,2-week count of sequences,total,6385,≤1%
SARS-CoV-2 variant,GISAID,Austria,2023-W03,SARS-CoV-2,2-week count of sequences,total,6576,≤1%
SARS-CoV-2 variant,GISAID,Austria,2023-W02,SARS-CoV-2,2-week count of sequences,total,7440,≤1%
SARS-CoV-2 variant,GISAID,Austria,2023-W01,SARS-CoV-2,2-week count of sequences,total,7774,≤1%
SARS-CoV-2 variant,GISAID,Austria,2022-W52,SARS-CoV-2,2-week count of sequences,total,7988,≤1%
SARS-CoV-2 variant,GISAID,Austria,2022-W51,SARS-CoV-2,2-week count of sequences,total,8647,≤1%
SARS-CoV-2 variant,GISAID,Austria,2022-W50,SARS-CoV-2,2-week count of sequences,total,9299,≤1%
SARS-CoV-2 variant,GISAID,Austria,2022-W49,SARS-CoV-2,2-week count of sequences,total,10085,≤1%
SARS-CoV-2 variant,GISAID,Austria,2022-W48,SARS-CoV-2,2-week count of sequences,total,10299,≤1%
SARS-CoV-2 variant,GISAID,Austria,2022-W47,SARS-CoV-2,2-week count of sequences,total,10160,≤1%
SARS-CoV-2 variant,GISAID,Austria,2022-W46,SARS-CoV-2,2-week count of sequences,total,10323,≤1%
SARS-CoV-2 variant,GISAID,Austria,2022-W45,SARS-CoV-2,2-week count of sequences,total,10036,≤1%
SARS-CoV-2 variant,GISAID,Austria,2022-W44,SARS-CoV-2,2-week count of sequences,total,10303,≤1%
SARS-CoV-2 variant,GISAID,Austria,2022-W43,SARS-CoV-2,2-week count of sequences,total,11201,≤1%
SARS-CoV-2 variant,GISAID,Austria,2022-W42,SARS-CoV-2,2-week count of sequences,total,11619,≤1%
SARS-CoV-2 variant,GISAID,Austria,2022-W41,SARS-CoV-2,2-week count of sequences,total,11530,≤1%
SARS-CoV-2 variant,GISAID,Austria,2022-W40,SARS-CoV-2,2-week count of sequences,total,11688,≤1%
SARS-CoV-2 variant,GISAID,Austria,2022-W39,SARS-CoV-2,2-week count of sequences,total,12314,≤1%
SARS-CoV-2 variant,GISAID,Austria,2022-W38,SARS-CoV-2,2-week count of sequences,total,11594,≤1%
SARS-CoV-2 variant,GISAID,Austria,2022-W37,SARS-CoV-2,2-week count of sequences,total,10585,≤1%
SARS-CoV-2 variant,GISAID,Austria,2022-W36,SARS-CoV-2,2-week count of sequences,total,11572,≤1%
SARS-CoV-2 variant,GISAID,Austria,2022-W35,SARS-CoV-2,2-week count of sequences,total,10732,≤1%
SARS-CoV-2 variant,GISAID,Austria,2022-W34,SARS-CoV-2,2-week count of sequences,total,10996,≤1%
SARS-CoV-2 variant,GISAID,Austria,2022-W33,SARS-CoV-2,2-week count of sequences,total,11937,≤1%
SARS-CoV-2 variant,GISAID,Austria,2022-W32,SARS-CoV-2,2-week count of sequences,total,11570,≤1%
SARS-CoV-2 variant,GISAID,Austria,2022-W31,SARS-CoV-2,2-week count of sequences,total,11954,≤1%
SARS-CoV-2 variant,GISAID,Austria,2022-W30,SARS-CoV-2,2-week count of sequences,total,11089,≤1%
SARS-CoV-2 variant,GISAID,Austria,2022-W29,SARS-CoV-2,2-week count of sequences,total,11481,≤1%
SARS-CoV-2 variant,GISAID,Austria,2022-W28,SARS-CoV-2,2-week count of sequences,total,11186,≤1%
SARS-CoV-2 variant,GISAID,Austria,2022-W27,SARS-CoV-2,2-week count of sequences,total,11253,≤1%
SARS-CoV-2 variant,GISAID,Austria,2022-W26,SARS-CoV-2,2-week count of sequences,total,12605,≤1%
SARS-CoV-2 variant,GISAID,Austria,2022-W25,SARS-CoV-2,2-week count of sequences,total,6299,≤1%
SARS-CoV-2 variant,GISAID,Belgium,2026-W36,SARS-CoV-2,2-week count of sequences,total,0,No data
SARS-CoV-2 variant,GISAID,Belgium,2026-W35,SARS-CoV-2,2-week count of sequences,total,0,No data
SARS-CoV-2 variant,GISAID,Belgium,2026-W34,SARS-CoV-2,2-week count of sequences,total,0,No data
SARS-CoV-2 variant,GISAID,Belgium,2026-W33,SARS-CoV-2,2-week count of sequences,total,3,>15%
SARS-CoV-2 variant,GISAID,Belgium,2026-W32,SARS-CoV-2,2-week count of sequences,total,3,>15%
SARS-CoV-2 variant,GISAID,Belgium,2026-W31,SARS-CoV-2,2-week count of sequences,total,1,>15%
SARS-CoV-2 variant,GISAID,Belgium,2026-W30,SARS-CoV-2,2-week count of sequences,total,1,>15%
SARS-CoV-2 variant,GISAID,Belgium,2026-W29,SARS-CoV-2,2-week count of sequences,total,0,No data
SARS-CoV-2 variant,GISAID,Belgium,2026-W28,SARS-CoV-2,2-week count of sequences,total,0,No data
SARS-CoV-2 variant,GISAID,Belgium,2026-W27,SARS-CoV-2,2-week count of sequences,total,0,No data
SARS-CoV-2 variant,GISAID,Belgium,2026-W26,SARS-CoV-2,2-week count of sequences,total,0,No data
SARS-CoV-2 variant,GISAID,Belgium,2026-W25,SARS-CoV-2,2-week count of sequences,total,0,No data
SARS-CoV-2 variant,GISAID,Belgium,2026-W24,SARS-CoV-2,2-week count of sequences,total,0,No data
SARS-CoV-2 variant,GISAID,Belgium,2026-W23,SARS-CoV-2,2-week count of sequences,total,0,No data
SARS-CoV-2 variant,GISAID,Belgium,2026-W22,SARS-CoV-2,2-week count of sequences,total,0,No data
SARS-CoV-2 variant,GISAID,Belgium,2026-W21,SARS-CoV-2,2-week count of sequences,total,0,No data
SARS-CoV-2 variant,GISAID,Belgium,2026-W20,SARS-CoV-2,2-week count of sequences,total,0,No data
SARS-CoV-2 variant,GISAID,Belgium,2026-W19,SARS-CoV-2,2-week count of sequences,total,0,No data
SARS-CoV-2 variant,GISAID,Belgium,2026-W18,SARS-CoV-2,2-week count of sequences,total,1,>15%
SARS-CoV-2 variant,GISAID,Belgium,2026-W17,SARS-CoV-2,2-week count of sequences,total,2,>15%
SARS-CoV-2 variant,GISAID,Belgium,2026-W16,SARS-CoV-2,2-week count of sequences,total,1,>15%
SARS-CoV-2 variant,GISAID,Belgium,2026-W15,SARS-CoV-2,2-week count of sequences,total,0,No data
SARS-CoV-2 variant,GISAID,Belgium,2026-W14,SARS-CoV-2,2-week count of sequences,total,0,No data
SARS-CoV-2 variant,GISAID,Belgium,2026-W13,SARS-CoV-2,2-week count of sequences,total,0,No data
SARS-CoV-2 variant,GISAID,Belgium,2026-W12,SARS-CoV-2,2-week count of sequences,total,0,No data
SARS-CoV-2 variant,GISAID,Belgium,2026-W11,SARS-CoV-2,2-week count of sequences,total,0,No data
SARS-CoV-2 variant,GISAID,Belgium,2026-W10,SARS-CoV-2,2-week count of sequences,total,1,>15%
SARS-CoV-2 variant,GISAID,Belgium,2026-W09,SARS-CoV-2,2-week count of sequences,total,2,>15%
SARS-CoV-2 variant,GISAID,Belgium,2026-W08,SARS-CoV-2,2-week count of sequences,total,2,>15%
SARS-CoV-2 variant,GISAID,Belgium,2026-W07,SARS-CoV-2,2-week count of sequences,total,1,>15%
SARS-CoV-2 variant,GISAID,Belgium,2026-W06,SARS-CoV-2,2-week count of sequences,total,0,No data
SARS-CoV-2 variant,GISAID,Belgium,2026-W05,SARS-CoV-2,2-week count of sequences,total,1,>15%
SARS-CoV-2 variant,GISAID,Belgium,2026-W04,SARS-CoV-2,2-week count of sequences,total,2,>15%
SARS-CoV-2 variant,GISAID,Belgium,2026-W03,SARS-CoV-2,2-week count of sequences,total,2,>15%
SARS-CoV-2 variant,GISAID,Belgium,2026-W02,SARS-CoV-2,2-week count of sequences,total,5,>15%
SARS-CoV-2 variant,GISAID,Belgium,2026-W01,SARS-CoV-2,2-week count of sequences,total,6,>15%
SARS-CoV-2 variant,GISAID,Belgium,2025-W52,SARS-CoV-2,2-week count of sequences,total,6,>15%
SARS-CoV-2 variant,GISAID,Belgium,2025-W51,SARS-CoV-2,2-week count of sequences,total,6,>15%
SARS-CoV-2 variant,GISAID,Belgium,2025-W50,SARS-CoV-2,2-week count of sequences,total,6,>15%
SARS-CoV-2 variant,GISAID,Belgium,2025-W49,SARS-CoV-2,2-week count of sequences,total,7,>15%
SARS-CoV-2 variant,GISAID,Belgium,2025-W48,SARS-CoV-2,2-week count of sequences,total,10,>15%
SARS-CoV-2 variant,GISAID,Belgium,2025-W47,SARS-CoV-2,2-week count of sequences,total,14,>15%
SARS-CoV-2 variant,GISAID,Belgium,2025-W46,SARS-CoV-2,2-week count of sequences,total,8,>15%
SARS-CoV-2 variant,GISAID,Belgium,2025-W45,SARS-CoV-2,2-week count of sequences,total,6,>15%
SARS-CoV-2 variant,GISAID,Belgium,2025-W44,SARS-CoV-2,2-week count of sequences,total,24,>15%
SARS-CoV-2 variant,GISAID,Belgium,2025-W43,SARS-CoV-2,2-week count of sequences,total,23,>15%
SARS-CoV-2 variant,GISAID,Belgium,2025-W42,SARS-CoV-2,2-week count of sequences,total,22,>15%
SARS-CoV-2 variant,GISAID,Belgium,2025-W41,SARS-CoV-2,2-week count of sequences,total,40,>10% to 15%
SARS-CoV-2 variant,GISAID,Belgium,2025-W40,SARS-CoV-2,2-week count of sequences,total,47,>10% to 15%
SARS-CoV-2 variant,GISAID,Belgium,2025-W39,SARS-CoV-2,2-week count of sequences,total,51,>10% to 15%
SARS-CoV-2 variant,GISAID,Belgium,2025-W38,SARS-CoV-2,2-week count of sequences,total,37,>10% to 15%
SARS-CoV-2 variant,GISAID,Belgium,2025-W37,SARS-CoV-2,2-week count of sequences,total,31,>15%
SARS-CoV-2 variant,GISAID,Belgium,2025-W36,SARS-CoV-2,2-week count of sequences,total,37,>10% to 15%
SARS-CoV-2 variant,GISAID,Belgium,2025-W35,SARS-CoV-2,2-week count of sequences,total,24,>15%
SARS-CoV-2 variant,GISAID,Belgium,2025-W34,SARS-CoV-2,2-week count of sequences,total,11,>15%
SARS-CoV-2 variant,GISAID,Belgium,2025-W33,SARS-CoV-2,2-week count of sequences,total,14,>15%
SARS-CoV-2 variant,GISAID,Belgium,2025-W32,SARS-CoV-2,2-week count of sequences,total,19,>15%
SARS-CoV-2 variant,GISAID,Belgium,2025-W31,SARS-CoV-2,2-week count of sequences,total,13,>15%
SARS-CoV-2 variant,GISAID,Belgium,2025-W30,SARS-CoV-2,2-week count of sequences,total,7,>15%
SARS-CoV-2 variant,GISAID,Belgium,2025-W29,SARS-CoV-2,2-week count of sequences,total,6,>15%
SARS-CoV-2 variant,GISAID,Belgium,2025-W28,SARS-CoV-2,2-week count of sequences,total,8,>15%
SARS-CoV-2 variant,GISAID,Belgium,2025-W27,SARS-CoV-2,2-week count of sequences,total,9,>15%
SARS-CoV-2 variant,GISAID,Belgium,2025-W26,SARS-CoV-2,2-week count of sequences,total,9,>15%
SARS-CoV-2 variant,GISAID,Belgium,2025-W25,SARS-CoV-2,2-week count of sequences,total,9,>15%
SARS-CoV-2 variant,GISAID,Belgium,2025-W24,SARS-CoV-2,2-week count of sequences,total,7,>15%
SARS-CoV-2 variant,GISAID,Belgium,2025-W23,SARS-CoV-2,2-week count of sequences,total,8,>15%
SARS-CoV-2 variant,GISAID,Belgium,2025-W22,SARS-CoV-2,2-week count of sequences,total,14,>15%
SARS-CoV-2 variant,GISAID,Belgium,2025-W21,SARS-CoV-2,2-week count of sequences,total,14,>15%
SARS-CoV-2 variant,GISAID,Belgium,2025-W20,SARS-CoV-2,2-week count of sequences,total,8,>15%
SARS-CoV-2 variant,GISAID,Belgium,2025-W19,SARS-CoV-2,2-week count of sequences,total,9,>15%
SARS-CoV-2 variant,GISAID,Belgium,2025-W18,SARS-CoV-2,2-week count of sequences,total,9,>15%
SARS-CoV-2 variant,GISAID,Belgium,2025-W17,SARS-CoV-2,2-week count of sequences,total,9,>15%
SARS-CoV-2 variant,GISAID,Belgium,2025-W16,SARS-CoV-2,2-week count of sequences,total,14,>15%
SARS-CoV-2 variant,GISAID,Belgium,2025-W15,SARS-CoV-2,2-week count of sequences,total,12,>15%
SARS-CoV-2 variant,GISAID,Belgium,2025-W14,SARS-CoV-2,2-week count of sequences,total,11,>15%
SARS-CoV-2 variant,GISAID,Belgium,2025-W13,SARS-CoV-2,2-week count of sequences,total,9,>15%
SARS-CoV-2 variant,GISAID,Belgium,2025-W12,SARS-CoV-2,2-week count of sequences,total,5,>15%
SARS-CoV-2 variant,GISAID,Belgium,2025-W11,SARS-CoV-2,2-week count of sequences,total,7,>15%
SARS-CoV-2 variant,GISAID,Belgium,2025-W10,SARS-CoV-2,2-week count of sequences,total,8,>15%
SARS-CoV-2 variant,GISAID,Belgium,2025-W09,SARS-CoV-2,2-week count of sequences,total,8,>15%
SARS-CoV-2 variant,GISAID,Belgium,2025-W08,SARS-CoV-2,2-week count of sequences,total,6,>15%
SARS-CoV-2 variant,GISAID,Belgium,2025-W07,SARS-CoV-2,2-week count of sequences,total,4,>15%
SARS-CoV-2 variant,GISAID,Belgium,2025-W06,SARS-CoV-2,2-week count of sequences,total,3,>15%
SARS-CoV-2 variant,GISAID,Belgium,2025-W05,SARS-CoV-2,2-week count of sequences,total,2,>15%
SARS-CoV-2 variant,GISAID,Belgium,2025-W04,SARS-CoV-2,2-week count of sequences,total,2,>15%
SARS-CoV-2 variant,GISAID,Belgium,2025-W03,SARS-CoV-2,2-week count of sequences,total,2,>15%
SARS-CoV-2 variant,GISAID,Belgium,2025-W02,SARS-CoV-2,2-week count of sequences,total,1,>15%
SARS-CoV-2 variant,GISAID,Belgium,2025-W01,SARS-CoV-2,2-week count of sequences,total,3,>15%
SARS-CoV-2 variant,GISAID,Belgium,2024-W52,SARS-CoV-2,2-week count of sequences,total,4,>15%
SARS-CoV-2 variant,GISAID,Belgium,2024-W51,SARS-CoV-2,2-week count of sequences,total,1,>15%
SARS-CoV-2 variant,GISAID,Belgium,2024-W50,SARS-CoV-2,2-week count of sequences,total,0,No data
SARS-CoV-2 variant,GISAID,Belgium,2024-W49,SARS-CoV-2,2-week count of sequences,total,0,No data
SARS-CoV-2 variant,GISAID,Belgium,2024-W48,SARS-CoV-2,2-week count of sequences,total,2,>15%
SARS-CoV-2 variant,GISAID,Belgium,2024-W47,SARS-CoV-2,2-week count of sequences,total,4,>15%
SARS-CoV-2 variant,GISAID,Belgium,2024-W46,SARS-CoV-2,2-week count of sequences,total,7,>15%
SARS-CoV-2 variant,GISAID,Belgium,2024-W45,SARS-CoV-2,2-week count of sequences,total,5,>15%
SARS-CoV-2 variant,GISAID,Belgium,2024-W44,SARS-CoV-2,2-week count of sequences,total,0,No data
SARS-CoV-2 variant,GISAID,Belgium,2024-W43,SARS-CoV-2,2-week count of sequences,total,6,>15%
SARS-CoV-2 variant,GISAID,Belgium,2024-W42,SARS-CoV-2,2-week count of sequences,total,23,>15%
SARS-CoV-2 variant,GISAID,Belgium,2024-W41,SARS-CoV-2,2-week count of sequences,total,41,>10% to 15%
SARS-CoV-2 variant,GISAID,Belgium,2024-W40,SARS-CoV-2,2-week count of sequences,total,44,>10% to 15%
SARS-CoV-2 variant,GISAID,Belgium,2024-W39,SARS-CoV-2,2-week count of sequences,total,54,>10% to 15%
SARS-CoV-2 variant,GISAID,Belgium,2024-W38,SARS-CoV-2,2-week count of sequences,total,43,>10% to 15%
SARS-CoV-2 variant,GISAID,Belgium,2024-W37,SARS-CoV-2,2-week count of sequences,total,18,>15%
SARS-CoV-2 variant,GISAID,Belgium,2024-W36,SARS-CoV-2,2-week count of sequences,total,33,>15%
SARS-CoV-2 variant,GISAID,Belgium,2024-W35,SARS-CoV-2,2-week count of sequences,total,40,>10% to 15%
SARS-CoV-2 variant,GISAID,Belgium,2024-W34,SARS-CoV-2,2-week count of sequences,total,32,>15%
SARS-CoV-2 variant,GISAID,Belgium,2024-W33,SARS-CoV-2,2-week count of sequences,total,47,>10% to 15%
SARS-CoV-2 variant,GISAID,Belgium,2024-W32,SARS-CoV-2,2-week count of sequences,total,56,>10% to 15%
SARS-CoV-2 variant,GISAID,Belgium,2024-W31,SARS-CoV-2,2-week count of sequences,total,52,>10% to 15%
SARS-CoV-2 variant,GISAID,Belgium,2024-W30,SARS-CoV-2,2-week count of sequences,total,81,>5% to 10%
SARS-CoV-2 variant,GISAID,Belgium,2024-W29,SARS-CoV-2,2-week count of sequences,total,90,>5% to 10%
SARS-CoV-2 variant,GISAID,Belgium,2024-W28,SARS-CoV-2,2-week count of sequences,total,66,>5% to 10%
SARS-CoV-2 variant,GISAID,Belgium,2024-W27,SARS-CoV-2,2-week count of sequences,total,61,>5% to 10%
SARS-CoV-2 variant,GISAID,Belgium,2024-W26,SARS-CoV-2,2-week count of sequences,total,60,>5% to 10%
SARS-CoV-2 variant,GISAID,Belgium,2024-W25,SARS-CoV-2,2-week count of sequences,total,55,>10% to 15%
SARS-CoV-2 variant,GISAID,Belgium,2024-W24,SARS-CoV-2,2-week count of sequences,total,37,>10% to 15%
SARS-CoV-2 variant,GISAID,Belgium,2024-W23,SARS-CoV-2,2-week count of sequences,total,25,>15%
SARS-CoV-2 variant,GISAID,Belgium,2024-W22,SARS-CoV-2,2-week count of sequences,total,21,>15%
SARS-CoV-2 variant,GISAID,Belgium,2024-W21,SARS-CoV-2,2-week count of sequences,total,16,>15%
SARS-CoV-2 variant,GISAID,Belgium,2024-W20,SARS-CoV-2,2-week count of sequences,total,10,>15%
SARS-CoV-2 variant,GISAID,Belgium,2024-W19,SARS-CoV-2,2-week count of sequences,total,7,>15%
SARS-CoV-2 variant,GISAID,Belgium,2024-W18,SARS-CoV-2,2-week count of sequences,total,8,>15%
SARS-CoV-2 variant,GISAID,Belgium,2024-W17,SARS-CoV-2,2-week count of sequences,total,8,>15%
SARS-CoV-2 variant,GISAID,Belgium,2024-W16,SARS-CoV-2,2-week count of sequences,total,12,>15%
SARS-CoV-2 variant,GISAID,Belgium,2024-W15,SARS-CoV-2,2-week count of sequences,total,8,>15%
SARS-CoV-2 variant,GISAID,Belgium,2024-W14,SARS-CoV-2,2-week count of sequences,total,6,>15%
SARS-CoV-2 variant,GISAID,Belgium,2024-W13,SARS-CoV-2,2-week count of sequences,total,7,>15%
SARS-CoV-2 variant,GISAID,Belgium,2024-W12,SARS-CoV-2,2-week count of sequences,total,9,>15%
SARS-CoV-2 variant,GISAID,Belgium,2024-W11,SARS-CoV-2,2-week count of sequences,total,11,>15%
SARS-CoV-2 variant,GISAID,Belgium,2024-W10,SARS-CoV-2,2-week count of sequences,total,14,>15%
SARS-CoV-2 variant,GISAID,Belgium,2024-W09,SARS-CoV-2,2-week count of sequences,total,15,>15%
SARS-CoV-2 variant,GISAID,Belgium,2024-W08,SARS-CoV-2,2-week count of sequences,total,25,>15%
SARS-CoV-2 variant,GISAID,Belgium,2024-W07,SARS-CoV-2,2-week count of sequences,total,53,>10% to 15%
SARS-CoV-2 variant,GISAID,Belgium,2024-W06,SARS-CoV-2,2-week count of sequences,total,74,>5% to 10%
SARS-CoV-2 variant,GISAID,Belgium,2024-W05,SARS-CoV-2,2-week count of sequences,total,56,>10% to 15%
SARS-CoV-2 variant,GISAID,Belgium,2024-W04,SARS-CoV-2,2-week count of sequences,total,36,>15%
SARS-CoV-2 variant,GISAID,Belgium,2024-W03,SARS-CoV-2,2-week count of sequences,total,33,>15%
SARS-CoV-2 variant,GISAID,Belgium,2024-W02,SARS-CoV-2,2-week count of sequences,total,41,>10% to 15%
SARS-CoV-2 variant,GISAID,Belgium,2024-W01,SARS-CoV-2,2-week count of sequences,total,163,>2.5% to 5%
SARS-CoV-2 variant,GISAID,Belgium,2023-W52,SARS-CoV-2,2-week count of sequences,total,286,>1% to 2.5%
SARS-CoV-2 variant,GISAID,Belgium,2023-W51,SARS-CoV-2,2-week count of sequences,total,514,>1% to 2.5%
SARS-CoV-2 variant,GISAID,Belgium,2023-W50,SARS-CoV-2,2-week count of sequences,total,711,≤1%
SARS-CoV-2 variant,GISAID,Belgium,2023-W49,SARS-CoV-2,2-week count of sequences,total,576,>1% to 2.5%
SARS-CoV-2 variant,GISAID,Belgium,2023-W48,SARS-CoV-2,2-week count of sequences,total,518,>1% to 2.5%
SARS-CoV-2 variant,GISAID,Belgium,2023-W47,SARS-CoV-2,2-week count of sequences,total,445,>1% to 2.5%
SARS-CoV-2 variant,GISAID,Belgium,2023-W46,SARS-CoV-2,2-week count of sequences,total,326,>1% to 2.5%
SARS-CoV-2 variant,GISAID,Belgium,2023-W45,SARS-CoV-2,2-week count of sequences,total,524,>1% to 2.5%
SARS-CoV-2 variant,GISAID,Belgium,2023-W44,SARS-CoV-2,2-week count of sequences,total,548,>1% to 2.5%
SARS-CoV-2 variant,GISAID,Belgium,2023-W43,SARS-CoV-2,2-week count of sequences,total,399,>1% to 2.5%
SARS-CoV-2 variant,GISAID,Belgium,2023-W42,SARS-CoV-2,2-week count of sequences,total,539,>1% to 2.5%
SARS-CoV-2 variant,GISAID,Belgium,2023-W41,SARS-CoV-2,2-week count of sequences,total,602,>1% to 2.5%
SARS-CoV-2 variant,GISAID,Belgium,2023-W40,SARS-CoV-2,2-week count of sequences,total,535,>1% to 2.5%
SARS-CoV-2 variant,GISAID,Belgium,2023-W39,SARS-CoV-2,2-week count of sequences,total,526,>1% to 2.5%
SARS-CoV-2 variant,GISAID,Belgium,2023-W38,SARS-CoV-2,2-week count of sequences,total,478,>1% to 2.5%
SARS-CoV-2 variant,GISAID,Belgium,2023-W37,SARS-CoV-2,2-week count of sequences,total,490,>1% to 2.5%
SARS-CoV-2 variant,GISAID,Belgium,2023-W36,SARS-CoV-2,2-week count of sequences,total,417,>1% to 2.5%
SARS-CoV-2 variant,GISAID,Belgium,2023-W35,SARS-CoV-2,2-week count of sequences,total,347,>1% to 2.5%
SARS-CoV-2 variant,GISAID,Belgium,2023-W34,SARS-CoV-2,2-week count of sequences,total,308,>1% to 2.5%
SARS-CoV-2 variant,GISAID,Belgium,2023-W33,SARS-CoV-2,2-week count of sequences,total,205,>2.5% to 5%
SARS-CoV-2 variant,GISAID,Belgium,2023-W32,SARS-CoV-2,2-week count of sequences,total,173,>2.5% to 5%
SARS-CoV-2 variant,GISAID,Belgium,2023-W31,SARS-CoV-2,2-week count of sequences,total,104,>5% to 10%
SARS-CoV-2 variant,GISAID,Belgium,2023-W30,SARS-CoV-2,2-week count of sequences,total,44,>10% to 15%
SARS-CoV-2 variant,GISAID,Belgium,2023-W29,SARS-CoV-2,2-week count of sequences,total,33,>15%
SARS-CoV-2 variant,GISAID,Belgium,2023-W28,SARS-CoV-2,2-week count of sequences,total,27,>15%
SARS-CoV-2 variant,GISAID,Belgium,2023-W27,SARS-CoV-2,2-week count of sequences,total,31,>15%
SARS-CoV-2 variant,GISAID,Belgium,2023-W26,SARS-CoV-2,2-week count of sequences,total,47,>10% to 15%
SARS-CoV-2 variant,GISAID,Belgium,2023-W25,SARS-CoV-2,2-week count of sequences,total,63,>5% to 10%
SARS-CoV-2 variant,GISAID,Belgium,2023-W24,SARS-CoV-2,2-week count of sequences,total,104,>5% to 10%
SARS-CoV-2 variant,GISAID,Belgium,2023-W23,SARS-CoV-2,2-week count of sequences,total,114,>5% to 10%
SARS-CoV-2 variant,GISAID,Belgium,2023-W22,SARS-CoV-2,2-week count of sequences,total,124,>2.5% to 5%
SARS-CoV-2 variant,GISAID,Belgium,2023-W21,SARS-CoV-2,2-week count of sequences,total,163,>2.5% to 5%
SARS-CoV-2 variant,GISAID,Belgium,2023-W20,SARS-CoV-2,2-week count of sequences,total,234,>2.5% to 5%
SARS-CoV-2 variant,GISAID,Belgium,2023-W19,SARS-CoV-2,2-week count of sequences,total,301,>1% to 2.5%
SARS-CoV-2 variant,GISAID,Belgium,2023-W18,SARS-CoV-2,2-week count of sequences,total,345,>1% to 2.5%
SARS-CoV-2 variant,GISAID,Belgium,2023-W17,SARS-CoV-2,2-week count of sequences,total,377,>1% to 2.5%
SARS-CoV-2 variant,GISAID,Belgium,2023-W16,SARS-CoV-2,2-week count of sequences,total,445,>1% to 2.5%
SARS-CoV-2 variant,GISAID,Belgium,2023-W15,SARS-CoV-2,2-week count of sequences,total,575,>1% to 2.5%
SARS-CoV-2 variant,GISAID,Belgium,2023-W14,SARS-CoV-2,2-week count of sequences,total,678,≤1%
SARS-CoV-2 variant,GISAID,Belgium,2023-W13,SARS-CoV-2,2-week count of sequences,total,766,≤1%
SARS-CoV-2 variant,GISAID,Belgium,2023-W12,SARS-CoV-2,2-week count of sequences,total,819,≤1%
SARS-CoV-2 variant,GISAID,Belgium,2023-W11,SARS-CoV-2,2-week count of sequences,total,954,≤1%
SARS-CoV-2 variant,GISAID,Belgium,2023-W10,SARS-CoV-2,2-week count of sequences,total,1070,≤1%
SARS-CoV-2 variant,GISAID,Belgium,2023-W09,SARS-CoV-2,2-week count of sequences,total,1078,≤1%
SARS-CoV-2 variant,GISAID,Belgium,2023-W08,SARS-CoV-2,2-week count of sequences,total,930,≤1%
SARS-CoV-2 variant,GISAID,Belgium,2023-W07,SARS-CoV-2,2-week count of sequences,total,821,≤1%
SARS-CoV-2 variant,GISAID,Belgium,2023-W06,SARS-CoV-2,2-week count of sequences,total,758,≤1%
SARS-CoV-2 variant,GISAID,Belgium,2023-W05,SARS-CoV-2,2-week count of sequences,total,534,>1% to 2.5%
SARS-CoV-2 variant,GISAID,Belgium,2023-W04,SARS-CoV-2,2-week count of sequences,total,457,>1% to 2.5%
SARS-CoV-2 variant,GISAID,Belgium,2023-W03,SARS-CoV-2,2-week count of sequences,total,521,>1% to 2.5%
SARS-CoV-2 variant,GISAID,Belgium,2023-W02,SARS-CoV-2,2-week count of sequences,total,661,≤1%
SARS-CoV-2 variant,GISAID,Belgium,2023-W01,SARS-CoV-2,2-week count of sequences,total,705,≤1%
SARS-CoV-2 variant,GISAID,Belgium,2022-W52,SARS-CoV-2,2-week count of sequences,total,764,≤1%
SARS-CoV-2 variant,GISAID,Belgium,2022-W51,SARS-CoV-2,2-week count of sequences,total,922,≤1%
SARS-CoV-2 variant,GISAID,Belgium,2022-W50,SARS-CoV-2,2-week count of sequences,total,956,≤1%
SARS-CoV-2 variant,GISAID,Belgium,2022-W49,SARS-CoV-2,2-week count of sequences,total,863,≤1%
SARS-CoV-2 variant,GISAID,Belgium,2022-W48,SARS-CoV-2,2-week count of sequences,total,783,≤1%
SARS-CoV-2 variant,GISAID,Belgium,2022-W47,SARS-CoV-2,2-week count of sequences,total,732,≤1%
SARS-CoV-2 variant,GISAID,Belgium,2022-W46,SARS-CoV-2,2-week count of sequences,total,638,≤1%
SARS-CoV-2 variant,GISAID,Belgium,2022-W45,SARS-CoV-2,2-week count of sequences,total,614,≤1%
SARS-CoV-2 variant,GISAID,Belgium,2022-W44,SARS-CoV-2,2-week count of sequences,total,843,≤1%
SARS-CoV-2 variant,GISAID,Belgium,2022-W43,SARS-CoV-2,2-week count of sequences,total,1304,≤1%
SARS-CoV-2 variant,GISAID,Belgium,2022-W42,SARS-CoV-2,2-week count of sequences,total,1805,≤1%
SARS-CoV-2 variant,GISAID,Belgium,2022-W41,SARS-CoV-2,2-week count of sequences,total,2297,≤1%
SARS-CoV-2 variant,GISAID,Belgium,2022-W40,SARS-CoV-2,2-week count of sequences,total,2427,≤1%
SARS-CoV-2 variant,GISAID,Belgium,2022-W39,SARS-CoV-2,2-week count of sequences,total,2114,≤1%
SARS-CoV-2 variant,GISAID,Belgium,2022-W38,SARS-CoV-2,2-week count of sequences,total,1851,≤1%
SARS-CoV-2 variant,GISAID,Belgium,2022-W37,SARS-CoV-2,2-week count of sequences,total,1752,≤1%
SARS-CoV-2 variant,GISAID,Belgium,2022-W36,SARS-CoV-2,2-week count of sequences,total,1669,≤1%
SARS-CoV-2 variant,GISAID,Belgium,2022-W35,SARS-CoV-2,2-week count of sequences,total,1592,≤1%
SARS-CoV-2 variant,GISAID,Belgium,2022-W34,SARS-CoV-2,2-week count of sequences,total,1684,≤1%
SARS-CoV-2 variant,GISAID,Belgium,2022-W33,SARS-CoV-2,2-week count of sequences,total,1947,≤1%
SARS-CoV-2 variant,GISAID,Belgium,2022-W32,SARS-CoV-2,2-week count of sequences,total,2152,≤1%
SARS-CoV-2 variant,GISAID,Belgium,2022-W31,SARS-CoV-2,2-week count of sequences,total,2615,≤1%
SARS-CoV-2 variant,GISAID,Belgium,2022-W30,SARS-CoV-2,2-week count of sequences,total,2926,≤1%
SARS-CoV-2 variant,GISAID,Belgium,2022-W29,SARS-CoV-2,2-week count of sequences,total,3339,≤1%
SARS-CoV-2 variant,GISAID,Belgium,2022-W28,SARS-CoV-2,2-week count of sequences,total,3853,≤1%
SARS-CoV-2 variant,GISAID,Belgium,2022-W27,SARS-CoV-2,2-week count of sequences,total,3728,≤1%
SARS-CoV-2 variant,GISAID,Belgium,2022-W26,SARS-CoV-2,2-week count of sequences,total,4052,≤1%
SARS-CoV-2 variant,GISAID,Belgium,2022-W25,SARS-CoV-2,2-week count of sequences,total,2263,≤1%
SARS-CoV-2 variant,GISAID,Bulgaria,2026-W36,SARS-CoV-2,2-week count of sequences,total,0,No data
SARS-CoV-2 variant,GISAID,Bulgaria,2026-W35,SARS-CoV-2,2-week count of sequences,total,0,No data
SARS-CoV-2 variant,GISAID,Bulgaria,2026-W34,SARS-CoV-2,2-week count of sequences,total,0,No data
SARS-CoV-2 variant,GISAID,Bulgaria,2026-W33,SARS-CoV-2,2-week count of sequences,total,0,No data
SARS-CoV-2 variant,GISAID,Bulgaria,2026-W32,SARS-CoV-2,2-week count of sequences,total,0,No data
SARS-CoV-2 variant,GISAID,Bulgaria,2026-W31,SARS-CoV-2,2-week count of sequences,total,0,No data
SARS-CoV-2 variant,GISAID,Bulgaria,2026-W30,SARS-CoV-2,2-week count of sequences,total,0,No data
SARS-CoV-2 variant,GISAID,Bulgaria,2026-W29,SARS-CoV-2,2-week count of sequences,total,0,No data
SARS-CoV-2 variant,GISAID,Bulgaria,2026-W28,SARS-CoV-2,2-week count of sequences,total,0,No data
SARS-CoV-2 variant,GISAID,Bulgaria,2026-W27,SARS-CoV-2,2-week count of sequences,total,0,No data
SARS-CoV-2 variant,GISAID,Bulgaria,2026-W26,SARS-CoV-2,2-week count of sequences,total,0,No data
SARS-CoV-2 variant,GISAID,Bulgaria,2026-W25,SARS-CoV-2,2-week count of sequences,total,0,No data
SARS-CoV-2 variant,GISAID,Bulgaria,2026-W24,SARS-CoV-2,2-week count of sequences,total,0,No data
SARS-CoV-2 variant,GISAID,Bulgaria,2026-W23,SARS-CoV-2,2-week count of sequences,total,0,No data
SARS-CoV-2 variant,GISAID,Bulgaria,2026-W22,SARS-CoV-2,2-week count of sequences,total,0,No data
SARS-CoV-2 variant,GISAID,Bulgaria,2026-W21,SARS-CoV-2,2-week count of sequences,total,0,No data
SARS-CoV-2 variant,GISAID,Bulgaria,2026-W20,SARS-CoV-2,2-week count of sequences,total,0,No data
SARS-CoV-2 variant,GISAID,Bulgaria,2026-W19,SARS-CoV-2,2-week count of sequences,total,0,No data
SARS-CoV-2 variant,GISAID,Bulgaria,2026-W18,SARS-CoV-2,2-week count of sequences,total,0,No data
SARS-CoV-2 variant,GISAID,Bulgaria,2026-W17,SARS-CoV-2,2-week count of sequences,total,0,No data
SARS-CoV-2 variant,GISAID,Bulgaria,2026-W16,SARS-CoV-2,2-week count of sequences,total,0,No data
SARS-CoV-2 variant,GISAID,Bulgaria,2026-W15,SARS-CoV-2,2-week count of sequences,total,0,No data
SARS-CoV-2 variant,GISAID,Bulgaria,2026-W14,SARS-CoV-2,2-week count of sequences,total,0,No data
SARS-CoV-2 variant,GISAID,Bulgaria,2026-W13,SARS-CoV-2,2-week count of sequences,total,0,No data
SARS-CoV-2 variant,GISAID,Bulgaria,2026-W12,SARS-CoV-2,2-week count of sequences,total,0,No data
SARS-CoV-2 variant,GISAID,Bulgaria,2026-W11,SARS-CoV-2,2-week count of sequences,total,0,No data
SARS-CoV-2 variant,GISAID,Bulgaria,2026-W10,SARS-CoV-2,2-week count of sequences,total,0,No data
SARS-CoV-2 variant,GISAID,Bulgaria,2026-W09,SARS-CoV-2,2-week count of sequences,total,0,No data
SARS-CoV-2 variant,GISAID,Bulgaria,2026-W08,SARS-CoV-2,2-week count of sequences,total,0,No data
SARS-CoV-2 variant,GISAID,Bulgaria,2026-W07,SARS-CoV-2,2-week count of sequences,total,0,No data
SARS-CoV-2 variant,GISAID,Bulgaria,2026-W06,SARS-CoV-2,2-week count of sequences,total,0,No data
SARS-CoV-2 variant,GISAID,Bulgaria,2026-W05,SARS-CoV-2,2-week count of sequences,total,0,No data
SARS-CoV-2 variant,GISAID,Bulgaria,2026-W04,SARS-CoV-2,2-week count of sequences,total,0,No data
SARS-CoV-2 variant,GISAID,Bulgaria,2026-W03,SARS-CoV-2,2-week count of sequences,total,0,No data
SARS-CoV-2 variant,GISAID,Bulgaria,2026-W02,SARS-CoV-2,2-week count of sequences,total,0,No data
SARS-CoV-2 variant,GISAID,Bulgaria,2026-W01,SARS-CoV-2,2-week count of sequences,total,0,No data
SARS-CoV-2 variant,GISAID,Bulgaria,2025-W52,SARS-CoV-2,2-week count of sequences,total,0,No data
SARS-CoV-2 variant,GISAID,Bulgaria,2025-W51,SARS-CoV-2,2-week count of sequences,total,0,No data
SARS-CoV-2 variant,GISAID,Bulgaria,2025-W50,SARS-CoV-2,2-week count of sequences,total,0,No data
SARS-CoV-2 variant,GISAID,Bulgaria,2025-W49,SARS-CoV-2,2-week count of sequences,total,0,No data
SARS-CoV-2 variant,GISAID,Bulgaria,2025-W48,SARS-CoV-2,2-week count of sequences,total,0,No data
SARS-CoV-2 variant,GISAID,Bulgaria,2025-W47,SARS-CoV-2,2-week count of sequences,total,0,No data
SARS-CoV-2 variant,GISAID,Bulgaria,2025-W46,SARS-CoV-2,2-week count of sequences,total,0,No data
SARS-CoV-2 variant,GISAID,Bulgaria,2025-W45,SARS-CoV-2,2-week count of sequences,total,0,No data
SARS-CoV-2 variant,GISAID,Bulgaria,2025-W44,SARS-CoV-2,2-week count of sequences,total,0,No data
SARS-CoV-2 variant,GISAID,Bulgaria,2025-W43,SARS-CoV-2,2-week count of sequences,total,0,No data
SARS-CoV-2 variant,GISAID,Bulgaria,2025-W42,SARS-CoV-2,2-week count of sequences,total,0,No data
SARS-CoV-2 variant,GISAID,Bulgaria,2025-W41,SARS-CoV-2,2-week count of sequences,total,0,No data
SARS-CoV-2 variant,GISAID,Bulgaria,2025-W40,SARS-CoV-2,2-week count of sequences,total,0,No data
SARS-CoV-2 variant,GISAID,Bulgaria,2025-W39,SARS-CoV-2,2-week count of sequences,total,0,No data
SARS-CoV-2 variant,GISAID,Bulgaria,2025-W38,SARS-CoV-2,2-week count of sequences,total,0,No data
SARS-CoV-2 variant,GISAID,Bulgaria,2025-W37,SARS-CoV-2,2-week count of sequences,total,0,No data
SARS-CoV-2 variant,GISAID,Bulgaria,2025-W36,SARS-CoV-2,2-week count of sequences,total,0,No data
SARS-CoV-2 variant,GISAID,Bulgaria,2025-W35,SARS-CoV-2,2-week count of sequences,total,0,No data
SARS-CoV-2 variant,GISAID,Bulgaria,2025-W34,SARS-CoV-2,2-week count of sequences,total,0,No data
SARS-CoV-2 variant,GISAID,Bulgaria,2025-W33,SARS-CoV-2,2-week count of sequences,total,0,No data
SARS-CoV-2 variant,GISAID,Bulgaria,2025-W32,SARS-CoV-2,2-week count of sequences,total,0,No data
SARS-CoV-2 variant,GISAID,Bulgaria,2025-W31,SARS-CoV-2,2-week count of sequences,total,0,No data
SARS-CoV-2 variant,GISAID,Bulgaria,2025-W30,SARS-CoV-2,2-week count of sequences,total,0,No data
SARS-CoV-2 variant,GISAID,Bulgaria,2025-W29,SARS-CoV-2,2-week count of sequences,total,0,No data
SARS-CoV-2 variant,GISAID,Bulgaria,2025-W28,SARS-CoV-2,2-week count of sequences,total,0,No data
SARS-CoV-2 variant,GISAID,Bulgaria,2025-W27,SARS-CoV-2,2-week count of sequences,total,0,No data
SARS-CoV-2 variant,GISAID,Bulgaria,2025-W26,SARS-CoV-2,2-week count of sequences,total,0,No data
SARS-CoV-2 variant,GISAID,Bulgaria,2025-W25,SARS-CoV-2,2-week count of sequences,total,0,No data
SARS-CoV-2 variant,GISAID,Bulgaria,2025-W24,SARS-CoV-2,2-week count of sequences,total,0,No data
SARS-CoV-2 variant,GISAID,Bulgaria,2025-W23,SARS-CoV-2,2-week count of sequences,total,0,No data
SARS-CoV-2 variant,GISAID,Bulgaria,2025-W22,SARS-CoV-2,2-week count of sequences,total,0,No data
SARS-CoV-2 variant,GISAID,Bulgaria,2025-W21,SARS-CoV-2,2-week count of sequences,total,0,No data
SARS-CoV-2 variant,GISAID,Bulgaria,2025-W20,SARS-CoV-2,2-week count of sequences,total,0,No data
SARS-CoV-2 variant,GISAID,Bulgaria,2025-W19,SARS-CoV-2,2-week count of sequences,total,0,No data
SARS-CoV-2 variant,GISAID,Bulgaria,2025-W18,SARS-CoV-2,2-week count of sequences,total,0,No data
SARS-CoV-2 variant,GISAID,Bulgaria,2025-W17,SARS-CoV-2,2-week count of sequences,total,0,No data
SARS-CoV-2 variant,GISAID,Bulgaria,2025-W16,SARS-CoV-2,2-week count of sequences,total,0,No data
SARS-CoV-2 variant,GISAID,Bulgaria,2025-W15,SARS-CoV-2,2-week count of sequences,total,0,No data
SARS-CoV-2 variant,GISAID,Bulgaria,2025-W14,SARS-CoV-2,2-week count of sequences,total,0,No data
SARS-CoV-2 variant,GISAID,Bulgaria,2025-W13,SARS-CoV-2,2-week count of sequences,total,0,No data
SARS-CoV-2 variant,GISAID,Bulgaria,2025-W12,SARS-CoV-2,2-week count of sequences,total,0,No data
SARS-CoV-2 variant,GISAID,Bulgaria,2025-W11,SARS-CoV-2,2-week count of sequences,total,0,No data
SARS-CoV-2 variant,GISAID,Bulgaria,2025-W10,SARS-CoV-2,2-week count of sequences,total,0,No data
SARS-CoV-2 variant,GISAID,Bulgaria,2025-W09,SARS-CoV-2,2-week count of sequences,total,0,No data
SARS-CoV-2 variant,GISAID,Bulgaria,2025-W08,SARS-CoV-2,2-week count of sequences,total,0,No data
SARS-CoV-2 variant,GISAID,Bulgaria,2025-W07,SARS-CoV-2,2-week count of sequences,total,0,No data
SARS-CoV-2 variant,GISAID,Bulgaria,2025-W06,SARS-CoV-2,2-week count of sequences,total,0,No data
SARS-CoV-2 variant,GISAID,Bulgaria,2025-W05,SARS-CoV-2,2-week count of sequences,total,0,No data
SARS-CoV-2 variant,GISAID,Bulgaria,2025-W04,SARS-CoV-2,2-week count of sequences,total,0,No data
SARS-CoV-2 variant,GISAID,Bulgaria,2025-W03,SARS-CoV-2,2-week count of sequences,total,0,No data
SARS-CoV-2 variant,GISAID,Bulgaria,2025-W02,SARS-CoV-2,2-week count of sequences,total,0,No data
SARS-CoV-2 variant,GISAID,Bulgaria,2025-W01,SARS-CoV-2,2-week count of sequences,total,0,No data
SARS-CoV-2 variant,GISAID,Bulgaria,2024-W52,SARS-CoV-2,2-week count of sequences,total,0,No data
SARS-CoV-2 variant,GISAID,Bulgaria,2024-W51,SARS-CoV-2,2-week count of sequences,total,2,>15%
SARS-CoV-2 variant,GISAID,Bulgaria,2024-W50,SARS-CoV-2,2-week count of sequences,total,2,>15%
SARS-CoV-2 variant,GISAID,Bulgaria,2024-W49,SARS-CoV-2,2-week count of sequences,total,0,No data
SARS-CoV-2 variant,GISAID,Bulgaria,2024-W48,SARS-CoV-2,2-week count of sequences,total,0,No data
SARS-CoV-2 variant,GISAID,Bulgaria,2024-W47,SARS-CoV-2,2-week count of sequences,total,0,No data
SARS-CoV-2 variant,GISAID,Bulgaria,2024-W46,SARS-CoV-2,2-week count of sequences,total,1,>15%
SARS-CoV-2 variant,GISAID,Bulgaria,2024-W45,SARS-CoV-2,2-week count of sequences,total,1,>15%
SARS-CoV-2 variant,GISAID,Bulgaria,2024-W44,SARS-CoV-2,2-week count of sequences,total,0,No data
SARS-CoV-2 variant,GISAID,Bulgaria,2024-W43,SARS-CoV-2,2-week count of sequences,total,0,No data
SARS-CoV-2 variant,GISAID,Bulgaria,2024-W42,SARS-CoV-2,2-week count of sequences,total,1,>15%
SARS-CoV-2 variant,GISAID,Bulgaria,2024-W41,SARS-CoV-2,2-week count of sequences,total,4,>15%
SARS-CoV-2 variant,GISAID,Bulgaria,2024-W40,SARS-CoV-2,2-week count of sequences,total,15,>15%
SARS-CoV-2 variant,GISAID,Bulgaria,2024-W39,SARS-CoV-2,2-week count of sequences,total,22,>15%
SARS-CoV-2 variant,GISAID,Bulgaria,2024-W38,SARS-CoV-2,2-week count of sequences,total,22,>15%
SARS-CoV-2 variant,GISAID,Bulgaria,2024-W37,SARS-CoV-2,2-week count of sequences,total,25,>15%
SARS-CoV-2 variant,GISAID,Bulgaria,2024-W36,SARS-CoV-2,2-week count of sequences,total,38,>10% to 15%
SARS-CoV-2 variant,GISAID,Bulgaria,2024-W35,SARS-CoV-2,2-week count of sequences,total,49,>10% to 15%
SARS-CoV-2 variant,GISAID,Bulgaria,2024-W34,SARS-CoV-2,2-week count of sequences,total,42,>10% to 15%
SARS-CoV-2 variant,GISAID,Bulgaria,2024-W33,SARS-CoV-2,2-week count of sequences,total,38,>10% to 15%
SARS-CoV-2 variant,GISAID,Bulgaria,2024-W32,SARS-CoV-2,2-week count of sequences,total,27,>15%
SARS-CoV-2 variant,GISAID,Bulgaria,2024-W31,SARS-CoV-2,2-week count of sequences,total,13,>15%
SARS-CoV-2 variant,GISAID,Bulgaria,2024-W30,SARS-CoV-2,2-week count of sequences,total,8,>15%
SARS-CoV-2 variant,GISAID,Bulgaria,2024-W29,SARS-CoV-2,2-week count of sequences,total,2,>15%
SARS-CoV-2 variant,GISAID,Bulgaria,2024-W28,SARS-CoV-2,2-week count of sequences,total,1,>15%
SARS-CoV-2 variant,GISAID,Bulgaria,2024-W27,SARS-CoV-2,2-week count of sequences,total,1,>15%
SARS-CoV-2 variant,GISAID,Bulgaria,2024-W26,SARS-CoV-2,2-week count of sequences,total,0,No data
SARS-CoV-2 variant,GISAID,Bulgaria,2024-W25,SARS-CoV-2,2-week count of sequences,total,0,No data
SARS-CoV-2 variant,GISAID,Bulgaria,2024-W24,SARS-CoV-2,2-week count of sequences,total,0,No data
SARS-CoV-2 variant,GISAID,Bulgaria,2024-W23,SARS-CoV-2,2-week count of sequences,total,0,No data
SARS-CoV-2 variant,GISAID,Bulgaria,2024-W22,SARS-CoV-2,2-week count of sequences,total,0,No data
SARS-CoV-2 variant,GISAID,Bulgaria,2024-W21,SARS-CoV-2,2-week count of sequences,total,0,No data
SARS-CoV-2 variant,GISAID,Bulgaria,2024-W20,SARS-CoV-2,2-week count of sequences,total,1,>15%
SARS-CoV-2 variant,GISAID,Bulgaria,2024-W19,SARS-CoV-2,2-week count of sequences,total,1,>15%
SARS-CoV-2 variant,GISAID,Bulgaria,2024-W18,SARS-CoV-2,2-week count of sequences,total,0,No data
SARS-CoV-2 variant,GISAID,Bulgaria,2024-W17,SARS-CoV-2,2-week count of sequences,total,0,No data
SARS-CoV-2 variant,GISAID,Bulgaria,2024-W16,SARS-CoV-2,2-week count of sequences,total,0,No data
SARS-CoV-2 variant,GISAID,Bulgaria,2024-W15,SARS-CoV-2,2-week count of sequences,total,0,No data
SARS-CoV-2 variant,GISAID,Bulgaria,2024-W14,SARS-CoV-2,2-week count of sequences,total,0,No data
SARS-CoV-2 variant,GISAID,Bulgaria,2024-W13,SARS-CoV-2,2-week count of sequences,total,0,No data
SARS-CoV-2 variant,GISAID,Bulgaria,2024-W12,SARS-CoV-2,2-week count of sequences,total,0,No data
SARS-CoV-2 variant,GISAID,Bulgaria,2024-W11,SARS-CoV-2,2-week count of sequences,total,0,No data
SARS-CoV-2 variant,GISAID,Bulgaria,2024-W10,SARS-CoV-2,2-week count of sequences,total,0,No data
SARS-CoV-2 variant,GISAID,Bulgaria,2024-W09,SARS-CoV-2,2-week count of sequences,total,0,No data
SARS-CoV-2 variant,GISAID,Bulgaria,2024-W08,SARS-CoV-2,2-week count of sequences,total,0,No data
SARS-CoV-2 variant,GISAID,Bulgaria,2024-W07,SARS-CoV-2,2-week count of sequences,total,0,No data
SARS-CoV-2 variant,GISAID,Bulgaria,2024-W06,SARS-CoV-2,2-week count of sequences,total,0,No data
SARS-CoV-2 variant,GISAID,Bulgaria,2024-W05,SARS-CoV-2,2-week count of sequences,total,1,>15%
SARS-CoV-2 variant,GISAID,Bulgaria,2024-W04,SARS-CoV-2,2-week count of sequences,total,7,>15%
SARS-CoV-2 variant,GISAID,Bulgaria,2024-W03,SARS-CoV-2,2-week count of sequences,total,39,>10% to 15%
SARS-CoV-2 variant,GISAID,Bulgaria,2024-W02,SARS-CoV-2,2-week count of sequences,total,49,>10% to 15%
SARS-CoV-2 variant,GISAID,Bulgaria,2024-W01,SARS-CoV-2,2-week count of sequences,total,16,>15%
SARS-CoV-2 variant,GISAID,Bulgaria,2023-W52,SARS-CoV-2,2-week count of sequences,total,6,>15%
SARS-CoV-2 variant,GISAID,Bulgaria,2023-W51,SARS-CoV-2,2-week count of sequences,total,25,>15%
SARS-CoV-2 variant,GISAID,Bulgaria,2023-W50,SARS-CoV-2,2-week count of sequences,total,25,>15%
SARS-CoV-2 variant,GISAID,Bulgaria,2023-W49,SARS-CoV-2,2-week count of sequences,total,23,>15%
SARS-CoV-2 variant,GISAID,Bulgaria,2023-W48,SARS-CoV-2,2-week count of sequences,total,30,>15%
SARS-CoV-2 variant,GISAID,Bulgaria,2023-W47,SARS-CoV-2,2-week count of sequences,total,30,>15%
SARS-CoV-2 variant,GISAID,Bulgaria,2023-W46,SARS-CoV-2,2-week count of sequences,total,50,>10% to 15%
SARS-CoV-2 variant,GISAID,Bulgaria,2023-W45,SARS-CoV-2,2-week count of sequences,total,54,>10% to 15%
SARS-CoV-2 variant,GISAID,Bulgaria,2023-W44,SARS-CoV-2,2-week count of sequences,total,52,>10% to 15%
SARS-CoV-2 variant,GISAID,Bulgaria,2023-W43,SARS-CoV-2,2-week count of sequences,total,84,>5% to 10%
SARS-CoV-2 variant,GISAID,Bulgaria,2023-W42,SARS-CoV-2,2-week count of sequences,total,71,>5% to 10%
SARS-CoV-2 variant,GISAID,Bulgaria,2023-W41,SARS-CoV-2,2-week count of sequences,total,59,>5% to 10%
SARS-CoV-2 variant,GISAID,Bulgaria,2023-W40,SARS-CoV-2,2-week count of sequences,total,97,>5% to 10%
SARS-CoV-2 variant,GISAID,Bulgaria,2023-W39,SARS-CoV-2,2-week count of sequences,total,93,>5% to 10%
SARS-CoV-2 variant,GISAID,Bulgaria,2023-W38,SARS-CoV-2,2-week count of sequences,total,62,>5% to 10%
SARS-CoV-2 variant,GISAID,Bulgaria,2023-W37,SARS-CoV-2,2-week count of sequences,total,52,>10% to 15%
SARS-CoV-2 variant,GISAID,Bulgaria,2023-W36,SARS-CoV-2,2-week count of sequences,total,42,>10% to 15%
SARS-CoV-2 variant,GISAID,Bulgaria,2023-W35,SARS-CoV-2,2-week count of sequences,total,22,>15%
SARS-CoV-2 variant,GISAID,Bulgaria,2023-W34,SARS-CoV-2,2-week count of sequences,total,13,>15%
SARS-CoV-2 variant,GISAID,Bulgaria,2023-W33,SARS-CoV-2,2-week count of sequences,total,13,>15%
SARS-CoV-2 variant,GISAID,Bulgaria,2023-W32,SARS-CoV-2,2-week count of sequences,total,10,>15%
SARS-CoV-2 variant,GISAID,Bulgaria,2023-W31,SARS-CoV-2,2-week count of sequences,total,8,>15%
SARS-CoV-2 variant,GISAID,Bulgaria,2023-W30,SARS-CoV-2,2-week count of sequences,total,8,>15%
SARS-CoV-2 variant,GISAID,Bulgaria,2023-W29,SARS-CoV-2,2-week count of sequences,total,7,>15%
SARS-CoV-2 variant,GISAID,Bulgaria,2023-W28,SARS-CoV-2,2-week count of sequences,total,10,>15%
SARS-CoV-2 variant,GISAID,Bulgaria,2023-W27,SARS-CoV-2,2-week count of sequences,total,9,>15%
SARS-CoV-2 variant,GISAID,Bulgaria,2023-W26,SARS-CoV-2,2-week count of sequences,total,5,>15%
SARS-CoV-2 variant,GISAID,Bulgaria,2023-W25,SARS-CoV-2,2-week count of sequences,total,11,>15%
SARS-CoV-2 variant,GISAID,Bulgaria,2023-W24,SARS-CoV-2,2-week count of sequences,total,19,>15%
SARS-CoV-2 variant,GISAID,Bulgaria,2023-W23,SARS-CoV-2,2-week count of sequences,total,15,>15%
SARS-CoV-2 variant,GISAID,Bulgaria,2023-W22,SARS-CoV-2,2-week count of sequences,total,29,>15%
SARS-CoV-2 variant,GISAID,Bulgaria,2023-W21,SARS-CoV-2,2-week count of sequences,total,57,>5% to 10%
SARS-CoV-2 variant,GISAID,Bulgaria,2023-W20,SARS-CoV-2,2-week count of sequences,total,80,>5% to 10%
SARS-CoV-2 variant,GISAID,Bulgaria,2023-W19,SARS-CoV-2,2-week count of sequences,total,91,>5% to 10%
SARS-CoV-2 variant,GISAID,Bulgaria,2023-W18,SARS-CoV-2,2-week count of sequences,total,89,>5% to 10%
SARS-CoV-2 variant,GISAID,Bulgaria,2023-W17,SARS-CoV-2,2-week count of sequences,total,81,>5% to 10%
SARS-CoV-2 variant,GISAID,Bulgaria,2023-W16,SARS-CoV-2,2-week count of sequences,total,65,>5% to 10%
SARS-CoV-2 variant,GISAID,Bulgaria,2023-W15,SARS-CoV-2,2-week count of sequences,total,66,>5% to 10%
SARS-CoV-2 variant,GISAID,Bulgaria,2023-W14,SARS-CoV-2,2-week count of sequences,total,64,>5% to 10%
SARS-CoV-2 variant,GISAID,Bulgaria,2023-W13,SARS-CoV-2,2-week count of sequences,total,53,>10% to 15%
SARS-CoV-2 variant,GISAID,Bulgaria,2023-W12,SARS-CoV-2,2-week count of sequences,total,51,>10% to 15%
SARS-CoV-2 variant,GISAID,Bulgaria,2023-W11,SARS-CoV-2,2-week count of sequences,total,55,>10% to 15%
SARS-CoV-2 variant,GISAID,Bulgaria,2023-W10,SARS-CoV-2,2-week count of sequences,total,40,>10% to 15%
SARS-CoV-2 variant,GISAID,Bulgaria,2023-W09,SARS-CoV-2,2-week count of sequences,total,16,>15%
SARS-CoV-2 variant,GISAID,Bulgaria,2023-W08,SARS-CoV-2,2-week count of sequences,total,20,>15%
SARS-CoV-2 variant,GISAID,Bulgaria,2023-W07,SARS-CoV-2,2-week count of sequences,total,24,>15%
SARS-CoV-2 variant,GISAID,Bulgaria,2023-W06,SARS-CoV-2,2-week count of sequences,total,24,>15%
SARS-CoV-2 variant,GISAID,Bulgaria,2023-W05,SARS-CoV-2,2-week count of sequences,total,29,>15%
SARS-CoV-2 variant,GISAID,Bulgaria,2023-W04,SARS-CoV-2,2-week count of sequences,total,36,>15%
SARS-CoV-2 variant,GISAID,Bulgaria,2023-W03,SARS-CoV-2,2-week count of sequences,total,46,>10% to 15%
SARS-CoV-2 variant,GISAID,Bulgaria,2023-W02,SARS-CoV-2,2-week count of sequences,total,39,>10% to 15%
SARS-CoV-2 variant,GISAID,Bulgaria,2023-W01,SARS-CoV-2,2-week count of sequences,total,16,>15%
SARS-CoV-2 variant,GISAID,Bulgaria,2022-W52,SARS-CoV-2,2-week count of sequences,total,3,>15%
SARS-CoV-2 variant,GISAID,Bulgaria,2022-W51,SARS-CoV-2,2-week count of sequences,total,8,>15%
SARS-CoV-2 variant,GISAID,Bulgaria,2022-W50,SARS-CoV-2,2-week count of sequences,total,30,>15%
SARS-CoV-2 variant,GISAID,Bulgaria,2022-W49,SARS-CoV-2,2-week count of sequences,total,49,>10% to 15%
SARS-CoV-2 variant,GISAID,Bulgaria,2022-W48,SARS-CoV-2,2-week count of sequences,total,55,>10% to 15%
SARS-CoV-2 variant,GISAID,Bulgaria,2022-W47,SARS-CoV-2,2-week count of sequences,total,58,>5% to 10%
SARS-CoV-2 variant,GISAID,Bulgaria,2022-W46,SARS-CoV-2,2-week count of sequences,total,59,>5% to 10%
SARS-CoV-2 variant,GISAID,Bulgaria,2022-W45,SARS-CoV-2,2-week count of sequences,total,47,>10% to 15%
SARS-CoV-2 variant,GISAID,Bulgaria,2022-W44,SARS-CoV-2,2-week count of sequences,total,21,>15%
SARS-CoV-2 variant,GISAID,Bulgaria,2022-W43,SARS-CoV-2,2-week count of sequences,total,44,>10% to 15%
SARS-CoV-2 variant,GISAID,Bulgaria,2022-W42,SARS-CoV-2,2-week count of sequences,total,89,>5% to 10%
SARS-CoV-2 variant,GISAID,Bulgaria,2022-W41,SARS-CoV-2,2-week count of sequences,total,109,>5% to 10%
SARS-CoV-2 variant,GISAID,Bulgaria,2022-W40,SARS-CoV-2,2-week count of sequences,total,83,>5% to 10%
SARS-CoV-2 variant,GISAID,Bulgaria,2022-W39,SARS-CoV-2,2-week count of sequences,total,29,>15%
SARS-CoV-2 variant,GISAID,Bulgaria,2022-W38,SARS-CoV-2,2-week count of sequences,total,17,>15%
SARS-CoV-2 variant,GISAID,Bulgaria,2022-W37,SARS-CoV-2,2-week count of sequences,total,55,>10% to 15%
SARS-CoV-2 variant,GISAID,Bulgaria,2022-W36,SARS-CoV-2,2-week count of sequences,total,81,>5% to 10%
SARS-CoV-2 variant,GISAID,Bulgaria,2022-W35,SARS-CoV-2,2-week count of sequences,total,91,>5% to 10%
SARS-CoV-2 variant,GISAID,Bulgaria,2022-W34,SARS-CoV-2,2-week count of sequences,total,87,>5% to 10%
SARS-CoV-2 variant,GISAID,Bulgaria,2022-W33,SARS-CoV-2,2-week count of sequences,total,106,>5% to 10%
SARS-CoV-2 variant,GISAID,Bulgaria,2022-W32,SARS-CoV-2,2-week count of sequences,total,179,>2.5% to 5%
SARS-CoV-2 variant,GISAID,Bulgaria,2022-W31,SARS-CoV-2,2-week count of sequences,total,185,>2.5% to 5%
SARS-CoV-2 variant,GISAID,Bulgaria,2022-W30,SARS-CoV-2,2-week count of sequences,total,171,>2.5% to 5%
SARS-CoV-2 variant,GISAID,Bulgaria,2022-W29,SARS-CoV-2,2-week count of sequences,total,191,>2.5% to 5%
SARS-CoV-2 variant,GISAID,Bulgaria,2022-W28,SARS-CoV-2,2-week count of sequences,total,154,>2.5% to 5%
SARS-CoV-2 variant,GISAID,Bulgaria,2022-W27,SARS-CoV-2,2-week count of sequences,total,77,>5% to 10%
SARS-CoV-2 variant,GISAID,Bulgaria,2022-W26,SARS-CoV-2,2-week count of sequences,total,56,>10% to 15%
SARS-CoV-2 variant,GISAID,Bulgaria,2022-W25,SARS-CoV-2,2-week count of sequences,total,34,>15%
SARS-CoV-2 variant,GISAID,Croatia,2026-W36,SARS-CoV-2,2-week count of sequences,total,0,No data
SARS-CoV-2 variant,GISAID,Croatia,2026-W35,SARS-CoV-2,2-week count of sequences,total,1,>15%
SARS-CoV-2 variant,GISAID,Croatia,2026-W34,SARS-CoV-2,2-week count of sequences,total,1,>15%
SARS-CoV-2 variant,GISAID,Croatia,2026-W33,SARS-CoV-2,2-week count of sequences,total,0,No data
SARS-CoV-2 variant,GISAID,Croatia,2026-W32,SARS-CoV-2,2-week count of sequences,total,0,No data
SARS-CoV-2 variant,GISAID,Croatia,2026-W31,SARS-CoV-2,2-week count of sequences,total,0,No data
SARS-CoV-2 variant,GISAID,Croatia,2026-W30,SARS-CoV-2,2-week count of sequences,total,0,No data
SARS-CoV-2 variant,GISAID,Croatia,2026-W29,SARS-CoV-2,2-week count of sequences,total,0,No data
SARS-CoV-2 variant,GISAID,Croatia,2026-W28,SARS-CoV-2,2-week count of sequences,total,0,No data
SARS-CoV-2 variant,GISAID,Croatia,2026-W27,SARS-CoV-2,2-week count of sequences,total,1,>15%
SARS-CoV-2 variant,GISAID,Croatia,2026-W26,SARS-CoV-2,2-week count of sequences,total,1,>15%
SARS-CoV-2 variant,GISAID,Croatia,2026-W25,SARS-CoV-2,2-week count of sequences,total,1,>15%
SARS-CoV-2 variant,GISAID,Croatia,2026-W24,SARS-CoV-2,2-week count of sequences,total,1,>15%
SARS-CoV-2 variant,GISAID,Croatia,2026-W23,SARS-CoV-2,2-week count of sequences,total,2,>15%
SARS-CoV-2 variant,GISAID,Croatia,2026-W22,SARS-CoV-2,2-week count of sequences,total,2,>15%
SARS-CoV-2 variant,GISAID,Croatia,2026-W21,SARS-CoV-2,2-week count of sequences,total,1,>15%
SARS-CoV-2 variant,GISAID,Croatia,2026-W20,SARS-CoV-2,2-week count of sequences,total,2,>15%
SARS-CoV-2 variant,GISAID,Croatia,2026-W19,SARS-CoV-2,2-week count of sequences,total,2,>15%
SARS-CoV-2 variant,GISAID,Croatia,2026-W18,SARS-CoV-2,2-week count of sequences,total,1,>15%
SARS-CoV-2 variant,GISAID,Croatia,2026-W17,SARS-CoV-2,2-week count of sequences,total,0,No data
SARS-CoV-2 variant,GISAID,Croatia,2026-W16,SARS-CoV-2,2-week count of sequences,total,1,>15%
SARS-CoV-2 variant,GISAID,Croatia,2026-W15,SARS-CoV-2,2-week count of sequences,total,3,>15%
SARS-CoV-2 variant,GISAID,Croatia,2026-W14,SARS-CoV-2,2-week count of sequences,total,3,>15%
SARS-CoV-2 variant,GISAID,Croatia,2026-W13,SARS-CoV-2,2-week count of sequences,total,6,>15%
SARS-CoV-2 variant,GISAID,Croatia,2026-W12,SARS-CoV-2,2-week count of sequences,total,7,>15%
SARS-CoV-2 variant,GISAID,Croatia,2026-W11,SARS-CoV-2,2-week count of sequences,total,3,>15%
SARS-CoV-2 variant,GISAID,Croatia,2026-W10,SARS-CoV-2,2-week count of sequences,total,5,>15%
SARS-CoV-2 variant,GISAID,Croatia,2026-W09,SARS-CoV-2,2-week count of sequences,total,7,>15%
SARS-CoV-2 variant,GISAID,Croatia,2026-W08,SARS-CoV-2,2-week count of sequences,total,6,>15%
SARS-CoV-2 variant,GISAID,Croatia,2026-W07,SARS-CoV-2,2-week count of sequences,total,12,>15%
SARS-CoV-2 variant,GISAID,Croatia,2026-W06,SARS-CoV-2,2-week count of sequences,total,13,>15%
SARS-CoV-2 variant,GISAID,Croatia,2026-W05,SARS-CoV-2,2-week count of sequences,total,6,>15%
SARS-CoV-2 variant,GISAID,Croatia,2026-W04,SARS-CoV-2,2-week count of sequences,total,4,>15%
SARS-CoV-2 variant,GISAID,Croatia,2026-W03,SARS-CoV-2,2-week count of sequences,total,6,>15%
SARS-CoV-2 variant,GISAID,Croatia,2026-W02,SARS-CoV-2,2-week count of sequences,total,4,>15%
SARS-CoV-2 variant,GISAID,Croatia,2026-W01,SARS-CoV-2,2-week count of sequences,total,1,>15%
SARS-CoV-2 variant,GISAID,Croatia,2025-W52,SARS-CoV-2,2-week count of sequences,total,6,>15%
SARS-CoV-2 variant,GISAID,Croatia,2025-W51,SARS-CoV-2,2-week count of sequences,total,6,>15%
SARS-CoV-2 variant,GISAID,Croatia,2025-W50,SARS-CoV-2,2-week count of sequences,total,4,>15%
SARS-CoV-2 variant,GISAID,Croatia,2025-W49,SARS-CoV-2,2-week count of sequences,total,6,>15%
SARS-CoV-2 variant,GISAID,Croatia,2025-W48,SARS-CoV-2,2-week count of sequences,total,7,>15%
SARS-CoV-2 variant,GISAID,Croatia,2025-W47,SARS-CoV-2,2-week count of sequences,total,7,>15%
SARS-CoV-2 variant,GISAID,Croatia,2025-W46,SARS-CoV-2,2-week count of sequences,total,7,>15%
SARS-CoV-2 variant,GISAID,Croatia,2025-W45,SARS-CoV-2,2-week count of sequences,total,10,>15%
SARS-CoV-2 variant,GISAID,Croatia,2025-W44,SARS-CoV-2,2-week count of sequences,total,14,>15%
SARS-CoV-2 variant,GISAID,Croatia,2025-W43,SARS-CoV-2,2-week count of sequences,total,12,>15%
SARS-CoV-2 variant,GISAID,Croatia,2025-W42,SARS-CoV-2,2-week count of sequences,total,11,>15%
SARS-CoV-2 variant,GISAID,Croatia,2025-W41,SARS-CoV-2,2-week count of sequences,total,13,>15%
SARS-CoV-2 variant,GISAID,Croatia,2025-W40,SARS-CoV-2,2-week count of sequences,total,11,>15%
SARS-CoV-2 variant,GISAID,Croatia,2025-W39,SARS-CoV-2,2-week count of sequences,total,9,>15%
SARS-CoV-2 variant,GISAID,Croatia,2025-W38,SARS-CoV-2,2-week count of sequences,total,6,>15%
SARS-CoV-2 variant,GISAID,Croatia,2025-W37,SARS-CoV-2,2-week count of sequences,total,4,>15%
SARS-CoV-2 variant,GISAID,Croatia,2025-W36,SARS-CoV-2,2-week count of sequences,total,5,>15%
SARS-CoV-2 variant,GISAID,Croatia,2025-W35,SARS-CoV-2,2-week count of sequences,total,3,>15%
SARS-CoV-2 variant,GISAID,Croatia,2025-W34,SARS-CoV-2,2-week count of sequences,total,1,>15%
SARS-CoV-2 variant,GISAID,Croatia,2025-W33,SARS-CoV-2,2-week count of sequences,total,1,>15%
SARS-CoV-2 variant,GISAID,Croatia,2025-W32,SARS-CoV-2,2-week count of sequences,total,0,No data
SARS-CoV-2 variant,GISAID,Croatia,2025-W31,SARS-CoV-2,2-week count of sequences,total,0,No data
SARS-CoV-2 variant,GISAID,Croatia,2025-W30,SARS-CoV-2,2-week count of sequences,total,0,No data
SARS-CoV-2 variant,GISAID,Croatia,2025-W29,SARS-CoV-2,2-week count of sequences,total,1,>15%
SARS-CoV-2 variant,GISAID,Croatia,2025-W28,SARS-CoV-2,2-week count of sequences,total,1,>15%
SARS-CoV-2 variant,GISAID,Croatia,2025-W27,SARS-CoV-2,2-week count of sequences,total,0,No data
SARS-CoV-2 variant,GISAID,Croatia,2025-W26,SARS-CoV-2,2-week count of sequences,total,4,>15%
SARS-CoV-2 variant,GISAID,Croatia,2025-W25,SARS-CoV-2,2-week count of sequences,total,4,>15%
SARS-CoV-2 variant,GISAID,Croatia,2025-W24,SARS-CoV-2,2-week count of sequences,total,0,No data
SARS-CoV-2 variant,GISAID,Croatia,2025-W23,SARS-CoV-2,2-week count of sequences,total,0,No data
SARS-CoV-2 variant,GISAID,Croatia,2025-W22,SARS-CoV-2,2-week count of sequences,total,0,No data
SARS-CoV-2 variant,GISAID,Croatia,2025-W21,SARS-CoV-2,2-week count of sequences,total,0,No data
SARS-CoV-2 variant,GISAID,Croatia,2025-W20,SARS-CoV-2,2-week count of sequences,total,0,No data
SARS-CoV-2 variant,GISAID,Croatia,2025-W19,SARS-CoV-2,2-week count of sequences,total,0,No data
SARS-CoV-2 variant,GISAID,Croatia,2025-W18,SARS-CoV-2,2-week count of sequences,total,0,No data
SARS-CoV-2 variant,GISAID,Croatia,2025-W17,SARS-CoV-2,2-week count of sequences,total,0,No data
SARS-CoV-2 variant,GISAID,Croatia,2025-W16,SARS-CoV-2,2-week count of sequences,total,2,>15%
SARS-CoV-2 variant,GISAID,Croatia,2025-W15,SARS-CoV-2,2-week count of sequences,total,3,>15%
SARS-CoV-2 variant,GISAID,Croatia,2025-W14,SARS-CoV-2,2-week count of sequences,total,2,>15%
SARS-CoV-2 variant,GISAID,Croatia,2025-W13,SARS-CoV-2,2-week count of sequences,total,33,>15%
SARS-CoV-2 variant,GISAID,Croatia,2025-W12,SARS-CoV-2,2-week count of sequences,total,33,>15%
SARS-CoV-2 variant,GISAID,Croatia,2025-W11,SARS-CoV-2,2-week count of sequences,total,1,>15%
SARS-CoV-2 variant,GISAID,Croatia,2025-W10,SARS-CoV-2,2-week count of sequences,total,2,>15%
SARS-CoV-2 variant,GISAID,Croatia,2025-W09,SARS-CoV-2,2-week count of sequences,total,3,>15%
SARS-CoV-2 variant,GISAID,Croatia,2025-W08,SARS-CoV-2,2-week count of sequences,total,1,>15%
SARS-CoV-2 variant,GISAID,Croatia,2025-W07,SARS-CoV-2,2-week count of sequences,total,0,No data
SARS-CoV-2 variant,GISAID,Croatia,2025-W06,SARS-CoV-2,2-week count of sequences,total,0,No data
SARS-CoV-2 variant,GISAID,Croatia,2025-W05,SARS-CoV-2,2-week count of sequences,total,0,No data
SARS-CoV-2 variant,GISAID,Croatia,2025-W04,SARS-CoV-2,2-week count of sequences,total,1,>15%
SARS-CoV-2 variant,GISAID,Croatia,2025-W03,SARS-CoV-2,2-week count of sequences,total,2,>15%
SARS-CoV-2 variant,GISAID,Croatia,2025-W02,SARS-CoV-2,2-week count of sequences,total,4,>15%
SARS-CoV-2 variant,GISAID,Croatia,2025-W01,SARS-CoV-2,2-week count of sequences,total,4,>15%
SARS-CoV-2 variant,GISAID,Croatia,2024-W52,SARS-CoV-2,2-week count of sequences,total,3,>15%
SARS-CoV-2 variant,GISAID,Croatia,2024-W51,SARS-CoV-2,2-week count of sequences,total,3,>15%
SARS-CoV-2 variant,GISAID,Croatia,2024-W50,SARS-CoV-2,2-week count of sequences,total,6,>15%
SARS-CoV-2 variant,GISAID,Croatia,2024-W49,SARS-CoV-2,2-week count of sequences,total,9,>15%
SARS-CoV-2 variant,GISAID,Croatia,2024-W48,SARS-CoV-2,2-week count of sequences,total,4,>15%
SARS-CoV-2 variant,GISAID,Croatia,2024-W47,SARS-CoV-2,2-week count of sequences,total,2,>15%
SARS-CoV-2 variant,GISAID,Croatia,2024-W46,SARS-CoV-2,2-week count of sequences,total,11,>15%
SARS-CoV-2 variant,GISAID,Croatia,2024-W45,SARS-CoV-2,2-week count of sequences,total,13,>15%
SARS-CoV-2 variant,GISAID,Croatia,2024-W44,SARS-CoV-2,2-week count of sequences,total,11,>15%
SARS-CoV-2 variant,GISAID,Croatia,2024-W43,SARS-CoV-2,2-week count of sequences,total,13,>15%
SARS-CoV-2 variant,GISAID,Croatia,2024-W42,SARS-CoV-2,2-week count of sequences,total,22,>15%
SARS-CoV-2 variant,GISAID,Croatia,2024-W41,SARS-CoV-2,2-week count of sequences,total,27,>15%
SARS-CoV-2 variant,GISAID,Croatia,2024-W40,SARS-CoV-2,2-week count of sequences,total,35,>15%
SARS-CoV-2 variant,GISAID,Croatia,2024-W39,SARS-CoV-2,2-week count of sequences,total,28,>15%
SARS-CoV-2 variant,GISAID,Croatia,2024-W38,SARS-CoV-2,2-week count of sequences,total,11,>15%
SARS-CoV-2 variant,GISAID,Croatia,2024-W37,SARS-CoV-2,2-week count of sequences,total,17,>15%
SARS-CoV-2 variant,GISAID,Croatia,2024-W36,SARS-CoV-2,2-week count of sequences,total,32,>15%
SARS-CoV-2 variant,GISAID,Croatia,2024-W35,SARS-CoV-2,2-week count of sequences,total,32,>15%
SARS-CoV-2 variant,GISAID,Croatia,2024-W34,SARS-CoV-2,2-week count of sequences,total,20,>15%
SARS-CoV-2 variant,GISAID,Croatia,2024-W33,SARS-CoV-2,2-week count of sequences,total,18,>15%
SARS-CoV-2 variant,GISAID,Croatia,2024-W32,SARS-CoV-2,2-week count of sequences,total,13,>15%
SARS-CoV-2 variant,GISAID,Croatia,2024-W31,SARS-CoV-2,2-week count of sequences,total,10,>15%
SARS-CoV-2 variant,GISAID,Croatia,2024-W30,SARS-CoV-2,2-week count of sequences,total,15,>15%
SARS-CoV-2 variant,GISAID,Croatia,2024-W29,SARS-CoV-2,2-week count of sequences,total,20,>15%
SARS-CoV-2 variant,GISAID,Croatia,2024-W28,SARS-CoV-2,2-week count of sequences,total,19,>15%
SARS-CoV-2 variant,GISAID,Croatia,2024-W27,SARS-CoV-2,2-week count of sequences,total,15,>15%
SARS-CoV-2 variant,GISAID,Croatia,2024-W26,SARS-CoV-2,2-week count of sequences,total,9,>15%
SARS-CoV-2 variant,GISAID,Croatia,2024-W25,SARS-CoV-2,2-week count of sequences,total,6,>15%
SARS-CoV-2 variant,GISAID,Croatia,2024-W24,SARS-CoV-2,2-week count of sequences,total,4,>15%
SARS-CoV-2 variant,GISAID,Croatia,2024-W23,SARS-CoV-2,2-week count of sequences,total,1,>15%
SARS-CoV-2 variant,GISAID,Croatia,2024-W22,SARS-CoV-2,2-week count of sequences,total,0,No data
SARS-CoV-2 variant,GISAID,Croatia,2024-W21,SARS-CoV-2,2-week count of sequences,total,0,No data
SARS-CoV-2 variant,GISAID,Croatia,2024-W20,SARS-CoV-2,2-week count of sequences,total,0,No data
SARS-CoV-2 variant,GISAID,Croatia,2024-W19,SARS-CoV-2,2-week count of sequences,total,0,No data
SARS-CoV-2 variant,GISAID,Croatia,2024-W18,SARS-CoV-2,2-week count of sequences,total,0,No data
SARS-CoV-2 variant,GISAID,Croatia,2024-W17,SARS-CoV-2,2-week count of sequences,total,0,No data
SARS-CoV-2 variant,GISAID,Croatia,2024-W16,SARS-CoV-2,2-week count of sequences,total,0,No data
SARS-CoV-2 variant,GISAID,Croatia,2024-W15,SARS-CoV-2,2-week count of sequences,total,0,No data
SARS-CoV-2 variant,GISAID,Croatia,2024-W14,SARS-CoV-2,2-week count of sequences,total,0,No data
SARS-CoV-2 variant,GISAID,Croatia,2024-W13,SARS-CoV-2,2-week count of sequences,total,3,>15%
SARS-CoV-2 variant,GISAID,Croatia,2024-W12,SARS-CoV-2,2-week count of sequences,total,3,>15%
SARS-CoV-2 variant,GISAID,Croatia,2024-W11,SARS-CoV-2,2-week count of sequences,total,0,No data
SARS-CoV-2 variant,GISAID,Croatia,2024-W10,SARS-CoV-2,2-week count of sequences,total,2,>15%
SARS-CoV-2 variant,GISAID,Croatia,2024-W09,SARS-CoV-2,2-week count of sequences,total,3,>15%
SARS-CoV-2 variant,GISAID,Croatia,2024-W08,SARS-CoV-2,2-week count of sequences,total,3,>15%
SARS-CoV-2 variant,GISAID,Croatia,2024-W07,SARS-CoV-2,2-week count of sequences,total,6,>15%
SARS-CoV-2 variant,GISAID,Croatia,2024-W06,SARS-CoV-2,2-week count of sequences,total,11,>15%
SARS-CoV-2 variant,GISAID,Croatia,2024-W05,SARS-CoV-2,2-week count of sequences,total,30,>15%
SARS-CoV-2 variant,GISAID,Croatia,2024-W04,SARS-CoV-2,2-week count of sequences,total,29,>15%
SARS-CoV-2 variant,GISAID,Croatia,2024-W03,SARS-CoV-2,2-week count of sequences,total,32,>15%
SARS-CoV-2 variant,GISAID,Croatia,2024-W02,SARS-CoV-2,2-week count of sequences,total,91,>5% to 10%
SARS-CoV-2 variant,GISAID,Croatia,2024-W01,SARS-CoV-2,2-week count of sequences,total,90,>5% to 10%
SARS-CoV-2 variant,GISAID,Croatia,2023-W52,SARS-CoV-2,2-week count of sequences,total,58,>5% to 10%
SARS-CoV-2 variant,GISAID,Croatia,2023-W51,SARS-CoV-2,2-week count of sequences,total,141,>2.5% to 5%
SARS-CoV-2 variant,GISAID,Croatia,2023-W50,SARS-CoV-2,2-week count of sequences,total,204,>2.5% to 5%
SARS-CoV-2 variant,GISAID,Croatia,2023-W49,SARS-CoV-2,2-week count of sequences,total,171,>2.5% to 5%
SARS-CoV-2 variant,GISAID,Croatia,2023-W48,SARS-CoV-2,2-week count of sequences,total,157,>2.5% to 5%
SARS-CoV-2 variant,GISAID,Croatia,2023-W47,SARS-CoV-2,2-week count of sequences,total,142,>2.5% to 5%
SARS-CoV-2 variant,GISAID,Croatia,2023-W46,SARS-CoV-2,2-week count of sequences,total,133,>2.5% to 5%
SARS-CoV-2 variant,GISAID,Croatia,2023-W45,SARS-CoV-2,2-week count of sequences,total,124,>2.5% to 5%
SARS-CoV-2 variant,GISAID,Croatia,2023-W44,SARS-CoV-2,2-week count of sequences,total,168,>2.5% to 5%
SARS-CoV-2 variant,GISAID,Croatia,2023-W43,SARS-CoV-2,2-week count of sequences,total,185,>2.5% to 5%
SARS-CoV-2 variant,GISAID,Croatia,2023-W42,SARS-CoV-2,2-week count of sequences,total,167,>2.5% to 5%
SARS-CoV-2 variant,GISAID,Croatia,2023-W41,SARS-CoV-2,2-week count of sequences,total,219,>2.5% to 5%
SARS-CoV-2 variant,GISAID,Croatia,2023-W40,SARS-CoV-2,2-week count of sequences,total,233,>2.5% to 5%
SARS-CoV-2 variant,GISAID,Croatia,2023-W39,SARS-CoV-2,2-week count of sequences,total,220,>2.5% to 5%
SARS-CoV-2 variant,GISAID,Croatia,2023-W38,SARS-CoV-2,2-week count of sequences,total,198,>2.5% to 5%
SARS-CoV-2 variant,GISAID,Croatia,2023-W37,SARS-CoV-2,2-week count of sequences,total,194,>2.5% to 5%
SARS-CoV-2 variant,GISAID,Croatia,2023-W36,SARS-CoV-2,2-week count of sequences,total,167,>2.5% to 5%
SARS-CoV-2 variant,GISAID,Croatia,2023-W35,SARS-CoV-2,2-week count of sequences,total,153,>2.5% to 5%
SARS-CoV-2 variant,GISAID,Croatia,2023-W34,SARS-CoV-2,2-week count of sequences,total,108,>5% to 10%
SARS-CoV-2 variant,GISAID,Croatia,2023-W33,SARS-CoV-2,2-week count of sequences,total,42,>10% to 15%
SARS-CoV-2 variant,GISAID,Croatia,2023-W32,SARS-CoV-2,2-week count of sequences,total,36,>15%
SARS-CoV-2 variant,GISAID,Croatia,2023-W31,SARS-CoV-2,2-week count of sequences,total,18,>15%
SARS-CoV-2 variant,GISAID,Croatia,2023-W30,SARS-CoV-2,2-week count of sequences,total,18,>15%
SARS-CoV-2 variant,GISAID,Croatia,2023-W29,SARS-CoV-2,2-week count of sequences,total,20,>15%
SARS-CoV-2 variant,GISAID,Croatia,2023-W28,SARS-CoV-2,2-week count of sequences,total,17,>15%
SARS-CoV-2 variant,GISAID,Croatia,2023-W27,SARS-CoV-2,2-week count of sequences,total,14,>15%
SARS-CoV-2 variant,GISAID,Croatia,2023-W26,SARS-CoV-2,2-week count of sequences,total,7,>15%
SARS-CoV-2 variant,GISAID,Croatia,2023-W25,SARS-CoV-2,2-week count of sequences,total,12,>15%
SARS-CoV-2 variant,GISAID,Croatia,2023-W24,SARS-CoV-2,2-week count of sequences,total,19,>15%
SARS-CoV-2 variant,GISAID,Croatia,2023-W23,SARS-CoV-2,2-week count of sequences,total,36,>15%
SARS-CoV-2 variant,GISAID,Croatia,2023-W22,SARS-CoV-2,2-week count of sequences,total,67,>5% to 10%
SARS-CoV-2 variant,GISAID,Croatia,2023-W21,SARS-CoV-2,2-week count of sequences,total,109,>5% to 10%
SARS-CoV-2 variant,GISAID,Croatia,2023-W20,SARS-CoV-2,2-week count of sequences,total,148,>2.5% to 5%
SARS-CoV-2 variant,GISAID,Croatia,2023-W19,SARS-CoV-2,2-week count of sequences,total,169,>2.5% to 5%
SARS-CoV-2 variant,GISAID,Croatia,2023-W18,SARS-CoV-2,2-week count of sequences,total,215,>2.5% to 5%
SARS-CoV-2 variant,GISAID,Croatia,2023-W17,SARS-CoV-2,2-week count of sequences,total,273,>1% to 2.5%
SARS-CoV-2 variant,GISAID,Croatia,2023-W16,SARS-CoV-2,2-week count of sequences,total,255,>1% to 2.5%
SARS-CoV-2 variant,GISAID,Croatia,2023-W15,SARS-CoV-2,2-week count of sequences,total,202,>2.5% to 5%
SARS-CoV-2 variant,GISAID,Croatia,2023-W14,SARS-CoV-2,2-week count of sequences,total,195,>2.5% to 5%
SARS-CoV-2 variant,GISAID,Croatia,2023-W13,SARS-CoV-2,2-week count of sequences,total,224,>2.5% to 5%
SARS-CoV-2 variant,GISAID,Croatia,2023-W12,SARS-CoV-2,2-week count of sequences,total,215,>2.5% to 5%
SARS-CoV-2 variant,GISAID,Croatia,2023-W11,SARS-CoV-2,2-week count of sequences,total,178,>2.5% to 5%
SARS-CoV-2 variant,GISAID,Croatia,2023-W10,SARS-CoV-2,2-week count of sequences,total,174,>2.5% to 5%
SARS-CoV-2 variant,GISAID,Croatia,2023-W09,SARS-CoV-2,2-week count of sequences,total,171,>2.5% to 5%
SARS-CoV-2 variant,GISAID,Croatia,2023-W08,SARS-CoV-2,2-week count of sequences,total,131,>2.5% to 5%
SARS-CoV-2 variant,GISAID,Croatia,2023-W07,SARS-CoV-2,2-week count of sequences,total,131,>2.5% to 5%
SARS-CoV-2 variant,GISAID,Croatia,2023-W06,SARS-CoV-2,2-week count of sequences,total,167,>2.5% to 5%
SARS-CoV-2 variant,GISAID,Croatia,2023-W05,SARS-CoV-2,2-week count of sequences,total,192,>2.5% to 5%
SARS-CoV-2 variant,GISAID,Croatia,2023-W04,SARS-CoV-2,2-week count of sequences,total,221,>2.5% to 5%
SARS-CoV-2 variant,GISAID,Croatia,2023-W03,SARS-CoV-2,2-week count of sequences,total,291,>1% to 2.5%
SARS-CoV-2 variant,GISAID,Croatia,2023-W02,SARS-CoV-2,2-week count of sequences,total,329,>1% to 2.5%
SARS-CoV-2 variant,GISAID,Croatia,2023-W01,SARS-CoV-2,2-week count of sequences,total,347,>1% to 2.5%
SARS-CoV-2 variant,GISAID,Croatia,2022-W52,SARS-CoV-2,2-week count of sequences,total,405,>1% to 2.5%
SARS-CoV-2 variant,GISAID,Croatia,2022-W51,SARS-CoV-2,2-week count of sequences,total,282,>1% to 2.5%
SARS-CoV-2 variant,GISAID,Croatia,2022-W50,SARS-CoV-2,2-week count of sequences,total,245,>1% to 2.5%
SARS-CoV-2 variant,GISAID,Croatia,2022-W49,SARS-CoV-2,2-week count of sequences,total,360,>1% to 2.5%
SARS-CoV-2 variant,GISAID,Croatia,2022-W48,SARS-CoV-2,2-week count of sequences,total,392,>1% to 2.5%
SARS-CoV-2 variant,GISAID,Croatia,2022-W47,SARS-CoV-2,2-week count of sequences,total,372,>1% to 2.5%
SARS-CoV-2 variant,GISAID,Croatia,2022-W46,SARS-CoV-2,2-week count of sequences,total,350,>1% to 2.5%
SARS-CoV-2 variant,GISAID,Croatia,2022-W45,SARS-CoV-2,2-week count of sequences,total,355,>1% to 2.5%
SARS-CoV-2 variant,GISAID,Croatia,2022-W44,SARS-CoV-2,2-week count of sequences,total,449,>1% to 2.5%
SARS-CoV-2 variant,GISAID,Croatia,2022-W43,SARS-CoV-2,2-week count of sequences,total,545,>1% to 2.5%
SARS-CoV-2 variant,GISAID,Croatia,2022-W42,SARS-CoV-2,2-week count of sequences,total,542,>1% to 2.5%
SARS-CoV-2 variant,GISAID,Croatia,2022-W41,SARS-CoV-2,2-week count of sequences,total,577,>1% to 2.5%
SARS-CoV-2 variant,GISAID,Croatia,2022-W40,SARS-CoV-2,2-week count of sequences,total,649,≤1%
SARS-CoV-2 variant,GISAID,Croatia,2022-W39,SARS-CoV-2,2-week count of sequences,total,647,≤1%
SARS-CoV-2 variant,GISAID,Croatia,2022-W38,SARS-CoV-2,2-week count of sequences,total,669,≤1%
SARS-CoV-2 variant,GISAID,Croatia,2022-W37,SARS-CoV-2,2-week count of sequences,total,787,≤1%
SARS-CoV-2 variant,GISAID,Croatia,2022-W36,SARS-CoV-2,2-week count of sequences,total,759,≤1%
SARS-CoV-2 variant,GISAID,Croatia,2022-W35,SARS-CoV-2,2-week count of sequences,total,631,≤1%
SARS-CoV-2 variant,GISAID,Croatia,2022-W34,SARS-CoV-2,2-week count of sequences,total,602,>1% to 2.5%
SARS-CoV-2 variant,GISAID,Croatia,2022-W33,SARS-CoV-2,2-week count of sequences,total,693,≤1%
SARS-CoV-2 variant,GISAID,Croatia,2022-W32,SARS-CoV-2,2-week count of sequences,total,655,≤1%
SARS-CoV-2 variant,GISAID,Croatia,2022-W31,SARS-CoV-2,2-week count of sequences,total,783,≤1%
SARS-CoV-2 variant,GISAID,Croatia,2022-W30,SARS-CoV-2,2-week count of sequences,total,978,≤1%
SARS-CoV-2 variant,GISAID,Croatia,2022-W29,SARS-CoV-2,2-week count of sequences,total,900,≤1%
SARS-CoV-2 variant,GISAID,Croatia,2022-W28,SARS-CoV-2,2-week count of sequences,total,821,≤1%
SARS-CoV-2 variant,GISAID,Croatia,2022-W27,SARS-CoV-2,2-week count of sequences,total,785,≤1%
SARS-CoV-2 variant,GISAID,Croatia,2022-W26,SARS-CoV-2,2-week count of sequences,total,585,>1% to 2.5%
SARS-CoV-2 variant,GISAID,Croatia,2022-W25,SARS-CoV-2,2-week count of sequences,total,188,>2.5% to 5%
SARS-CoV-2 variant,GISAID,Cyprus,2026-W36,SARS-CoV-2,2-week count of sequences,total,0,No data
SARS-CoV-2 variant,GISAID,Cyprus,2026-W35,SARS-CoV-2,2-week count of sequences,total,0,No data
SARS-CoV-2 variant,GISAID,Cyprus,2026-W34,SARS-CoV-2,2-week count of sequences,total,0,No data
SARS-CoV-2 variant,GISAID,Cyprus,2026-W33,SARS-CoV-2,2-week count of sequences,total,0,No data
SARS-CoV-2 variant,GISAID,Cyprus,2026-W32,SARS-CoV-2,2-week count of sequences,total,0,No data
SARS-CoV-2 variant,GISAID,Cyprus,2026-W31,SARS-CoV-2,2-week count of sequences,total,0,No data
SARS-CoV-2 variant,GISAID,Cyprus,2026-W30,SARS-CoV-2,2-week count of sequences,total,0,No data
SARS-CoV-2 variant,GISAID,Cyprus,2026-W29,SARS-CoV-2,2-week count of sequences,total,0,No data
SARS-CoV-2 variant,GISAID,Cyprus,2026-W28,SARS-CoV-2,2-week count of sequences,total,0,No data
SARS-CoV-2 variant,GISAID,Cyprus,2026-W27,SARS-CoV-2,2-week count of sequences,total,0,No data
SARS-CoV-2 variant,GISAID,Cyprus,2026-W26,SARS-CoV-2,2-week count of sequences,total,0,No data
SARS-CoV-2 variant,GISAID,Cyprus,2026-W25,SARS-CoV-2,2-week count of sequences,total,0,No data
SARS-CoV-2 variant,GISAID,Cyprus,2026-W24,SARS-CoV-2,2-week count of sequences,total,0,No data
SARS-CoV-2 variant,GISAID,Cyprus,2026-W23,SARS-CoV-2,2-week count of sequences,total,0,No data
SARS-CoV-2 variant,GISAID,Cyprus,2026-W22,SARS-CoV-2,2-week count of sequences,total,0,No data
SARS-CoV-2 variant,GISAID,Cyprus,2026-W21,SARS-CoV-2,2-week count of sequences,total,0,No data
SARS-CoV-2 variant,GISAID,Cyprus,2026-W20,SARS-CoV-2,2-week count of sequences,total,0,No data
SARS-CoV-2 variant,GISAID,Cyprus,2026-W19,SARS-CoV-2,2-week count of sequences,total,0,No data
SARS-CoV-2 variant,GISAID,Cyprus,2026-W18,SARS-CoV-2,2-week count of sequences,total,0,No data
SARS-CoV-2 variant,GISAID,Cyprus,2026-W17,SARS-CoV-2,2-week count of sequences,total,0,No data
SARS-CoV-2 variant,GISAID,Cyprus,2026-W16,SARS-CoV-2,2-week count of sequences,total,0,No data
SARS-CoV-2 variant,GISAID,Cyprus,2026-W15,SARS-CoV-2,2-week count of sequences,total,0,No data
SARS-CoV-2 variant,GISAID,Cyprus,2026-W14,SARS-CoV-2,2-week count of sequences,total,0,No data
SARS-CoV-2 variant,GISAID,Cyprus,2026-W13,SARS-CoV-2,2-week count of sequences,total,0,No data
SARS-CoV-2 variant,GISAID,Cyprus,2026-W12,SARS-CoV-2,2-week count of sequences,total,0,No data
SARS-CoV-2 variant,GISAID,Cyprus,2026-W11,SARS-CoV-2,2-week count of sequences,total,0,No data
SARS-CoV-2 variant,GISAID,Cyprus,2026-W10,SARS-CoV-2,2-week count of sequences,total,0,No data
SARS-CoV-2 variant,GISAID,Cyprus,2026-W09,SARS-CoV-2,2-week count of sequences,total,0,No data
SARS-CoV-2 variant,GISAID,Cyprus,2026-W08,SARS-CoV-2,2-week count of sequences,total,0,No data
SARS-CoV-2 variant,GISAID,Cyprus,2026-W07,SARS-CoV-2,2-week count of sequences,total,0,No data
SARS-CoV-2 variant,GISAID,Cyprus,2026-W06,SARS-CoV-2,2-week count of sequences,total,0,No data
SARS-CoV-2 variant,GISAID,Cyprus,2026-W05,SARS-CoV-2,2-week count of sequences,total,0,No data
SARS-CoV-2 variant,GISAID,Cyprus,2026-W04,SARS-CoV-2,2-week count of sequences,total,0,No data
SARS-CoV-2 variant,GISAID,Cyprus,2026-W03,SARS-CoV-2,2-week count of sequences,total,0,No data
SARS-CoV-2 variant,GISAID,Cyprus,2026-W02,SARS-CoV-2,2-week count of sequences,total,0,No data
SARS-CoV-2 variant,GISAID,Cyprus,2026-W01,SARS-CoV-2,2-week count of sequences,total,0,No data
SARS-CoV-2 variant,GISAID,Cyprus,2025-W52,SARS-CoV-2,2-week count of sequences,total,0,No data
SARS-CoV-2 variant,GISAID,Cyprus,2025-W51,SARS-CoV-2,2-week count of sequences,total,0,No data
SARS-CoV-2 variant,GISAID,Cyprus,2025-W50,SARS-CoV-2,2-week count of sequences,total,0,No data
SARS-CoV-2 variant,GISAID,Cyprus,2025-W49,SARS-CoV-2,2-week count of sequences,total,0,No data
SARS-CoV-2 variant,GISAID,Cyprus,2025-W48,SARS-CoV-2,2-week count of sequences,total,0,No data
SARS-CoV-2 variant,GISAID,Cyprus,2025-W47,SARS-CoV-2,2-week count of sequences,total,0,No data
SARS-CoV-2 variant,GISAID,Cyprus,2025-W46,SARS-CoV-2,2-week count of sequences,total,0,No data
SARS-CoV-2 variant,GISAID,Cyprus,2025-W45,SARS-CoV-2,2-week count of sequences,total,0,No data
SARS-CoV-2 variant,GISAID,Cyprus,2025-W44,SARS-CoV-2,2-week count of sequences,total,0,No data
SARS-CoV-2 variant,GISAID,Cyprus,2025-W43,SARS-CoV-2,2-week count of sequences,total,0,No data
SARS-CoV-2 variant,GISAID,Cyprus,2025-W42,SARS-CoV-2,2-week count of sequences,total,0,No data
SARS-CoV-2 variant,GISAID,Cyprus,2025-W41,SARS-CoV-2,2-week count of sequences,total,0,No data
SARS-CoV-2 variant,GISAID,Cyprus,2025-W40,SARS-CoV-2,2-week count of sequences,total,0,No data
SARS-CoV-2 variant,GISAID,Cyprus,2025-W39,SARS-CoV-2,2-week count of sequences,total,0,No data
SARS-CoV-2 variant,GISAID,Cyprus,2025-W38,SARS-CoV-2,2-week count of sequences,total,0,No data
SARS-CoV-2 variant,GISAID,Cyprus,2025-W37,SARS-CoV-2,2-week count of sequences,total,0,No data
SARS-CoV-2 variant,GISAID,Cyprus,2025-W36,SARS-CoV-2,2-week count of sequences,total,0,No data
SARS-CoV-2 variant,GISAID,Cyprus,2025-W35,SARS-CoV-2,2-week count of sequences,total,0,No data
SARS-CoV-2 variant,GISAID,Cyprus,2025-W34,SARS-CoV-2,2-week count of sequences,total,0,No data
SARS-CoV-2 variant,GISAID,Cyprus,2025-W33,SARS-CoV-2,2-week count of sequences,total,0,No data
SARS-CoV-2 variant,GISAID,Cyprus,2025-W32,SARS-CoV-2,2-week count of sequences,total,0,No data
SARS-CoV-2 variant,GISAID,Cyprus,2025-W31,SARS-CoV-2,2-week count of sequences,total,0,No data
SARS-CoV-2 variant,GISAID,Cyprus,2025-W30,SARS-CoV-2,2-week count of sequences,total,0,No data
SARS-CoV-2 variant,GISAID,Cyprus,2025-W29,SARS-CoV-2,2-week count of sequences,total,0,No data
SARS-CoV-2 variant,GISAID,Cyprus,2025-W28,SARS-CoV-2,2-week count of sequences,total,0,No data
SARS-CoV-2 variant,GISAID,Cyprus,2025-W27,SARS-CoV-2,2-week count of sequences,total,0,No data
SARS-CoV-2 variant,GISAID,Cyprus,2025-W26,SARS-CoV-2,2-week count of sequences,total,0,No data
SARS-CoV-2 variant,GISAID,Cyprus,2025-W25,SARS-CoV-2,2-week count of sequences,total,0,No data
SARS-CoV-2 variant,GISAID,Cyprus,2025-W24,SARS-CoV-2,2-week count of sequences,total,0,No data
SARS-CoV-2 variant,GISAID,Cyprus,2025-W23,SARS-CoV-2,2-week count of sequences,total,0,No data
SARS-CoV-2 variant,GISAID,Cyprus,2025-W22,SARS-CoV-2,2-week count of sequences,total,0,No data
SARS-CoV-2 variant,GISAID,Cyprus,2025-W21,SARS-CoV-2,2-week count of sequences,total,0,No data
SARS-CoV-2 variant,GISAID,Cyprus,2025-W20,SARS-CoV-2,2-week count of sequences,total,0,No data
SARS-CoV-2 variant,GISAID,Cyprus,2025-W19,SARS-CoV-2,2-week count of sequences,total,0,No data
SARS-CoV-2 variant,GISAID,Cyprus,2025-W18,SARS-CoV-2,2-week count of sequences,total,0,No data
SARS-CoV-2 variant,GISAID,Cyprus,2025-W17,SARS-CoV-2,2-week count of sequences,total,0,No data
SARS-CoV-2 variant,GISAID,Cyprus,2025-W16,SARS-CoV-2,2-week count of sequences,total,0,No data
SARS-CoV-2 variant,GISAID,Cyprus,2025-W15,SARS-CoV-2,2-week count of sequences,total,0,No data
SARS-CoV-2 variant,GISAID,Cyprus,2025-W14,SARS-CoV-2,2-week count of sequences,total,0,No data
SARS-CoV-2 variant,GISAID,Cyprus,2025-W13,SARS-CoV-2,2-week count of sequences,total,0,No data
SARS-CoV-2 variant,GISAID,Cyprus,2025-W12,SARS-CoV-2,2-week count of sequences,total,0,No data
SARS-CoV-2 variant,GISAID,Cyprus,2025-W11,SARS-CoV-2,2-week count of sequences,total,0,No data
SARS-CoV-2 variant,GISAID,Cyprus,2025-W10,SARS-CoV-2,2-week count of sequences,total,0,No data
SARS-CoV-2 variant,GISAID,Cyprus,2025-W09,SARS-CoV-2,2-week count of sequences,total,0,No data
SARS-CoV-2 variant,GISAID,Cyprus,2025-W08,SARS-CoV-2,2-week count of sequences,total,0,No data
SARS-CoV-2 variant,GISAID,Cyprus,2025-W07,SARS-CoV-2,2-week count of sequences,total,0,No data
SARS-CoV-2 variant,GISAID,Cyprus,2025-W06,SARS-CoV-2,2-week count of sequences,total,0,No data
SARS-CoV-2 variant,GISAID,Cyprus,2025-W05,SARS-CoV-2,2-week count of sequences,total,0,No data
SARS-CoV-2 variant,GISAID,Cyprus,2025-W04,SARS-CoV-2,2-week count of sequences,total,0,No data
SARS-CoV-2 variant,GISAID,Cyprus,2025-W03,SARS-CoV-2,2-week count of sequences,total,0,No data
SARS-CoV-2 variant,GISAID,Cyprus,2025-W02,SARS-CoV-2,2-week count of sequences,total,0,No data
SARS-CoV-2 variant,GISAID,Cyprus,2025-W01,SARS-CoV-2,2-week count of sequences,total,0,No data
SARS-CoV-2 variant,GISAID,Cyprus,2024-W52,SARS-CoV-2,2-week count of sequences,total,0,No data
SARS-CoV-2 variant,GISAID,Cyprus,2024-W51,SARS-CoV-2,2-week count of sequences,total,0,No data
SARS-CoV-2 variant,GISAID,Cyprus,2024-W50,SARS-CoV-2,2-week count of sequences,total,0,No data
SARS-CoV-2 variant,GISAID,Cyprus,2024-W49,SARS-CoV-2,2-week count of sequences,total,0,No data
SARS-CoV-2 variant,GISAID,Cyprus,2024-W48,SARS-CoV-2,2-week count of sequences,total,0,No data
SARS-CoV-2 variant,GISAID,Cyprus,2024-W47,SARS-CoV-2,2-week count of sequences,total,0,No data
SARS-CoV-2 variant,GISAID,Cyprus,2024-W46,SARS-CoV-2,2-week count of sequences,total,0,No data
SARS-CoV-2 variant,GISAID,Cyprus,2024-W45,SARS-CoV-2,2-week count of sequences,total,0,No data
SARS-CoV-2 variant,GISAID,Cyprus,2024-W44,SARS-CoV-2,2-week count of sequences,total,0,No data
SARS-CoV-2 variant,GISAID,Cyprus,2024-W43,SARS-CoV-2,2-week count of sequences,total,0,No data
SARS-CoV-2 variant,GISAID,Cyprus,2024-W42,SARS-CoV-2,2-week count of sequences,total,0,No data
SARS-CoV-2 variant,GISAID,Cyprus,2024-W41,SARS-CoV-2,2-week count of sequences,total,0,No data
SARS-CoV-2 variant,GISAID,Cyprus,2024-W40,SARS-CoV-2,2-week count of sequences,total,0,No data
SARS-CoV-2 variant,GISAID,Cyprus,2024-W39,SARS-CoV-2,2-week count of sequences,total,0,No data
SARS-CoV-2 variant,GISAID,Cyprus,2024-W38,SARS-CoV-2,2-week count of sequences,total,0,No data
SARS-CoV-2 variant,GISAID,Cyprus,2024-W37,SARS-CoV-2,2-week count of sequences,total,0,No data
SARS-CoV-2 variant,GISAID,Cyprus,2024-W36,SARS-CoV-2,2-week count of sequences,total,0,No data
SARS-CoV-2 variant,GISAID,Cyprus,2024-W35,SARS-CoV-2,2-week count of sequences,total,0,No data
SARS-CoV-2 variant,GISAID,Cyprus,2024-W34,SARS-CoV-2,2-week count of sequences,total,0,No data
SARS-CoV-2 variant,GISAID,Cyprus,2024-W33,SARS-CoV-2,2-week count of sequences,total,0,No data
SARS-CoV-2 variant,GISAID,Cyprus,2024-W32,SARS-CoV-2,2-week count of sequences,total,0,No data
SARS-CoV-2 variant,GISAID,Cyprus,2024-W31,SARS-CoV-2,2-week count of sequences,total,0,No data
SARS-CoV-2 variant,GISAID,Cyprus,2024-W30,SARS-CoV-2,2-week count of sequences,total,0,No data
SARS-CoV-2 variant,GISAID,Cyprus,2024-W29,SARS-CoV-2,2-week count of sequences,total,0,No data
SARS-CoV-2 variant,GISAID,Cyprus,2024-W28,SARS-CoV-2,2-week count of sequences,total,0,No data
SARS-CoV-2 variant,GISAID,Cyprus,2024-W27,SARS-CoV-2,2-week count of sequences,total,0,No data
SARS-CoV-2 variant,GISAID,Cyprus,2024-W26,SARS-CoV-2,2-week count of sequences,total,0,No data
SARS-CoV-2 variant,GISAID,Cyprus,2024-W25,SARS-CoV-2,2-week count of sequences,total,0,No data
SARS-CoV-2 variant,GISAID,Cyprus,2024-W24,SARS-CoV-2,2-week count of sequences,total,0,No data
SARS-CoV-2 variant,GISAID,Cyprus,2024-W23,SARS-CoV-2,2-week count of sequences,total,0,No data
SARS-CoV-2 variant,GISAID,Cyprus,2024-W22,SARS-CoV-2,2-week count of sequences,total,0,No data
SARS-CoV-2 variant,GISAID,Cyprus,2024-W21,SARS-CoV-2,2-week count of sequences,total,0,No data
SARS-CoV-2 variant,GISAID,Cyprus,2024-W20,SARS-CoV-2,2-week count of sequences,total,0,No data
SARS-CoV-2 variant,GISAID,Cyprus,2024-W19,SARS-CoV-2,2-week count of sequences,total,0,No data
SARS-CoV-2 variant,GISAID,Cyprus,2024-W18,SARS-CoV-2,2-week count of sequences,total,0,No data
SARS-CoV-2 variant,GISAID,Cyprus,2024-W17,SARS-CoV-2,2-week count of sequences,total,0,No data
SARS-CoV-2 variant,GISAID,Cyprus,2024-W16,SARS-CoV-2,2-week count of sequences,total,0,No data
SARS-CoV-2 variant,GISAID,Cyprus,2024-W15,SARS-CoV-2,2-week count of sequences,total,0,No data
SARS-CoV-2 variant,GISAID,Cyprus,2024-W14,SARS-CoV-2,2-week count of sequences,total,0,No data
SARS-CoV-2 variant,GISAID,Cyprus,2024-W13,SARS-CoV-2,2-week count of sequences,total,0,No data
SARS-CoV-2 variant,GISAID,Cyprus,2024-W12,SARS-CoV-2,2-week count of sequences,total,0,No data
SARS-CoV-2 variant,GISAID,Cyprus,2024-W11,SARS-CoV-2,2-week count of sequences,total,0,No data
SARS-CoV-2 variant,GISAID,Cyprus,2024-W10,SARS-CoV-2,2-week count of sequences,total,4,>15%
SARS-CoV-2 variant,GISAID,Cyprus,2024-W09,SARS-CoV-2,2-week count of sequences,total,15,>15%
SARS-CoV-2 variant,GISAID,Cyprus,2024-W08,SARS-CoV-2,2-week count of sequences,total,18,>15%
SARS-CoV-2 variant,GISAID,Cyprus,2024-W07,SARS-CoV-2,2-week count of sequences,total,21,>15%
SARS-CoV-2 variant,GISAID,Cyprus,2024-W06,SARS-CoV-2,2-week count of sequences,total,39,>10% to 15%
SARS-CoV-2 variant,GISAID,Cyprus,2024-W05,SARS-CoV-2,2-week count of sequences,total,55,>10% to 15%
SARS-CoV-2 variant,GISAID,Cyprus,2024-W04,SARS-CoV-2,2-week count of sequences,total,70,>5% to 10%
SARS-CoV-2 variant,GISAID,Cyprus,2024-W03,SARS-CoV-2,2-week count of sequences,total,92,>5% to 10%
SARS-CoV-2 variant,GISAID,Cyprus,2024-W02,SARS-CoV-2,2-week count of sequences,total,104,>5% to 10%
SARS-CoV-2 variant,GISAID,Cyprus,2024-W01,SARS-CoV-2,2-week count of sequences,total,116,>5% to 10%
SARS-CoV-2 variant,GISAID,Cyprus,2023-W52,SARS-CoV-2,2-week count of sequences,total,115,>5% to 10%
SARS-CoV-2 variant,GISAID,Cyprus,2023-W51,SARS-CoV-2,2-week count of sequences,total,102,>5% to 10%
SARS-CoV-2 variant,GISAID,Cyprus,2023-W50,SARS-CoV-2,2-week count of sequences,total,81,>5% to 10%
SARS-CoV-2 variant,GISAID,Cyprus,2023-W49,SARS-CoV-2,2-week count of sequences,total,57,>5% to 10%
SARS-CoV-2 variant,GISAID,Cyprus,2023-W48,SARS-CoV-2,2-week count of sequences,total,46,>10% to 15%
SARS-CoV-2 variant,GISAID,Cyprus,2023-W47,SARS-CoV-2,2-week count of sequences,total,43,>10% to 15%
SARS-CoV-2 variant,GISAID,Cyprus,2023-W46,SARS-CoV-2,2-week count of sequences,total,45,>10% to 15%
SARS-CoV-2 variant,GISAID,Cyprus,2023-W45,SARS-CoV-2,2-week count of sequences,total,43,>10% to 15%
SARS-CoV-2 variant,GISAID,Cyprus,2023-W44,SARS-CoV-2,2-week count of sequences,total,48,>10% to 15%
SARS-CoV-2 variant,GISAID,Cyprus,2023-W43,SARS-CoV-2,2-week count of sequences,total,42,>10% to 15%
SARS-CoV-2 variant,GISAID,Cyprus,2023-W42,SARS-CoV-2,2-week count of sequences,total,39,>10% to 15%
SARS-CoV-2 variant,GISAID,Cyprus,2023-W41,SARS-CoV-2,2-week count of sequences,total,50,>10% to 15%
SARS-CoV-2 variant,GISAID,Cyprus,2023-W40,SARS-CoV-2,2-week count of sequences,total,56,>10% to 15%
SARS-CoV-2 variant,GISAID,Cyprus,2023-W39,SARS-CoV-2,2-week count of sequences,total,41,>10% to 15%
SARS-CoV-2 variant,GISAID,Cyprus,2023-W38,SARS-CoV-2,2-week count of sequences,total,28,>15%
SARS-CoV-2 variant,GISAID,Cyprus,2023-W37,SARS-CoV-2,2-week count of sequences,total,28,>15%
SARS-CoV-2 variant,GISAID,Cyprus,2023-W36,SARS-CoV-2,2-week count of sequences,total,28,>15%
SARS-CoV-2 variant,GISAID,Cyprus,2023-W35,SARS-CoV-2,2-week count of sequences,total,32,>15%
SARS-CoV-2 variant,GISAID,Cyprus,2023-W34,SARS-CoV-2,2-week count of sequences,total,46,>10% to 15%
SARS-CoV-2 variant,GISAID,Cyprus,2023-W33,SARS-CoV-2,2-week count of sequences,total,47,>10% to 15%
SARS-CoV-2 variant,GISAID,Cyprus,2023-W32,SARS-CoV-2,2-week count of sequences,total,37,>10% to 15%
SARS-CoV-2 variant,GISAID,Cyprus,2023-W31,SARS-CoV-2,2-week count of sequences,total,39,>10% to 15%
SARS-CoV-2 variant,GISAID,Cyprus,2023-W30,SARS-CoV-2,2-week count of sequences,total,30,>15%
SARS-CoV-2 variant,GISAID,Cyprus,2023-W29,SARS-CoV-2,2-week count of sequences,total,19,>15%
SARS-CoV-2 variant,GISAID,Cyprus,2023-W28,SARS-CoV-2,2-week count of sequences,total,14,>15%
SARS-CoV-2 variant,GISAID,Cyprus,2023-W27,SARS-CoV-2,2-week count of sequences,total,8,>15%
SARS-CoV-2 variant,GISAID,Cyprus,2023-W26,SARS-CoV-2,2-week count of sequences,total,4,>15%
SARS-CoV-2 variant,GISAID,Cyprus,2023-W25,SARS-CoV-2,2-week count of sequences,total,8,>15%
SARS-CoV-2 variant,GISAID,Cyprus,2023-W24,SARS-CoV-2,2-week count of sequences,total,18,>15%
SARS-CoV-2 variant,GISAID,Cyprus,2023-W23,SARS-CoV-2,2-week count of sequences,total,30,>15%
SARS-CoV-2 variant,GISAID,Cyprus,2023-W22,SARS-CoV-2,2-week count of sequences,total,29,>15%
SARS-CoV-2 variant,GISAID,Cyprus,2023-W21,SARS-CoV-2,2-week count of sequences,total,28,>15%
SARS-CoV-2 variant,GISAID,Cyprus,2023-W20,SARS-CoV-2,2-week count of sequences,total,30,>15%
SARS-CoV-2 variant,GISAID,Cyprus,2023-W19,SARS-CoV-2,2-week count of sequences,total,30,>15%
SARS-CoV-2 variant,GISAID,Cyprus,2023-W18,SARS-CoV-2,2-week count of sequences,total,33,>15%
SARS-CoV-2 variant,GISAID,Cyprus,2023-W17,SARS-CoV-2,2-week count of sequences,total,35,>15%
SARS-CoV-2 variant,GISAID,Cyprus,2023-W16,SARS-CoV-2,2-week count of sequences,total,34,>15%
SARS-CoV-2 variant,GISAID,Cyprus,2023-W15,SARS-CoV-2,2-week count of sequences,total,66,>5% to 10%
SARS-CoV-2 variant,GISAID,Cyprus,2023-W14,SARS-CoV-2,2-week count of sequences,total,68,>5% to 10%
SARS-CoV-2 variant,GISAID,Cyprus,2023-W13,SARS-CoV-2,2-week count of sequences,total,35,>15%
SARS-CoV-2 variant,GISAID,Cyprus,2023-W12,SARS-CoV-2,2-week count of sequences,total,35,>15%
SARS-CoV-2 variant,GISAID,Cyprus,2023-W11,SARS-CoV-2,2-week count of sequences,total,37,>10% to 15%
SARS-CoV-2 variant,GISAID,Cyprus,2023-W10,SARS-CoV-2,2-week count of sequences,total,42,>10% to 15%
SARS-CoV-2 variant,GISAID,Cyprus,2023-W09,SARS-CoV-2,2-week count of sequences,total,56,>10% to 15%
SARS-CoV-2 variant,GISAID,Cyprus,2023-W08,SARS-CoV-2,2-week count of sequences,total,50,>10% to 15%
SARS-CoV-2 variant,GISAID,Cyprus,2023-W07,SARS-CoV-2,2-week count of sequences,total,39,>10% to 15%
SARS-CoV-2 variant,GISAID,Cyprus,2023-W06,SARS-CoV-2,2-week count of sequences,total,32,>15%
SARS-CoV-2 variant,GISAID,Cyprus,2023-W05,SARS-CoV-2,2-week count of sequences,total,31,>15%
SARS-CoV-2 variant,GISAID,Cyprus,2023-W04,SARS-CoV-2,2-week count of sequences,total,41,>10% to 15%
SARS-CoV-2 variant,GISAID,Cyprus,2023-W03,SARS-CoV-2,2-week count of sequences,total,73,>5% to 10%
SARS-CoV-2 variant,GISAID,Cyprus,2023-W02,SARS-CoV-2,2-week count of sequences,total,85,>5% to 10%
SARS-CoV-2 variant,GISAID,Cyprus,2023-W01,SARS-CoV-2,2-week count of sequences,total,60,>5% to 10%
SARS-CoV-2 variant,GISAID,Cyprus,2022-W52,SARS-CoV-2,2-week count of sequences,total,46,>10% to 15%
SARS-CoV-2 variant,GISAID,Cyprus,2022-W51,SARS-CoV-2,2-week count of sequences,total,28,>15%
SARS-CoV-2 variant,GISAID,Cyprus,2022-W50,SARS-CoV-2,2-week count of sequences,total,54,>10% to 15%
SARS-CoV-2 variant,GISAID,Cyprus,2022-W49,SARS-CoV-2,2-week count of sequences,total,84,>5% to 10%
SARS-CoV-2 variant,GISAID,Cyprus,2022-W48,SARS-CoV-2,2-week count of sequences,total,70,>5% to 10%
SARS-CoV-2 variant,GISAID,Cyprus,2022-W47,SARS-CoV-2,2-week count of sequences,total,80,>5% to 10%
SARS-CoV-2 variant,GISAID,Cyprus,2022-W46,SARS-CoV-2,2-week count of sequences,total,78,>5% to 10%
SARS-CoV-2 variant,GISAID,Cyprus,2022-W45,SARS-CoV-2,2-week count of sequences,total,60,>5% to 10%
SARS-CoV-2 variant,GISAID,Cyprus,2022-W44,SARS-CoV-2,2-week count of sequences,total,66,>5% to 10%
SARS-CoV-2 variant,GISAID,Cyprus,2022-W43,SARS-CoV-2,2-week count of sequences,total,61,>5% to 10%
SARS-CoV-2 variant,GISAID,Cyprus,2022-W42,SARS-CoV-2,2-week count of sequences,total,70,>5% to 10%
SARS-CoV-2 variant,GISAID,Cyprus,2022-W41,SARS-CoV-2,2-week count of sequences,total,57,>5% to 10%
SARS-CoV-2 variant,GISAID,Cyprus,2022-W40,SARS-CoV-2,2-week count of sequences,total,52,>10% to 15%
SARS-CoV-2 variant,GISAID,Cyprus,2022-W39,SARS-CoV-2,2-week count of sequences,total,84,>5% to 10%
SARS-CoV-2 variant,GISAID,Cyprus,2022-W38,SARS-CoV-2,2-week count of sequences,total,85,>5% to 10%
SARS-CoV-2 variant,GISAID,Cyprus,2022-W37,SARS-CoV-2,2-week count of sequences,total,53,>10% to 15%
SARS-CoV-2 variant,GISAID,Cyprus,2022-W36,SARS-CoV-2,2-week count of sequences,total,39,>10% to 15%
SARS-CoV-2 variant,GISAID,Cyprus,2022-W35,SARS-CoV-2,2-week count of sequences,total,44,>10% to 15%
SARS-CoV-2 variant,GISAID,Cyprus,2022-W34,SARS-CoV-2,2-week count of sequences,total,55,>10% to 15%
SARS-CoV-2 variant,GISAID,Cyprus,2022-W33,SARS-CoV-2,2-week count of sequences,total,71,>5% to 10%
SARS-CoV-2 variant,GISAID,Cyprus,2022-W32,SARS-CoV-2,2-week count of sequences,total,76,>5% to 10%
SARS-CoV-2 variant,GISAID,Cyprus,2022-W31,SARS-CoV-2,2-week count of sequences,total,119,>2.5% to 5%
SARS-CoV-2 variant,GISAID,Cyprus,2022-W30,SARS-CoV-2,2-week count of sequences,total,159,>2.5% to 5%
SARS-CoV-2 variant,GISAID,Cyprus,2022-W29,SARS-CoV-2,2-week count of sequences,total,140,>2.5% to 5%
SARS-CoV-2 variant,GISAID,Cyprus,2022-W28,SARS-CoV-2,2-week count of sequences,total,163,>2.5% to 5%
SARS-CoV-2 variant,GISAID,Cyprus,2022-W27,SARS-CoV-2,2-week count of sequences,total,174,>2.5% to 5%
SARS-CoV-2 variant,GISAID,Cyprus,2022-W26,SARS-CoV-2,2-week count of sequences,total,152,>2.5% to 5%
SARS-CoV-2 variant,GISAID,Cyprus,2022-W25,SARS-CoV-2,2-week count of sequences,total,81,>5% to 10%
SARS-CoV-2 variant,GISAID,Czechia,2026-W36,SARS-CoV-2,2-week count of sequences,total,0,No data
SARS-CoV-2 variant,GISAID,Czechia,2026-W35,SARS-CoV-2,2-week count of sequences,total,0,No data
SARS-CoV-2 variant,GISAID,Czechia,2026-W34,SARS-CoV-2,2-week count of sequences,total,0,No data
SARS-CoV-2 variant,GISAID,Czechia,2026-W33,SARS-CoV-2,2-week count of sequences,total,0,No data
SARS-CoV-2 variant,GISAID,Czechia,2026-W32,SARS-CoV-2,2-week count of sequences,total,0,No data
SARS-CoV-2 variant,GISAID,Czechia,2026-W31,SARS-CoV-2,2-week count of sequences,total,0,No data
SARS-CoV-2 variant,GISAID,Czechia,2026-W30,SARS-CoV-2,2-week count of sequences,total,0,No data
SARS-CoV-2 variant,GISAID,Czechia,2026-W29,SARS-CoV-2,2-week count of sequences,total,0,No data
SARS-CoV-2 variant,GISAID,Czechia,2026-W28,SARS-CoV-2,2-week count of sequences,total,0,No data
SARS-CoV-2 variant,GISAID,Czechia,2026-W27,SARS-CoV-2,2-week count of sequences,total,0,No data
SARS-CoV-2 variant,GISAID,Czechia,2026-W26,SARS-CoV-2,2-week count of sequences,total,0,No data
SARS-CoV-2 variant,GISAID,Czechia,2026-W25,SARS-CoV-2,2-week count of sequences,total,0,No data
SARS-CoV-2 variant,GISAID,Czechia,2026-W24,SARS-CoV-2,2-week count of sequences,total,0,No data
SARS-CoV-2 variant,GISAID,Czechia,2026-W23,SARS-CoV-2,2-week count of sequences,total,0,No data
SARS-CoV-2 variant,GISAID,Czechia,2026-W22,SARS-CoV-2,2-week count of sequences,total,0,No data
SARS-CoV-2 variant,GISAID,Czechia,2026-W21,SARS-CoV-2,2-week count of sequences,total,0,No data
SARS-CoV-2 variant,GISAID,Czechia,2026-W20,SARS-CoV-2,2-week count of sequences,total,0,No data
SARS-CoV-2 variant,GISAID,Czechia,2026-W19,SARS-CoV-2,2-week count of sequences,total,0,No data
SARS-CoV-2 variant,GISAID,Czechia,2026-W18,SARS-CoV-2,2-week count of sequences,total,0,No data
SARS-CoV-2 variant,GISAID,Czechia,2026-W17,SARS-CoV-2,2-week count of sequences,total,1,>15%
SARS-CoV-2 variant,GISAID,Czechia,2026-W16,SARS-CoV-2,2-week count of sequences,total,1,>15%
SARS-CoV-2 variant,GISAID,Czechia,2026-W15,SARS-CoV-2,2-week count of sequences,total,1,>15%
SARS-CoV-2 variant,GISAID,Czechia,2026-W14,SARS-CoV-2,2-week count of sequences,total,1,>15%
SARS-CoV-2 variant,GISAID,Czechia,2026-W13,SARS-CoV-2,2-week count of sequences,total,1,>15%
SARS-CoV-2 variant,GISAID,Czechia,2026-W12,SARS-CoV-2,2-week count of sequences,total,2,>15%
SARS-CoV-2 variant,GISAID,Czechia,2026-W11,SARS-CoV-2,2-week count of sequences,total,3,>15%
SARS-CoV-2 variant,GISAID,Czechia,2026-W10,SARS-CoV-2,2-week count of sequences,total,6,>15%
SARS-CoV-2 variant,GISAID,Czechia,2026-W09,SARS-CoV-2,2-week count of sequences,total,9,>15%
SARS-CoV-2 variant,GISAID,Czechia,2026-W08,SARS-CoV-2,2-week count of sequences,total,12,>15%
SARS-CoV-2 variant,GISAID,Czechia,2026-W07,SARS-CoV-2,2-week count of sequences,total,11,>15%
SARS-CoV-2 variant,GISAID,Czechia,2026-W06,SARS-CoV-2,2-week count of sequences,total,5,>15%
SARS-CoV-2 variant,GISAID,Czechia,2026-W05,SARS-CoV-2,2-week count of sequences,total,3,>15%
SARS-CoV-2 variant,GISAID,Czechia,2026-W04,SARS-CoV-2,2-week count of sequences,total,6,>15%
SARS-CoV-2 variant,GISAID,Czechia,2026-W03,SARS-CoV-2,2-week count of sequences,total,7,>15%
SARS-CoV-2 variant,GISAID,Czechia,2026-W02,SARS-CoV-2,2-week count of sequences,total,8,>15%
SARS-CoV-2 variant,GISAID,Czechia,2026-W01,SARS-CoV-2,2-week count of sequences,total,8,>15%
SARS-CoV-2 variant,GISAID,Czechia,2025-W52,SARS-CoV-2,2-week count of sequences,total,6,>15%
SARS-CoV-2 variant,GISAID,Czechia,2025-W51,SARS-CoV-2,2-week count of sequences,total,13,>15%
SARS-CoV-2 variant,GISAID,Czechia,2025-W50,SARS-CoV-2,2-week count of sequences,total,18,>15%
SARS-CoV-2 variant,GISAID,Czechia,2025-W49,SARS-CoV-2,2-week count of sequences,total,9,>15%
SARS-CoV-2 variant,GISAID,Czechia,2025-W48,SARS-CoV-2,2-week count of sequences,total,7,>15%
SARS-CoV-2 variant,GISAID,Czechia,2025-W47,SARS-CoV-2,2-week count of sequences,total,17,>15%
SARS-CoV-2 variant,GISAID,Czechia,2025-W46,SARS-CoV-2,2-week count of sequences,total,21,>15%
SARS-CoV-2 variant,GISAID,Czechia,2025-W45,SARS-CoV-2,2-week count of sequences,total,14,>15%
SARS-CoV-2 variant,GISAID,Czechia,2025-W44,SARS-CoV-2,2-week count of sequences,total,10,>15%
SARS-CoV-2 variant,GISAID,Czechia,2025-W43,SARS-CoV-2,2-week count of sequences,total,17,>15%
SARS-CoV-2 variant,GISAID,Czechia,2025-W42,SARS-CoV-2,2-week count of sequences,total,23,>15%
SARS-CoV-2 variant,GISAID,Czechia,2025-W41,SARS-CoV-2,2-week count of sequences,total,29,>15%
SARS-CoV-2 variant,GISAID,Czechia,2025-W40,SARS-CoV-2,2-week count of sequences,total,28,>15%
SARS-CoV-2 variant,GISAID,Czechia,2025-W39,SARS-CoV-2,2-week count of sequences,total,26,>15%
SARS-CoV-2 variant,GISAID,Czechia,2025-W38,SARS-CoV-2,2-week count of sequences,total,23,>15%
SARS-CoV-2 variant,GISAID,Czechia,2025-W37,SARS-CoV-2,2-week count of sequences,total,8,>15%
SARS-CoV-2 variant,GISAID,Czechia,2025-W36,SARS-CoV-2,2-week count of sequences,total,3,>15%
SARS-CoV-2 variant,GISAID,Czechia,2025-W35,SARS-CoV-2,2-week count of sequences,total,4,>15%
SARS-CoV-2 variant,GISAID,Czechia,2025-W34,SARS-CoV-2,2-week count of sequences,total,4,>15%
SARS-CoV-2 variant,GISAID,Czechia,2025-W33,SARS-CoV-2,2-week count of sequences,total,5,>15%
SARS-CoV-2 variant,GISAID,Czechia,2025-W32,SARS-CoV-2,2-week count of sequences,total,7,>15%
SARS-CoV-2 variant,GISAID,Czechia,2025-W31,SARS-CoV-2,2-week count of sequences,total,6,>15%
SARS-CoV-2 variant,GISAID,Czechia,2025-W30,SARS-CoV-2,2-week count of sequences,total,5,>15%
SARS-CoV-2 variant,GISAID,Czechia,2025-W29,SARS-CoV-2,2-week count of sequences,total,5,>15%
SARS-CoV-2 variant,GISAID,Czechia,2025-W28,SARS-CoV-2,2-week count of sequences,total,1,>15%
SARS-CoV-2 variant,GISAID,Czechia,2025-W27,SARS-CoV-2,2-week count of sequences,total,0,No data
SARS-CoV-2 variant,GISAID,Czechia,2025-W26,SARS-CoV-2,2-week count of sequences,total,1,>15%
SARS-CoV-2 variant,GISAID,Czechia,2025-W25,SARS-CoV-2,2-week count of sequences,total,7,>15%
SARS-CoV-2 variant,GISAID,Czechia,2025-W24,SARS-CoV-2,2-week count of sequences,total,9,>15%
SARS-CoV-2 variant,GISAID,Czechia,2025-W23,SARS-CoV-2,2-week count of sequences,total,3,>15%
SARS-CoV-2 variant,GISAID,Czechia,2025-W22,SARS-CoV-2,2-week count of sequences,total,1,>15%
SARS-CoV-2 variant,GISAID,Czechia,2025-W21,SARS-CoV-2,2-week count of sequences,total,4,>15%
SARS-CoV-2 variant,GISAID,Czechia,2025-W20,SARS-CoV-2,2-week count of sequences,total,3,>15%
SARS-CoV-2 variant,GISAID,Czechia,2025-W19,SARS-CoV-2,2-week count of sequences,total,1,>15%
SARS-CoV-2 variant,GISAID,Czechia,2025-W18,SARS-CoV-2,2-week count of sequences,total,2,>15%
SARS-CoV-2 variant,GISAID,Czechia,2025-W17,SARS-CoV-2,2-week count of sequences,total,4,>15%
SARS-CoV-2 variant,GISAID,Czechia,2025-W16,SARS-CoV-2,2-week count of sequences,total,3,>15%
SARS-CoV-2 variant,GISAID,Czechia,2025-W15,SARS-CoV-2,2-week count of sequences,total,0,No data
SARS-CoV-2 variant,GISAID,Czechia,2025-W14,SARS-CoV-2,2-week count of sequences,total,4,>15%
SARS-CoV-2 variant,GISAID,Czechia,2025-W13,SARS-CoV-2,2-week count of sequences,total,6,>15%
SARS-CoV-2 variant,GISAID,Czechia,2025-W12,SARS-CoV-2,2-week count of sequences,total,6,>15%
SARS-CoV-2 variant,GISAID,Czechia,2025-W11,SARS-CoV-2,2-week count of sequences,total,6,>15%
SARS-CoV-2 variant,GISAID,Czechia,2025-W10,SARS-CoV-2,2-week count of sequences,total,3,>15%
SARS-CoV-2 variant,GISAID,Czechia,2025-W09,SARS-CoV-2,2-week count of sequences,total,3,>15%
SARS-CoV-2 variant,GISAID,Czechia,2025-W08,SARS-CoV-2,2-week count of sequences,total,2,>15%
SARS-CoV-2 variant,GISAID,Czechia,2025-W07,SARS-CoV-2,2-week count of sequences,total,8,>15%
SARS-CoV-2 variant,GISAID,Czechia,2025-W06,SARS-CoV-2,2-week count of sequences,total,10,>15%
SARS-CoV-2 variant,GISAID,Czechia,2025-W05,SARS-CoV-2,2-week count of sequences,total,10,>15%
SARS-CoV-2 variant,GISAID,Czechia,2025-W04,SARS-CoV-2,2-week count of sequences,total,10,>15%
SARS-CoV-2 variant,GISAID,Czechia,2025-W03,SARS-CoV-2,2-week count of sequences,total,8,>15%
SARS-CoV-2 variant,GISAID,Czechia,2025-W02,SARS-CoV-2,2-week count of sequences,total,9,>15%
SARS-CoV-2 variant,GISAID,Czechia,2025-W01,SARS-CoV-2,2-week count of sequences,total,5,>15%
SARS-CoV-2 variant,GISAID,Czechia,2024-W52,SARS-CoV-2,2-week count of sequences,total,3,>15%
SARS-CoV-2 variant,GISAID,Czechia,2024-W51,SARS-CoV-2,2-week count of sequences,total,3,>15%
SARS-CoV-2 variant,GISAID,Czechia,2024-W50,SARS-CoV-2,2-week count of sequences,total,10,>15%
SARS-CoV-2 variant,GISAID,Czechia,2024-W49,SARS-CoV-2,2-week count of sequences,total,10,>15%
SARS-CoV-2 variant,GISAID,Czechia,2024-W48,SARS-CoV-2,2-week count of sequences,total,5,>15%
SARS-CoV-2 variant,GISAID,Czechia,2024-W47,SARS-CoV-2,2-week count of sequences,total,8,>15%
SARS-CoV-2 variant,GISAID,Czechia,2024-W46,SARS-CoV-2,2-week count of sequences,total,14,>15%
SARS-CoV-2 variant,GISAID,Czechia,2024-W45,SARS-CoV-2,2-week count of sequences,total,26,>15%
SARS-CoV-2 variant,GISAID,Czechia,2024-W44,SARS-CoV-2,2-week count of sequences,total,35,>15%
SARS-CoV-2 variant,GISAID,Czechia,2024-W43,SARS-CoV-2,2-week count of sequences,total,58,>5% to 10%
SARS-CoV-2 variant,GISAID,Czechia,2024-W42,SARS-CoV-2,2-week count of sequences,total,81,>5% to 10%
SARS-CoV-2 variant,GISAID,Czechia,2024-W41,SARS-CoV-2,2-week count of sequences,total,81,>5% to 10%
SARS-CoV-2 variant,GISAID,Czechia,2024-W40,SARS-CoV-2,2-week count of sequences,total,91,>5% to 10%
SARS-CoV-2 variant,GISAID,Czechia,2024-W39,SARS-CoV-2,2-week count of sequences,total,80,>5% to 10%
SARS-CoV-2 variant,GISAID,Czechia,2024-W38,SARS-CoV-2,2-week count of sequences,total,46,>10% to 15%
SARS-CoV-2 variant,GISAID,Czechia,2024-W37,SARS-CoV-2,2-week count of sequences,total,33,>15%
SARS-CoV-2 variant,GISAID,Czechia,2024-W36,SARS-CoV-2,2-week count of sequences,total,34,>15%
SARS-CoV-2 variant,GISAID,Czechia,2024-W35,SARS-CoV-2,2-week count of sequences,total,34,>15%
SARS-CoV-2 variant,GISAID,Czechia,2024-W34,SARS-CoV-2,2-week count of sequences,total,28,>15%
SARS-CoV-2 variant,GISAID,Czechia,2024-W33,SARS-CoV-2,2-week count of sequences,total,31,>15%
SARS-CoV-2 variant,GISAID,Czechia,2024-W32,SARS-CoV-2,2-week count of sequences,total,37,>10% to 15%
SARS-CoV-2 variant,GISAID,Czechia,2024-W31,SARS-CoV-2,2-week count of sequences,total,27,>15%
SARS-CoV-2 variant,GISAID,Czechia,2024-W30,SARS-CoV-2,2-week count of sequences,total,13,>15%
SARS-CoV-2 variant,GISAID,Czechia,2024-W29,SARS-CoV-2,2-week count of sequences,total,5,>15%
SARS-CoV-2 variant,GISAID,Czechia,2024-W28,SARS-CoV-2,2-week count of sequences,total,2,>15%
SARS-CoV-2 variant,GISAID,Czechia,2024-W27,SARS-CoV-2,2-week count of sequences,total,4,>15%
SARS-CoV-2 variant,GISAID,Czechia,2024-W26,SARS-CoV-2,2-week count of sequences,total,6,>15%
SARS-CoV-2 variant,GISAID,Czechia,2024-W25,SARS-CoV-2,2-week count of sequences,total,7,>15%
SARS-CoV-2 variant,GISAID,Czechia,2024-W24,SARS-CoV-2,2-week count of sequences,total,7,>15%
SARS-CoV-2 variant,GISAID,Czechia,2024-W23,SARS-CoV-2,2-week count of sequences,total,8,>15%
SARS-CoV-2 variant,GISAID,Czechia,2024-W22,SARS-CoV-2,2-week count of sequences,total,8,>15%
SARS-CoV-2 variant,GISAID,Czechia,2024-W21,SARS-CoV-2,2-week count of sequences,total,3,>15%
SARS-CoV-2 variant,GISAID,Czechia,2024-W20,SARS-CoV-2,2-week count of sequences,total,1,>15%
SARS-CoV-2 variant,GISAID,Czechia,2024-W19,SARS-CoV-2,2-week count of sequences,total,1,>15%
SARS-CoV-2 variant,GISAID,Czechia,2024-W18,SARS-CoV-2,2-week count of sequences,total,0,No data
SARS-CoV-2 variant,GISAID,Czechia,2024-W17,SARS-CoV-2,2-week count of sequences,total,0,No data
SARS-CoV-2 variant,GISAID,Czechia,2024-W16,SARS-CoV-2,2-week count of sequences,total,1,>15%
SARS-CoV-2 variant,GISAID,Czechia,2024-W15,SARS-CoV-2,2-week count of sequences,total,1,>15%
SARS-CoV-2 variant,GISAID,Czechia,2024-W14,SARS-CoV-2,2-week count of sequences,total,0,No data
SARS-CoV-2 variant,GISAID,Czechia,2024-W13,SARS-CoV-2,2-week count of sequences,total,1,>15%
SARS-CoV-2 variant,GISAID,Czechia,2024-W12,SARS-CoV-2,2-week count of sequences,total,10,>15%
SARS-CoV-2 variant,GISAID,Czechia,2024-W11,SARS-CoV-2,2-week count of sequences,total,11,>15%
SARS-CoV-2 variant,GISAID,Czechia,2024-W10,SARS-CoV-2,2-week count of sequences,total,9,>15%
SARS-CoV-2 variant,GISAID,Czechia,2024-W09,SARS-CoV-2,2-week count of sequences,total,13,>15%
SARS-CoV-2 variant,GISAID,Czechia,2024-W08,SARS-CoV-2,2-week count of sequences,total,9,>15%
SARS-CoV-2 variant,GISAID,Czechia,2024-W07,SARS-CoV-2,2-week count of sequences,total,15,>15%
SARS-CoV-2 variant,GISAID,Czechia,2024-W06,SARS-CoV-2,2-week count of sequences,total,15,>15%
SARS-CoV-2 variant,GISAID,Czechia,2024-W05,SARS-CoV-2,2-week count of sequences,total,16,>15%
SARS-CoV-2 variant,GISAID,Czechia,2024-W04,SARS-CoV-2,2-week count of sequences,total,31,>15%
SARS-CoV-2 variant,GISAID,Czechia,2024-W03,SARS-CoV-2,2-week count of sequences,total,31,>15%
SARS-CoV-2 variant,GISAID,Czechia,2024-W02,SARS-CoV-2,2-week count of sequences,total,53,>10% to 15%
SARS-CoV-2 variant,GISAID,Czechia,2024-W01,SARS-CoV-2,2-week count of sequences,total,64,>5% to 10%
SARS-CoV-2 variant,GISAID,Czechia,2023-W52,SARS-CoV-2,2-week count of sequences,total,102,>5% to 10%
SARS-CoV-2 variant,GISAID,Czechia,2023-W51,SARS-CoV-2,2-week count of sequences,total,166,>2.5% to 5%
SARS-CoV-2 variant,GISAID,Czechia,2023-W50,SARS-CoV-2,2-week count of sequences,total,217,>2.5% to 5%
SARS-CoV-2 variant,GISAID,Czechia,2023-W49,SARS-CoV-2,2-week count of sequences,total,223,>2.5% to 5%
SARS-CoV-2 variant,GISAID,Czechia,2023-W48,SARS-CoV-2,2-week count of sequences,total,150,>2.5% to 5%
SARS-CoV-2 variant,GISAID,Czechia,2023-W47,SARS-CoV-2,2-week count of sequences,total,107,>5% to 10%
SARS-CoV-2 variant,GISAID,Czechia,2023-W46,SARS-CoV-2,2-week count of sequences,total,111,>5% to 10%
SARS-CoV-2 variant,GISAID,Czechia,2023-W45,SARS-CoV-2,2-week count of sequences,total,100,>5% to 10%
SARS-CoV-2 variant,GISAID,Czechia,2023-W44,SARS-CoV-2,2-week count of sequences,total,66,>5% to 10%
SARS-CoV-2 variant,GISAID,Czechia,2023-W43,SARS-CoV-2,2-week count of sequences,total,52,>10% to 15%
SARS-CoV-2 variant,GISAID,Czechia,2023-W42,SARS-CoV-2,2-week count of sequences,total,54,>10% to 15%
SARS-CoV-2 variant,GISAID,Czechia,2023-W41,SARS-CoV-2,2-week count of sequences,total,54,>10% to 15%
SARS-CoV-2 variant,GISAID,Czechia,2023-W40,SARS-CoV-2,2-week count of sequences,total,37,>10% to 15%
SARS-CoV-2 variant,GISAID,Czechia,2023-W39,SARS-CoV-2,2-week count of sequences,total,20,>15%
SARS-CoV-2 variant,GISAID,Czechia,2023-W38,SARS-CoV-2,2-week count of sequences,total,16,>15%
SARS-CoV-2 variant,GISAID,Czechia,2023-W37,SARS-CoV-2,2-week count of sequences,total,13,>15%
SARS-CoV-2 variant,GISAID,Czechia,2023-W36,SARS-CoV-2,2-week count of sequences,total,9,>15%
SARS-CoV-2 variant,GISAID,Czechia,2023-W35,SARS-CoV-2,2-week count of sequences,total,5,>15%
SARS-CoV-2 variant,GISAID,Czechia,2023-W34,SARS-CoV-2,2-week count of sequences,total,3,>15%
SARS-CoV-2 variant,GISAID,Czechia,2023-W33,SARS-CoV-2,2-week count of sequences,total,2,>15%
SARS-CoV-2 variant,GISAID,Czechia,2023-W32,SARS-CoV-2,2-week count of sequences,total,1,>15%
SARS-CoV-2 variant,GISAID,Czechia,2023-W31,SARS-CoV-2,2-week count of sequences,total,1,>15%
SARS-CoV-2 variant,GISAID,Czechia,2023-W30,SARS-CoV-2,2-week count of sequences,total,1,>15%
SARS-CoV-2 variant,GISAID,Czechia,2023-W29,SARS-CoV-2,2-week count of sequences,total,1,>15%
SARS-CoV-2 variant,GISAID,Czechia,2023-W28,SARS-CoV-2,2-week count of sequences,total,1,>15%
SARS-CoV-2 variant,GISAID,Czechia,2023-W27,SARS-CoV-2,2-week count of sequences,total,2,>15%
SARS-CoV-2 variant,GISAID,Czechia,2023-W26,SARS-CoV-2,2-week count of sequences,total,2,>15%
SARS-CoV-2 variant,GISAID,Czechia,2023-W25,SARS-CoV-2,2-week count of sequences,total,1,>15%
SARS-CoV-2 variant,GISAID,Czechia,2023-W24,SARS-CoV-2,2-week count of sequences,total,1,>15%
SARS-CoV-2 variant,GISAID,Czechia,2023-W23,SARS-CoV-2,2-week count of sequences,total,0,No data
SARS-CoV-2 variant,GISAID,Czechia,2023-W22,SARS-CoV-2,2-week count of sequences,total,4,>15%
SARS-CoV-2 variant,GISAID,Czechia,2023-W21,SARS-CoV-2,2-week count of sequences,total,14,>15%
SARS-CoV-2 variant,GISAID,Czechia,2023-W20,SARS-CoV-2,2-week count of sequences,total,16,>15%
SARS-CoV-2 variant,GISAID,Czechia,2023-W19,SARS-CoV-2,2-week count of sequences,total,13,>15%
SARS-CoV-2 variant,GISAID,Czechia,2023-W18,SARS-CoV-2,2-week count of sequences,total,26,>15%
SARS-CoV-2 variant,GISAID,Czechia,2023-W17,SARS-CoV-2,2-week count of sequences,total,56,>10% to 15%
SARS-CoV-2 variant,GISAID,Czechia,2023-W16,SARS-CoV-2,2-week count of sequences,total,108,>5% to 10%
SARS-CoV-2 variant,GISAID,Czechia,2023-W15,SARS-CoV-2,2-week count of sequences,total,129,>2.5% to 5%
SARS-CoV-2 variant,GISAID,Czechia,2023-W14,SARS-CoV-2,2-week count of sequences,total,147,>2.5% to 5%
SARS-CoV-2 variant,GISAID,Czechia,2023-W13,SARS-CoV-2,2-week count of sequences,total,278,>1% to 2.5%
SARS-CoV-2 variant,GISAID,Czechia,2023-W12,SARS-CoV-2,2-week count of sequences,total,384,>1% to 2.5%
SARS-CoV-2 variant,GISAID,Czechia,2023-W11,SARS-CoV-2,2-week count of sequences,total,384,>1% to 2.5%
SARS-CoV-2 variant,GISAID,Czechia,2023-W10,SARS-CoV-2,2-week count of sequences,total,337,>1% to 2.5%
SARS-CoV-2 variant,GISAID,Czechia,2023-W09,SARS-CoV-2,2-week count of sequences,total,291,>1% to 2.5%
SARS-CoV-2 variant,GISAID,Czechia,2023-W08,SARS-CoV-2,2-week count of sequences,total,279,>1% to 2.5%
SARS-CoV-2 variant,GISAID,Czechia,2023-W07,SARS-CoV-2,2-week count of sequences,total,198,>2.5% to 5%
SARS-CoV-2 variant,GISAID,Czechia,2023-W06,SARS-CoV-2,2-week count of sequences,total,128,>2.5% to 5%
SARS-CoV-2 variant,GISAID,Czechia,2023-W05,SARS-CoV-2,2-week count of sequences,total,98,>5% to 10%
SARS-CoV-2 variant,GISAID,Czechia,2023-W04,SARS-CoV-2,2-week count of sequences,total,95,>5% to 10%
SARS-CoV-2 variant,GISAID,Czechia,2023-W03,SARS-CoV-2,2-week count of sequences,total,103,>5% to 10%
SARS-CoV-2 variant,GISAID,Czechia,2023-W02,SARS-CoV-2,2-week count of sequences,total,119,>2.5% to 5%
SARS-CoV-2 variant,GISAID,Czechia,2023-W01,SARS-CoV-2,2-week count of sequences,total,128,>2.5% to 5%
SARS-CoV-2 variant,GISAID,Czechia,2022-W52,SARS-CoV-2,2-week count of sequences,total,89,>5% to 10%
SARS-CoV-2 variant,GISAID,Czechia,2022-W51,SARS-CoV-2,2-week count of sequences,total,134,>2.5% to 5%
SARS-CoV-2 variant,GISAID,Czechia,2022-W50,SARS-CoV-2,2-week count of sequences,total,255,>1% to 2.5%
SARS-CoV-2 variant,GISAID,Czechia,2022-W49,SARS-CoV-2,2-week count of sequences,total,287,>1% to 2.5%
SARS-CoV-2 variant,GISAID,Czechia,2022-W48,SARS-CoV-2,2-week count of sequences,total,264,>1% to 2.5%
SARS-CoV-2 variant,GISAID,Czechia,2022-W47,SARS-CoV-2,2-week count of sequences,total,282,>1% to 2.5%
SARS-CoV-2 variant,GISAID,Czechia,2022-W46,SARS-CoV-2,2-week count of sequences,total,306,>1% to 2.5%
SARS-CoV-2 variant,GISAID,Czechia,2022-W45,SARS-CoV-2,2-week count of sequences,total,372,>1% to 2.5%
SARS-CoV-2 variant,GISAID,Czechia,2022-W44,SARS-CoV-2,2-week count of sequences,total,494,>1% to 2.5%
SARS-CoV-2 variant,GISAID,Czechia,2022-W43,SARS-CoV-2,2-week count of sequences,total,728,≤1%
SARS-CoV-2 variant,GISAID,Czechia,2022-W42,SARS-CoV-2,2-week count of sequences,total,1033,≤1%
SARS-CoV-2 variant,GISAID,Czechia,2022-W41,SARS-CoV-2,2-week count of sequences,total,1077,≤1%
SARS-CoV-2 variant,GISAID,Czechia,2022-W40,SARS-CoV-2,2-week count of sequences,total,984,≤1%
SARS-CoV-2 variant,GISAID,Czechia,2022-W39,SARS-CoV-2,2-week count of sequences,total,1318,≤1%
SARS-CoV-2 variant,GISAID,Czechia,2022-W38,SARS-CoV-2,2-week count of sequences,total,1493,≤1%
SARS-CoV-2 variant,GISAID,Czechia,2022-W37,SARS-CoV-2,2-week count of sequences,total,1290,≤1%
SARS-CoV-2 variant,GISAID,Czechia,2022-W36,SARS-CoV-2,2-week count of sequences,total,1169,≤1%
SARS-CoV-2 variant,GISAID,Czechia,2022-W35,SARS-CoV-2,2-week count of sequences,total,1022,≤1%
SARS-CoV-2 variant,GISAID,Czechia,2022-W34,SARS-CoV-2,2-week count of sequences,total,1137,≤1%
SARS-CoV-2 variant,GISAID,Czechia,2022-W33,SARS-CoV-2,2-week count of sequences,total,1254,≤1%
SARS-CoV-2 variant,GISAID,Czechia,2022-W32,SARS-CoV-2,2-week count of sequences,total,1296,≤1%
SARS-CoV-2 variant,GISAID,Czechia,2022-W31,SARS-CoV-2,2-week count of sequences,total,1178,≤1%
SARS-CoV-2 variant,GISAID,Czechia,2022-W30,SARS-CoV-2,2-week count of sequences,total,1179,≤1%
SARS-CoV-2 variant,GISAID,Czechia,2022-W29,SARS-CoV-2,2-week count of sequences,total,1313,≤1%
SARS-CoV-2 variant,GISAID,Czechia,2022-W28,SARS-CoV-2,2-week count of sequences,total,978,≤1%
SARS-CoV-2 variant,GISAID,Czechia,2022-W27,SARS-CoV-2,2-week count of sequences,total,912,≤1%
SARS-CoV-2 variant,GISAID,Czechia,2022-W26,SARS-CoV-2,2-week count of sequences,total,1120,≤1%
SARS-CoV-2 variant,GISAID,Czechia,2022-W25,SARS-CoV-2,2-week count of sequences,total,581,>1% to 2.5%
SARS-CoV-2 variant,GISAID,Denmark,2026-W36,SARS-CoV-2,2-week count of sequences,total,0,No data
SARS-CoV-2 variant,GISAID,Denmark,2026-W35,SARS-CoV-2,2-week count of sequences,total,0,No data
SARS-CoV-2 variant,GISAID,Denmark,2026-W34,SARS-CoV-2,2-week count of sequences,total,0,No data
SARS-CoV-2 variant,GISAID,Denmark,2026-W33,SARS-CoV-2,2-week count of sequences,total,0,No data
SARS-CoV-2 variant,GISAID,Denmark,2026-W32,SARS-CoV-2,2-week count of sequences,total,0,No data
SARS-CoV-2 variant,GISAID,Denmark,2026-W31,SARS-CoV-2,2-week count of sequences,total,0,No data
SARS-CoV-2 variant,GISAID,Denmark,2026-W30,SARS-CoV-2,2-week count of sequences,total,0,No data
SARS-CoV-2 variant,GISAID,Denmark,2026-W29,SARS-CoV-2,2-week count of sequences,total,0,No data
SARS-CoV-2 variant,GISAID,Denmark,2026-W28,SARS-CoV-2,2-week count of sequences,total,0,No data
SARS-CoV-2 variant,GISAID,Denmark,2026-W27,SARS-CoV-2,2-week count of sequences,total,0,No data
SARS-CoV-2 variant,GISAID,Denmark,2026-W26,SARS-CoV-2,2-week count of sequences,total,0,No data
SARS-CoV-2 variant,GISAID,Denmark,2026-W25,SARS-CoV-2,2-week count of sequences,total,0,No data
SARS-CoV-2 variant,GISAID,Denmark,2026-W24,SARS-CoV-2,2-week count of sequences,total,0,No data
SARS-CoV-2 variant,GISAID,Denmark,2026-W23,SARS-CoV-2,2-week count of sequences,total,0,No data
SARS-CoV-2 variant,GISAID,Denmark,2026-W22,SARS-CoV-2,2-week count of sequences,total,0,No data
SARS-CoV-2 variant,GISAID,Denmark,2026-W21,SARS-CoV-2,2-week count of sequences,total,0,No data
SARS-CoV-2 variant,GISAID,Denmark,2026-W20,SARS-CoV-2,2-week count of sequences,total,0,No data
SARS-CoV-2 variant,GISAID,Denmark,2026-W19,SARS-CoV-2,2-week count of sequences,total,0,No data
SARS-CoV-2 variant,GISAID,Denmark,2026-W18,SARS-CoV-2,2-week count of sequences,total,0,No data
SARS-CoV-2 variant,GISAID,Denmark,2026-W17,SARS-CoV-2,2-week count of sequences,total,4,>15%
SARS-CoV-2 variant,GISAID,Denmark,2026-W16,SARS-CoV-2,2-week count of sequences,total,8,>15%
SARS-CoV-2 variant,GISAID,Denmark,2026-W15,SARS-CoV-2,2-week count of sequences,total,5,>15%
SARS-CoV-2 variant,GISAID,Denmark,2026-W14,SARS-CoV-2,2-week count of sequences,total,1,>15%
SARS-CoV-2 variant,GISAID,Denmark,2026-W13,SARS-CoV-2,2-week count of sequences,total,3,>15%
SARS-CoV-2 variant,GISAID,Denmark,2026-W12,SARS-CoV-2,2-week count of sequences,total,12,>15%
SARS-CoV-2 variant,GISAID,Denmark,2026-W11,SARS-CoV-2,2-week count of sequences,total,18,>15%
SARS-CoV-2 variant,GISAID,Denmark,2026-W10,SARS-CoV-2,2-week count of sequences,total,24,>15%
SARS-CoV-2 variant,GISAID,Denmark,2026-W09,SARS-CoV-2,2-week count of sequences,total,24,>15%
SARS-CoV-2 variant,GISAID,Denmark,2026-W08,SARS-CoV-2,2-week count of sequences,total,27,>15%
SARS-CoV-2 variant,GISAID,Denmark,2026-W07,SARS-CoV-2,2-week count of sequences,total,41,>10% to 15%
SARS-CoV-2 variant,GISAID,Denmark,2026-W06,SARS-CoV-2,2-week count of sequences,total,48,>10% to 15%
SARS-CoV-2 variant,GISAID,Denmark,2026-W05,SARS-CoV-2,2-week count of sequences,total,62,>5% to 10%
SARS-CoV-2 variant,GISAID,Denmark,2026-W04,SARS-CoV-2,2-week count of sequences,total,75,>5% to 10%
SARS-CoV-2 variant,GISAID,Denmark,2026-W03,SARS-CoV-2,2-week count of sequences,total,80,>5% to 10%
SARS-CoV-2 variant,GISAID,Denmark,2026-W02,SARS-CoV-2,2-week count of sequences,total,56,>10% to 15%
SARS-CoV-2 variant,GISAID,Denmark,2026-W01,SARS-CoV-2,2-week count of sequences,total,73,>5% to 10%
SARS-CoV-2 variant,GISAID,Denmark,2025-W52,SARS-CoV-2,2-week count of sequences,total,117,>5% to 10%
SARS-CoV-2 variant,GISAID,Denmark,2025-W51,SARS-CoV-2,2-week count of sequences,total,59,>5% to 10%
SARS-CoV-2 variant,GISAID,Denmark,2025-W50,SARS-CoV-2,2-week count of sequences,total,1,>15%
SARS-CoV-2 variant,GISAID,Denmark,2025-W49,SARS-CoV-2,2-week count of sequences,total,31,>15%
SARS-CoV-2 variant,GISAID,Denmark,2025-W48,SARS-CoV-2,2-week count of sequences,total,74,>5% to 10%
SARS-CoV-2 variant,GISAID,Denmark,2025-W47,SARS-CoV-2,2-week count of sequences,total,67,>5% to 10%
SARS-CoV-2 variant,GISAID,Denmark,2025-W46,SARS-CoV-2,2-week count of sequences,total,76,>5% to 10%
SARS-CoV-2 variant,GISAID,Denmark,2025-W45,SARS-CoV-2,2-week count of sequences,total,121,>2.5% to 5%
SARS-CoV-2 variant,GISAID,Denmark,2025-W44,SARS-CoV-2,2-week count of sequences,total,124,>2.5% to 5%
SARS-CoV-2 variant,GISAID,Denmark,2025-W43,SARS-CoV-2,2-week count of sequences,total,89,>5% to 10%
SARS-CoV-2 variant,GISAID,Denmark,2025-W42,SARS-CoV-2,2-week count of sequences,total,101,>5% to 10%
SARS-CoV-2 variant,GISAID,Denmark,2025-W41,SARS-CoV-2,2-week count of sequences,total,157,>2.5% to 5%
SARS-CoV-2 variant,GISAID,Denmark,2025-W40,SARS-CoV-2,2-week count of sequences,total,165,>2.5% to 5%
SARS-CoV-2 variant,GISAID,Denmark,2025-W39,SARS-CoV-2,2-week count of sequences,total,114,>5% to 10%
SARS-CoV-2 variant,GISAID,Denmark,2025-W38,SARS-CoV-2,2-week count of sequences,total,100,>5% to 10%
SARS-CoV-2 variant,GISAID,Denmark,2025-W37,SARS-CoV-2,2-week count of sequences,total,153,>2.5% to 5%
SARS-CoV-2 variant,GISAID,Denmark,2025-W36,SARS-CoV-2,2-week count of sequences,total,181,>2.5% to 5%
SARS-CoV-2 variant,GISAID,Denmark,2025-W35,SARS-CoV-2,2-week count of sequences,total,136,>2.5% to 5%
SARS-CoV-2 variant,GISAID,Denmark,2025-W34,SARS-CoV-2,2-week count of sequences,total,97,>5% to 10%
SARS-CoV-2 variant,GISAID,Denmark,2025-W33,SARS-CoV-2,2-week count of sequences,total,76,>5% to 10%
SARS-CoV-2 variant,GISAID,Denmark,2025-W32,SARS-CoV-2,2-week count of sequences,total,51,>10% to 15%
SARS-CoV-2 variant,GISAID,Denmark,2025-W31,SARS-CoV-2,2-week count of sequences,total,61,>5% to 10%
SARS-CoV-2 variant,GISAID,Denmark,2025-W30,SARS-CoV-2,2-week count of sequences,total,61,>5% to 10%
SARS-CoV-2 variant,GISAID,Denmark,2025-W29,SARS-CoV-2,2-week count of sequences,total,50,>10% to 15%
SARS-CoV-2 variant,GISAID,Denmark,2025-W28,SARS-CoV-2,2-week count of sequences,total,44,>10% to 15%
SARS-CoV-2 variant,GISAID,Denmark,2025-W27,SARS-CoV-2,2-week count of sequences,total,46,>10% to 15%
SARS-CoV-2 variant,GISAID,Denmark,2025-W26,SARS-CoV-2,2-week count of sequences,total,52,>10% to 15%
SARS-CoV-2 variant,GISAID,Denmark,2025-W25,SARS-CoV-2,2-week count of sequences,total,41,>10% to 15%
SARS-CoV-2 variant,GISAID,Denmark,2025-W24,SARS-CoV-2,2-week count of sequences,total,40,>10% to 15%
SARS-CoV-2 variant,GISAID,Denmark,2025-W23,SARS-CoV-2,2-week count of sequences,total,41,>10% to 15%
SARS-CoV-2 variant,GISAID,Denmark,2025-W22,SARS-CoV-2,2-week count of sequences,total,33,>15%
SARS-CoV-2 variant,GISAID,Denmark,2025-W21,SARS-CoV-2,2-week count of sequences,total,32,>15%
SARS-CoV-2 variant,GISAID,Denmark,2025-W20,SARS-CoV-2,2-week count of sequences,total,31,>15%
SARS-CoV-2 variant,GISAID,Denmark,2025-W19,SARS-CoV-2,2-week count of sequences,total,34,>15%
SARS-CoV-2 variant,GISAID,Denmark,2025-W18,SARS-CoV-2,2-week count of sequences,total,40,>10% to 15%
SARS-CoV-2 variant,GISAID,Denmark,2025-W17,SARS-CoV-2,2-week count of sequences,total,36,>15%
SARS-CoV-2 variant,GISAID,Denmark,2025-W16,SARS-CoV-2,2-week count of sequences,total,31,>15%
SARS-CoV-2 variant,GISAID,Denmark,2025-W15,SARS-CoV-2,2-week count of sequences,total,32,>15%
SARS-CoV-2 variant,GISAID,Denmark,2025-W14,SARS-CoV-2,2-week count of sequences,total,42,>10% to 15%
SARS-CoV-2 variant,GISAID,Denmark,2025-W13,SARS-CoV-2,2-week count of sequences,total,51,>10% to 15%
SARS-CoV-2 variant,GISAID,Denmark,2025-W12,SARS-CoV-2,2-week count of sequences,total,43,>10% to 15%
SARS-CoV-2 variant,GISAID,Denmark,2025-W11,SARS-CoV-2,2-week count of sequences,total,39,>10% to 15%
SARS-CoV-2 variant,GISAID,Denmark,2025-W10,SARS-CoV-2,2-week count of sequences,total,45,>10% to 15%
SARS-CoV-2 variant,GISAID,Denmark,2025-W09,SARS-CoV-2,2-week count of sequences,total,50,>10% to 15%
SARS-CoV-2 variant,GISAID,Denmark,2025-W08,SARS-CoV-2,2-week count of sequences,total,56,>10% to 15%
SARS-CoV-2 variant,GISAID,Denmark,2025-W07,SARS-CoV-2,2-week count of sequences,total,52,>10% to 15%
SARS-CoV-2 variant,GISAID,Denmark,2025-W06,SARS-CoV-2,2-week count of sequences,total,41,>10% to 15%
SARS-CoV-2 variant,GISAID,Denmark,2025-W05,SARS-CoV-2,2-week count of sequences,total,45,>10% to 15%
SARS-CoV-2 variant,GISAID,Denmark,2025-W04,SARS-CoV-2,2-week count of sequences,total,42,>10% to 15%
SARS-CoV-2 variant,GISAID,Denmark,2025-W03,SARS-CoV-2,2-week count of sequences,total,35,>15%
SARS-CoV-2 variant,GISAID,Denmark,2025-W02,SARS-CoV-2,2-week count of sequences,total,58,>5% to 10%
SARS-CoV-2 variant,GISAID,Denmark,2025-W01,SARS-CoV-2,2-week count of sequences,total,78,>5% to 10%
SARS-CoV-2 variant,GISAID,Denmark,2024-W52,SARS-CoV-2,2-week count of sequences,total,87,>5% to 10%
SARS-CoV-2 variant,GISAID,Denmark,2024-W51,SARS-CoV-2,2-week count of sequences,total,90,>5% to 10%
SARS-CoV-2 variant,GISAID,Denmark,2024-W50,SARS-CoV-2,2-week count of sequences,total,95,>5% to 10%
SARS-CoV-2 variant,GISAID,Denmark,2024-W49,SARS-CoV-2,2-week count of sequences,total,126,>2.5% to 5%
SARS-CoV-2 variant,GISAID,Denmark,2024-W48,SARS-CoV-2,2-week count of sequences,total,131,>2.5% to 5%
SARS-CoV-2 variant,GISAID,Denmark,2024-W47,SARS-CoV-2,2-week count of sequences,total,128,>2.5% to 5%
SARS-CoV-2 variant,GISAID,Denmark,2024-W46,SARS-CoV-2,2-week count of sequences,total,159,>2.5% to 5%
SARS-CoV-2 variant,GISAID,Denmark,2024-W45,SARS-CoV-2,2-week count of sequences,total,221,>2.5% to 5%
SARS-CoV-2 variant,GISAID,Denmark,2024-W44,SARS-CoV-2,2-week count of sequences,total,254,>1% to 2.5%
SARS-CoV-2 variant,GISAID,Denmark,2024-W43,SARS-CoV-2,2-week count of sequences,total,279,>1% to 2.5%
SARS-CoV-2 variant,GISAID,Denmark,2024-W42,SARS-CoV-2,2-week count of sequences,total,340,>1% to 2.5%
SARS-CoV-2 variant,GISAID,Denmark,2024-W41,SARS-CoV-2,2-week count of sequences,total,335,>1% to 2.5%
SARS-CoV-2 variant,GISAID,Denmark,2024-W40,SARS-CoV-2,2-week count of sequences,total,265,>1% to 2.5%
SARS-CoV-2 variant,GISAID,Denmark,2024-W39,SARS-CoV-2,2-week count of sequences,total,234,>2.5% to 5%
SARS-CoV-2 variant,GISAID,Denmark,2024-W38,SARS-CoV-2,2-week count of sequences,total,285,>1% to 2.5%
SARS-CoV-2 variant,GISAID,Denmark,2024-W37,SARS-CoV-2,2-week count of sequences,total,440,>1% to 2.5%
SARS-CoV-2 variant,GISAID,Denmark,2024-W36,SARS-CoV-2,2-week count of sequences,total,475,>1% to 2.5%
SARS-CoV-2 variant,GISAID,Denmark,2024-W35,SARS-CoV-2,2-week count of sequences,total,389,>1% to 2.5%
SARS-CoV-2 variant,GISAID,Denmark,2024-W34,SARS-CoV-2,2-week count of sequences,total,372,>1% to 2.5%
SARS-CoV-2 variant,GISAID,Denmark,2024-W33,SARS-CoV-2,2-week count of sequences,total,361,>1% to 2.5%
SARS-CoV-2 variant,GISAID,Denmark,2024-W32,SARS-CoV-2,2-week count of sequences,total,337,>1% to 2.5%
SARS-CoV-2 variant,GISAID,Denmark,2024-W31,SARS-CoV-2,2-week count of sequences,total,376,>1% to 2.5%
SARS-CoV-2 variant,GISAID,Denmark,2024-W30,SARS-CoV-2,2-week count of sequences,total,442,>1% to 2.5%
SARS-CoV-2 variant,GISAID,Denmark,2024-W29,SARS-CoV-2,2-week count of sequences,total,421,>1% to 2.5%
SARS-CoV-2 variant,GISAID,Denmark,2024-W28,SARS-CoV-2,2-week count of sequences,total,361,>1% to 2.5%
SARS-CoV-2 variant,GISAID,Denmark,2024-W27,SARS-CoV-2,2-week count of sequences,total,253,>1% to 2.5%
SARS-CoV-2 variant,GISAID,Denmark,2024-W26,SARS-CoV-2,2-week count of sequences,total,144,>2.5% to 5%
SARS-CoV-2 variant,GISAID,Denmark,2024-W25,SARS-CoV-2,2-week count of sequences,total,84,>5% to 10%
SARS-CoV-2 variant,GISAID,Denmark,2024-W24,SARS-CoV-2,2-week count of sequences,total,42,>10% to 15%
SARS-CoV-2 variant,GISAID,Denmark,2024-W23,SARS-CoV-2,2-week count of sequences,total,27,>15%
SARS-CoV-2 variant,GISAID,Denmark,2024-W22,SARS-CoV-2,2-week count of sequences,total,28,>15%
SARS-CoV-2 variant,GISAID,Denmark,2024-W21,SARS-CoV-2,2-week count of sequences,total,29,>15%
SARS-CoV-2 variant,GISAID,Denmark,2024-W20,SARS-CoV-2,2-week count of sequences,total,27,>15%
SARS-CoV-2 variant,GISAID,Denmark,2024-W19,SARS-CoV-2,2-week count of sequences,total,27,>15%
SARS-CoV-2 variant,GISAID,Denmark,2024-W18,SARS-CoV-2,2-week count of sequences,total,23,>15%
SARS-CoV-2 variant,GISAID,Denmark,2024-W17,SARS-CoV-2,2-week count of sequences,total,15,>15%
SARS-CoV-2 variant,GISAID,Denmark,2024-W16,SARS-CoV-2,2-week count of sequences,total,18,>15%
SARS-CoV-2 variant,GISAID,Denmark,2024-W15,SARS-CoV-2,2-week count of sequences,total,25,>15%
SARS-CoV-2 variant,GISAID,Denmark,2024-W14,SARS-CoV-2,2-week count of sequences,total,27,>15%
SARS-CoV-2 variant,GISAID,Denmark,2024-W13,SARS-CoV-2,2-week count of sequences,total,27,>15%
SARS-CoV-2 variant,GISAID,Denmark,2024-W12,SARS-CoV-2,2-week count of sequences,total,21,>15%
SARS-CoV-2 variant,GISAID,Denmark,2024-W11,SARS-CoV-2,2-week count of sequences,total,21,>15%
SARS-CoV-2 variant,GISAID,Denmark,2024-W10,SARS-CoV-2,2-week count of sequences,total,35,>15%
SARS-CoV-2 variant,GISAID,Denmark,2024-W09,SARS-CoV-2,2-week count of sequences,total,35,>15%
SARS-CoV-2 variant,GISAID,Denmark,2024-W08,SARS-CoV-2,2-week count of sequences,total,47,>10% to 15%
SARS-CoV-2 variant,GISAID,Denmark,2024-W07,SARS-CoV-2,2-week count of sequences,total,64,>5% to 10%
SARS-CoV-2 variant,GISAID,Denmark,2024-W06,SARS-CoV-2,2-week count of sequences,total,70,>5% to 10%
SARS-CoV-2 variant,GISAID,Denmark,2024-W05,SARS-CoV-2,2-week count of sequences,total,89,>5% to 10%
SARS-CoV-2 variant,GISAID,Denmark,2024-W04,SARS-CoV-2,2-week count of sequences,total,143,>2.5% to 5%
SARS-CoV-2 variant,GISAID,Denmark,2024-W03,SARS-CoV-2,2-week count of sequences,total,237,>2.5% to 5%
SARS-CoV-2 variant,GISAID,Denmark,2024-W02,SARS-CoV-2,2-week count of sequences,total,444,>1% to 2.5%
SARS-CoV-2 variant,GISAID,Denmark,2024-W01,SARS-CoV-2,2-week count of sequences,total,773,≤1%
SARS-CoV-2 variant,GISAID,Denmark,2023-W52,SARS-CoV-2,2-week count of sequences,total,1292,≤1%
SARS-CoV-2 variant,GISAID,Denmark,2023-W51,SARS-CoV-2,2-week count of sequences,total,1917,≤1%
SARS-CoV-2 variant,GISAID,Denmark,2023-W50,SARS-CoV-2,2-week count of sequences,total,2540,≤1%
SARS-CoV-2 variant,GISAID,Denmark,2023-W49,SARS-CoV-2,2-week count of sequences,total,2579,≤1%
SARS-CoV-2 variant,GISAID,Denmark,2023-W48,SARS-CoV-2,2-week count of sequences,total,1902,≤1%
SARS-CoV-2 variant,GISAID,Denmark,2023-W47,SARS-CoV-2,2-week count of sequences,total,1261,≤1%
SARS-CoV-2 variant,GISAID,Denmark,2023-W46,SARS-CoV-2,2-week count of sequences,total,1035,≤1%
SARS-CoV-2 variant,GISAID,Denmark,2023-W45,SARS-CoV-2,2-week count of sequences,total,1109,≤1%
SARS-CoV-2 variant,GISAID,Denmark,2023-W44,SARS-CoV-2,2-week count of sequences,total,1108,≤1%
SARS-CoV-2 variant,GISAID,Denmark,2023-W43,SARS-CoV-2,2-week count of sequences,total,933,≤1%
SARS-CoV-2 variant,GISAID,Denmark,2023-W42,SARS-CoV-2,2-week count of sequences,total,688,≤1%
SARS-CoV-2 variant,GISAID,Denmark,2023-W41,SARS-CoV-2,2-week count of sequences,total,572,>1% to 2.5%
SARS-CoV-2 variant,GISAID,Denmark,2023-W40,SARS-CoV-2,2-week count of sequences,total,511,>1% to 2.5%
SARS-CoV-2 variant,GISAID,Denmark,2023-W39,SARS-CoV-2,2-week count of sequences,total,425,>1% to 2.5%
SARS-CoV-2 variant,GISAID,Denmark,2023-W38,SARS-CoV-2,2-week count of sequences,total,449,>1% to 2.5%
SARS-CoV-2 variant,GISAID,Denmark,2023-W37,SARS-CoV-2,2-week count of sequences,total,512,>1% to 2.5%
SARS-CoV-2 variant,GISAID,Denmark,2023-W36,SARS-CoV-2,2-week count of sequences,total,452,>1% to 2.5%
SARS-CoV-2 variant,GISAID,Denmark,2023-W35,SARS-CoV-2,2-week count of sequences,total,424,>1% to 2.5%
SARS-CoV-2 variant,GISAID,Denmark,2023-W34,SARS-CoV-2,2-week count of sequences,total,444,>1% to 2.5%
SARS-CoV-2 variant,GISAID,Denmark,2023-W33,SARS-CoV-2,2-week count of sequences,total,346,>1% to 2.5%
SARS-CoV-2 variant,GISAID,Denmark,2023-W32,SARS-CoV-2,2-week count of sequences,total,223,>2.5% to 5%
SARS-CoV-2 variant,GISAID,Denmark,2023-W31,SARS-CoV-2,2-week count of sequences,total,148,>2.5% to 5%
SARS-CoV-2 variant,GISAID,Denmark,2023-W30,SARS-CoV-2,2-week count of sequences,total,88,>5% to 10%
SARS-CoV-2 variant,GISAID,Denmark,2023-W29,SARS-CoV-2,2-week count of sequences,total,85,>5% to 10%
SARS-CoV-2 variant,GISAID,Denmark,2023-W28,SARS-CoV-2,2-week count of sequences,total,89,>5% to 10%
SARS-CoV-2 variant,GISAID,Denmark,2023-W27,SARS-CoV-2,2-week count of sequences,total,63,>5% to 10%
SARS-CoV-2 variant,GISAID,Denmark,2023-W26,SARS-CoV-2,2-week count of sequences,total,67,>5% to 10%
SARS-CoV-2 variant,GISAID,Denmark,2023-W25,SARS-CoV-2,2-week count of sequences,total,89,>5% to 10%
SARS-CoV-2 variant,GISAID,Denmark,2023-W24,SARS-CoV-2,2-week count of sequences,total,118,>2.5% to 5%
SARS-CoV-2 variant,GISAID,Denmark,2023-W23,SARS-CoV-2,2-week count of sequences,total,161,>2.5% to 5%
SARS-CoV-2 variant,GISAID,Denmark,2023-W22,SARS-CoV-2,2-week count of sequences,total,231,>2.5% to 5%
SARS-CoV-2 variant,GISAID,Denmark,2023-W21,SARS-CoV-2,2-week count of sequences,total,301,>1% to 2.5%
SARS-CoV-2 variant,GISAID,Denmark,2023-W20,SARS-CoV-2,2-week count of sequences,total,427,>1% to 2.5%
SARS-CoV-2 variant,GISAID,Denmark,2023-W19,SARS-CoV-2,2-week count of sequences,total,532,>1% to 2.5%
SARS-CoV-2 variant,GISAID,Denmark,2023-W18,SARS-CoV-2,2-week count of sequences,total,519,>1% to 2.5%
SARS-CoV-2 variant,GISAID,Denmark,2023-W17,SARS-CoV-2,2-week count of sequences,total,600,>1% to 2.5%
SARS-CoV-2 variant,GISAID,Denmark,2023-W16,SARS-CoV-2,2-week count of sequences,total,703,≤1%
SARS-CoV-2 variant,GISAID,Denmark,2023-W15,SARS-CoV-2,2-week count of sequences,total,735,≤1%
SARS-CoV-2 variant,GISAID,Denmark,2023-W14,SARS-CoV-2,2-week count of sequences,total,1157,≤1%
SARS-CoV-2 variant,GISAID,Denmark,2023-W13,SARS-CoV-2,2-week count of sequences,total,1762,≤1%
SARS-CoV-2 variant,GISAID,Denmark,2023-W12,SARS-CoV-2,2-week count of sequences,total,1815,≤1%
SARS-CoV-2 variant,GISAID,Denmark,2023-W11,SARS-CoV-2,2-week count of sequences,total,1406,≤1%
SARS-CoV-2 variant,GISAID,Denmark,2023-W10,SARS-CoV-2,2-week count of sequences,total,1130,≤1%
SARS-CoV-2 variant,GISAID,Denmark,2023-W09,SARS-CoV-2,2-week count of sequences,total,985,≤1%
SARS-CoV-2 variant,GISAID,Denmark,2023-W08,SARS-CoV-2,2-week count of sequences,total,1056,≤1%
SARS-CoV-2 variant,GISAID,Denmark,2023-W07,SARS-CoV-2,2-week count of sequences,total,1339,≤1%
SARS-CoV-2 variant,GISAID,Denmark,2023-W06,SARS-CoV-2,2-week count of sequences,total,1444,≤1%
SARS-CoV-2 variant,GISAID,Denmark,2023-W05,SARS-CoV-2,2-week count of sequences,total,1442,≤1%
SARS-CoV-2 variant,GISAID,Denmark,2023-W04,SARS-CoV-2,2-week count of sequences,total,1571,≤1%
SARS-CoV-2 variant,GISAID,Denmark,2023-W03,SARS-CoV-2,2-week count of sequences,total,2260,≤1%
SARS-CoV-2 variant,GISAID,Denmark,2023-W02,SARS-CoV-2,2-week count of sequences,total,3972,≤1%
SARS-CoV-2 variant,GISAID,Denmark,2023-W01,SARS-CoV-2,2-week count of sequences,total,6337,≤1%
SARS-CoV-2 variant,GISAID,Denmark,2022-W52,SARS-CoV-2,2-week count of sequences,total,7572,≤1%
SARS-CoV-2 variant,GISAID,Denmark,2022-W51,SARS-CoV-2,2-week count of sequences,total,7608,≤1%
SARS-CoV-2 variant,GISAID,Denmark,2022-W50,SARS-CoV-2,2-week count of sequences,total,7781,≤1%
SARS-CoV-2 variant,GISAID,Denmark,2022-W49,SARS-CoV-2,2-week count of sequences,total,7659,≤1%
SARS-CoV-2 variant,GISAID,Denmark,2022-W48,SARS-CoV-2,2-week count of sequences,total,6799,≤1%
SARS-CoV-2 variant,GISAID,Denmark,2022-W47,SARS-CoV-2,2-week count of sequences,total,5807,≤1%
SARS-CoV-2 variant,GISAID,Denmark,2022-W46,SARS-CoV-2,2-week count of sequences,total,5793,≤1%
SARS-CoV-2 variant,GISAID,Denmark,2022-W45,SARS-CoV-2,2-week count of sequences,total,6094,≤1%
SARS-CoV-2 variant,GISAID,Denmark,2022-W44,SARS-CoV-2,2-week count of sequences,total,6554,≤1%
SARS-CoV-2 variant,GISAID,Denmark,2022-W43,SARS-CoV-2,2-week count of sequences,total,7533,≤1%
SARS-CoV-2 variant,GISAID,Denmark,2022-W42,SARS-CoV-2,2-week count of sequences,total,7982,≤1%
SARS-CoV-2 variant,GISAID,Denmark,2022-W41,SARS-CoV-2,2-week count of sequences,total,8312,≤1%
SARS-CoV-2 variant,GISAID,Denmark,2022-W40,SARS-CoV-2,2-week count of sequences,total,8181,≤1%
SARS-CoV-2 variant,GISAID,Denmark,2022-W39,SARS-CoV-2,2-week count of sequences,total,7891,≤1%
SARS-CoV-2 variant,GISAID,Denmark,2022-W38,SARS-CoV-2,2-week count of sequences,total,7666,≤1%
SARS-CoV-2 variant,GISAID,Denmark,2022-W37,SARS-CoV-2,2-week count of sequences,total,7284,≤1%
SARS-CoV-2 variant,GISAID,Denmark,2022-W36,SARS-CoV-2,2-week count of sequences,total,6823,≤1%
SARS-CoV-2 variant,GISAID,Denmark,2022-W35,SARS-CoV-2,2-week count of sequences,total,5939,≤1%
SARS-CoV-2 variant,GISAID,Denmark,2022-W34,SARS-CoV-2,2-week count of sequences,total,5505,≤1%
SARS-CoV-2 variant,GISAID,Denmark,2022-W33,SARS-CoV-2,2-week count of sequences,total,6701,≤1%
SARS-CoV-2 variant,GISAID,Denmark,2022-W32,SARS-CoV-2,2-week count of sequences,total,7372,≤1%
SARS-CoV-2 variant,GISAID,Denmark,2022-W31,SARS-CoV-2,2-week count of sequences,total,7586,≤1%
SARS-CoV-2 variant,GISAID,Denmark,2022-W30,SARS-CoV-2,2-week count of sequences,total,8811,≤1%
SARS-CoV-2 variant,GISAID,Denmark,2022-W29,SARS-CoV-2,2-week count of sequences,total,8992,≤1%
SARS-CoV-2 variant,GISAID,Denmark,2022-W28,SARS-CoV-2,2-week count of sequences,total,8511,≤1%
SARS-CoV-2 variant,GISAID,Denmark,2022-W27,SARS-CoV-2,2-week count of sequences,total,8493,≤1%
SARS-CoV-2 variant,GISAID,Denmark,2022-W26,SARS-CoV-2,2-week count of sequences,total,9068,≤1%
SARS-CoV-2 variant,GISAID,Denmark,2022-W25,SARS-CoV-2,2-week count of sequences,total,4754,≤1%
SARS-CoV-2 variant,GISAID,Estonia,2026-W36,SARS-CoV-2,2-week count of sequences,total,0,No data
SARS-CoV-2 variant,GISAID,Estonia,2026-W35,SARS-CoV-2,2-week count of sequences,total,0,No data
SARS-CoV-2 variant,GISAID,Estonia,2026-W34,SARS-CoV-2,2-week count of sequences,total,0,No data
SARS-CoV-2 variant,GISAID,Estonia,2026-W33,SARS-CoV-2,2-week count of sequences,total,0,No data
SARS-CoV-2 variant,GISAID,Estonia,2026-W32,SARS-CoV-2,2-week count of sequences,total,0,No data
SARS-CoV-2 variant,GISAID,Estonia,2026-W31,SARS-CoV-2,2-week count of sequences,total,0,No data
SARS-CoV-2 variant,GISAID,Estonia,2026-W30,SARS-CoV-2,2-week count of sequences,total,0,No data
SARS-CoV-2 variant,GISAID,Estonia,2026-W29,SARS-CoV-2,2-week count of sequences,total,0,No data
SARS-CoV-2 variant,GISAID,Estonia,2026-W28,SARS-CoV-2,2-week count of sequences,total,0,No data
SARS-CoV-2 variant,GISAID,Estonia,2026-W27,SARS-CoV-2,2-week count of sequences,total,0,No data
SARS-CoV-2 variant,GISAID,Estonia,2026-W26,SARS-CoV-2,2-week count of sequences,total,0,No data
SARS-CoV-2 variant,GISAID,Estonia,2026-W25,SARS-CoV-2,2-week count of sequences,total,0,No data
SARS-CoV-2 variant,GISAID,Estonia,2026-W24,SARS-CoV-2,2-week count of sequences,total,0,No data
SARS-CoV-2 variant,GISAID,Estonia,2026-W23,SARS-CoV-2,2-week count of sequences,total,0,No data
SARS-CoV-2 variant,GISAID,Estonia,2026-W22,SARS-CoV-2,2-week count of sequences,total,0,No data
SARS-CoV-2 variant,GISAID,Estonia,2026-W21,SARS-CoV-2,2-week count of sequences,total,0,No data
SARS-CoV-2 variant,GISAID,Estonia,2026-W20,SARS-CoV-2,2-week count of sequences,total,0,No data
SARS-CoV-2 variant,GISAID,Estonia,2026-W19,SARS-CoV-2,2-week count of sequences,total,0,No data
SARS-CoV-2 variant,GISAID,Estonia,2026-W18,SARS-CoV-2,2-week count of sequences,total,1,>15%
SARS-CoV-2 variant,GISAID,Estonia,2026-W17,SARS-CoV-2,2-week count of sequences,total,2,>15%
SARS-CoV-2 variant,GISAID,Estonia,2026-W16,SARS-CoV-2,2-week count of sequences,total,2,>15%
SARS-CoV-2 variant,GISAID,Estonia,2026-W15,SARS-CoV-2,2-week count of sequences,total,4,>15%
SARS-CoV-2 variant,GISAID,Estonia,2026-W14,SARS-CoV-2,2-week count of sequences,total,8,>15%
SARS-CoV-2 variant,GISAID,Estonia,2026-W13,SARS-CoV-2,2-week count of sequences,total,12,>15%
SARS-CoV-2 variant,GISAID,Estonia,2026-W12,SARS-CoV-2,2-week count of sequences,total,12,>15%
SARS-CoV-2 variant,GISAID,Estonia,2026-W11,SARS-CoV-2,2-week count of sequences,total,15,>15%
SARS-CoV-2 variant,GISAID,Estonia,2026-W10,SARS-CoV-2,2-week count of sequences,total,23,>15%
SARS-CoV-2 variant,GISAID,Estonia,2026-W09,SARS-CoV-2,2-week count of sequences,total,24,>15%
SARS-CoV-2 variant,GISAID,Estonia,2026-W08,SARS-CoV-2,2-week count of sequences,total,27,>15%
SARS-CoV-2 variant,GISAID,Estonia,2026-W07,SARS-CoV-2,2-week count of sequences,total,28,>15%
SARS-CoV-2 variant,GISAID,Estonia,2026-W06,SARS-CoV-2,2-week count of sequences,total,29,>15%
SARS-CoV-2 variant,GISAID,Estonia,2026-W05,SARS-CoV-2,2-week count of sequences,total,37,>10% to 15%
SARS-CoV-2 variant,GISAID,Estonia,2026-W04,SARS-CoV-2,2-week count of sequences,total,29,>15%
SARS-CoV-2 variant,GISAID,Estonia,2026-W03,SARS-CoV-2,2-week count of sequences,total,19,>15%
SARS-CoV-2 variant,GISAID,Estonia,2026-W02,SARS-CoV-2,2-week count of sequences,total,19,>15%
SARS-CoV-2 variant,GISAID,Estonia,2026-W01,SARS-CoV-2,2-week count of sequences,total,14,>15%
SARS-CoV-2 variant,GISAID,Estonia,2025-W52,SARS-CoV-2,2-week count of sequences,total,13,>15%
SARS-CoV-2 variant,GISAID,Estonia,2025-W51,SARS-CoV-2,2-week count of sequences,total,15,>15%
SARS-CoV-2 variant,GISAID,Estonia,2025-W50,SARS-CoV-2,2-week count of sequences,total,18,>15%
SARS-CoV-2 variant,GISAID,Estonia,2025-W49,SARS-CoV-2,2-week count of sequences,total,15,>15%
SARS-CoV-2 variant,GISAID,Estonia,2025-W48,SARS-CoV-2,2-week count of sequences,total,10,>15%
SARS-CoV-2 variant,GISAID,Estonia,2025-W47,SARS-CoV-2,2-week count of sequences,total,8,>15%
SARS-CoV-2 variant,GISAID,Estonia,2025-W46,SARS-CoV-2,2-week count of sequences,total,10,>15%
SARS-CoV-2 variant,GISAID,Estonia,2025-W45,SARS-CoV-2,2-week count of sequences,total,24,>15%
SARS-CoV-2 variant,GISAID,Estonia,2025-W44,SARS-CoV-2,2-week count of sequences,total,38,>10% to 15%
SARS-CoV-2 variant,GISAID,Estonia,2025-W43,SARS-CoV-2,2-week count of sequences,total,25,>15%
SARS-CoV-2 variant,GISAID,Estonia,2025-W42,SARS-CoV-2,2-week count of sequences,total,5,>15%
SARS-CoV-2 variant,GISAID,Estonia,2025-W41,SARS-CoV-2,2-week count of sequences,total,4,>15%
SARS-CoV-2 variant,GISAID,Estonia,2025-W40,SARS-CoV-2,2-week count of sequences,total,2,>15%
SARS-CoV-2 variant,GISAID,Estonia,2025-W39,SARS-CoV-2,2-week count of sequences,total,1,>15%
SARS-CoV-2 variant,GISAID,Estonia,2025-W38,SARS-CoV-2,2-week count of sequences,total,2,>15%
SARS-CoV-2 variant,GISAID,Estonia,2025-W37,SARS-CoV-2,2-week count of sequences,total,4,>15%
SARS-CoV-2 variant,GISAID,Estonia,2025-W36,SARS-CoV-2,2-week count of sequences,total,4,>15%
SARS-CoV-2 variant,GISAID,Estonia,2025-W35,SARS-CoV-2,2-week count of sequences,total,2,>15%
SARS-CoV-2 variant,GISAID,Estonia,2025-W34,SARS-CoV-2,2-week count of sequences,total,4,>15%
SARS-CoV-2 variant,GISAID,Estonia,2025-W33,SARS-CoV-2,2-week count of sequences,total,4,>15%
SARS-CoV-2 variant,GISAID,Estonia,2025-W32,SARS-CoV-2,2-week count of sequences,total,1,>15%
SARS-CoV-2 variant,GISAID,Estonia,2025-W31,SARS-CoV-2,2-week count of sequences,total,1,>15%
SARS-CoV-2 variant,GISAID,Estonia,2025-W30,SARS-CoV-2,2-week count of sequences,total,3,>15%
SARS-CoV-2 variant,GISAID,Estonia,2025-W29,SARS-CoV-2,2-week count of sequences,total,5,>15%
SARS-CoV-2 variant,GISAID,Estonia,2025-W28,SARS-CoV-2,2-week count of sequences,total,6,>15%
SARS-CoV-2 variant,GISAID,Estonia,2025-W27,SARS-CoV-2,2-week count of sequences,total,4,>15%
SARS-CoV-2 variant,GISAID,Estonia,2025-W26,SARS-CoV-2,2-week count of sequences,total,3,>15%
SARS-CoV-2 variant,GISAID,Estonia,2025-W25,SARS-CoV-2,2-week count of sequences,total,6,>15%
SARS-CoV-2 variant,GISAID,Estonia,2025-W24,SARS-CoV-2,2-week count of sequences,total,5,>15%
SARS-CoV-2 variant,GISAID,Estonia,2025-W23,SARS-CoV-2,2-week count of sequences,total,2,>15%
SARS-CoV-2 variant,GISAID,Estonia,2025-W22,SARS-CoV-2,2-week count of sequences,total,2,>15%
SARS-CoV-2 variant,GISAID,Estonia,2025-W21,SARS-CoV-2,2-week count of sequences,total,1,>15%
SARS-CoV-2 variant,GISAID,Estonia,2025-W20,SARS-CoV-2,2-week count of sequences,total,0,No data
SARS-CoV-2 variant,GISAID,Estonia,2025-W19,SARS-CoV-2,2-week count of sequences,total,0,No data
SARS-CoV-2 variant,GISAID,Estonia,2025-W18,SARS-CoV-2,2-week count of sequences,total,0,No data
SARS-CoV-2 variant,GISAID,Estonia,2025-W17,SARS-CoV-2,2-week count of sequences,total,0,No data
SARS-CoV-2 variant,GISAID,Estonia,2025-W16,SARS-CoV-2,2-week count of sequences,total,0,No data
SARS-CoV-2 variant,GISAID,Estonia,2025-W15,SARS-CoV-2,2-week count of sequences,total,0,No data
SARS-CoV-2 variant,GISAID,Estonia,2025-W14,SARS-CoV-2,2-week count of sequences,total,0,No data
SARS-CoV-2 variant,GISAID,Estonia,2025-W13,SARS-CoV-2,2-week count of sequences,total,0,No data
SARS-CoV-2 variant,GISAID,Estonia,2025-W12,SARS-CoV-2,2-week count of sequences,total,0,No data
SARS-CoV-2 variant,GISAID,Estonia,2025-W11,SARS-CoV-2,2-week count of sequences,total,0,No data
SARS-CoV-2 variant,GISAID,Estonia,2025-W10,SARS-CoV-2,2-week count of sequences,total,0,No data
SARS-CoV-2 variant,GISAID,Estonia,2025-W09,SARS-CoV-2,2-week count of sequences,total,1,>15%
SARS-CoV-2 variant,GISAID,Estonia,2025-W08,SARS-CoV-2,2-week count of sequences,total,1,>15%
SARS-CoV-2 variant,GISAID,Estonia,2025-W07,SARS-CoV-2,2-week count of sequences,total,0,No data
SARS-CoV-2 variant,GISAID,Estonia,2025-W06,SARS-CoV-2,2-week count of sequences,total,0,No data
SARS-CoV-2 variant,GISAID,Estonia,2025-W05,SARS-CoV-2,2-week count of sequences,total,0,No data
SARS-CoV-2 variant,GISAID,Estonia,2025-W04,SARS-CoV-2,2-week count of sequences,total,0,No data
SARS-CoV-2 variant,GISAID,Estonia,2025-W03,SARS-CoV-2,2-week count of sequences,total,2,>15%
SARS-CoV-2 variant,GISAID,Estonia,2025-W02,SARS-CoV-2,2-week count of sequences,total,3,>15%
SARS-CoV-2 variant,GISAID,Estonia,2025-W01,SARS-CoV-2,2-week count of sequences,total,3,>15%
SARS-CoV-2 variant,GISAID,Estonia,2024-W52,SARS-CoV-2,2-week count of sequences,total,4,>15%
SARS-CoV-2 variant,GISAID,Estonia,2024-W51,SARS-CoV-2,2-week count of sequences,total,2,>15%
SARS-CoV-2 variant,GISAID,Estonia,2024-W50,SARS-CoV-2,2-week count of sequences,total,0,No data
SARS-CoV-2 variant,GISAID,Estonia,2024-W49,SARS-CoV-2,2-week count of sequences,total,0,No data
SARS-CoV-2 variant,GISAID,Estonia,2024-W48,SARS-CoV-2,2-week count of sequences,total,0,No data
SARS-CoV-2 variant,GISAID,Estonia,2024-W47,SARS-CoV-2,2-week count of sequences,total,0,No data
SARS-CoV-2 variant,GISAID,Estonia,2024-W46,SARS-CoV-2,2-week count of sequences,total,0,No data
SARS-CoV-2 variant,GISAID,Estonia,2024-W45,SARS-CoV-2,2-week count of sequences,total,0,No data
SARS-CoV-2 variant,GISAID,Estonia,2024-W44,SARS-CoV-2,2-week count of sequences,total,0,No data
SARS-CoV-2 variant,GISAID,Estonia,2024-W43,SARS-CoV-2,2-week count of sequences,total,0,No data
SARS-CoV-2 variant,GISAID,Estonia,2024-W42,SARS-CoV-2,2-week count of sequences,total,1,>15%
SARS-CoV-2 variant,GISAID,Estonia,2024-W41,SARS-CoV-2,2-week count of sequences,total,4,>15%
SARS-CoV-2 variant,GISAID,Estonia,2024-W40,SARS-CoV-2,2-week count of sequences,total,11,>15%
SARS-CoV-2 variant,GISAID,Estonia,2024-W39,SARS-CoV-2,2-week count of sequences,total,17,>15%
SARS-CoV-2 variant,GISAID,Estonia,2024-W38,SARS-CoV-2,2-week count of sequences,total,13,>15%
SARS-CoV-2 variant,GISAID,Estonia,2024-W37,SARS-CoV-2,2-week count of sequences,total,5,>15%
SARS-CoV-2 variant,GISAID,Estonia,2024-W36,SARS-CoV-2,2-week count of sequences,total,2,>15%
SARS-CoV-2 variant,GISAID,Estonia,2024-W35,SARS-CoV-2,2-week count of sequences,total,1,>15%
SARS-CoV-2 variant,GISAID,Estonia,2024-W34,SARS-CoV-2,2-week count of sequences,total,4,>15%
SARS-CoV-2 variant,GISAID,Estonia,2024-W33,SARS-CoV-2,2-week count of sequences,total,16,>15%
SARS-CoV-2 variant,GISAID,Estonia,2024-W32,SARS-CoV-2,2-week count of sequences,total,13,>15%
SARS-CoV-2 variant,GISAID,Estonia,2024-W31,SARS-CoV-2,2-week count of sequences,total,3,>15%
SARS-CoV-2 variant,GISAID,Estonia,2024-W30,SARS-CoV-2,2-week count of sequences,total,8,>15%
SARS-CoV-2 variant,GISAID,Estonia,2024-W29,SARS-CoV-2,2-week count of sequences,total,7,>15%
SARS-CoV-2 variant,GISAID,Estonia,2024-W28,SARS-CoV-2,2-week count of sequences,total,1,>15%
SARS-CoV-2 variant,GISAID,Estonia,2024-W27,SARS-CoV-2,2-week count of sequences,total,3,>15%
SARS-CoV-2 variant,GISAID,Estonia,2024-W26,SARS-CoV-2,2-week count of sequences,total,3,>15%
SARS-CoV-2 variant,GISAID,Estonia,2024-W25,SARS-CoV-2,2-week count of sequences,total,2,>15%
SARS-CoV-2 variant,GISAID,Estonia,2024-W24,SARS-CoV-2,2-week count of sequences,total,3,>15%
SARS-CoV-2 variant,GISAID,Estonia,2024-W23,SARS-CoV-2,2-week count of sequences,total,2,>15%
SARS-CoV-2 variant,GISAID,Estonia,2024-W22,SARS-CoV-2,2-week count of sequences,total,2,>15%
SARS-CoV-2 variant,GISAID,Estonia,2024-W21,SARS-CoV-2,2-week count of sequences,total,1,>15%
SARS-CoV-2 variant,GISAID,Estonia,2024-W20,SARS-CoV-2,2-week count of sequences,total,0,No data
SARS-CoV-2 variant,GISAID,Estonia,2024-W19,SARS-CoV-2,2-week count of sequences,total,0,No data
SARS-CoV-2 variant,GISAID,Estonia,2024-W18,SARS-CoV-2,2-week count of sequences,total,0,No data
SARS-CoV-2 variant,GISAID,Estonia,2024-W17,SARS-CoV-2,2-week count of sequences,total,1,>15%
SARS-CoV-2 variant,GISAID,Estonia,2024-W16,SARS-CoV-2,2-week count of sequences,total,1,>15%
SARS-CoV-2 variant,GISAID,Estonia,2024-W15,SARS-CoV-2,2-week count of sequences,total,1,>15%
SARS-CoV-2 variant,GISAID,Estonia,2024-W14,SARS-CoV-2,2-week count of sequences,total,1,>15%
SARS-CoV-2 variant,GISAID,Estonia,2024-W13,SARS-CoV-2,2-week count of sequences,total,3,>15%
SARS-CoV-2 variant,GISAID,Estonia,2024-W12,SARS-CoV-2,2-week count of sequences,total,4,>15%
SARS-CoV-2 variant,GISAID,Estonia,2024-W11,SARS-CoV-2,2-week count of sequences,total,2,>15%
SARS-CoV-2 variant,GISAID,Estonia,2024-W10,SARS-CoV-2,2-week count of sequences,total,4,>15%
SARS-CoV-2 variant,GISAID,Estonia,2024-W09,SARS-CoV-2,2-week count of sequences,total,5,>15%
SARS-CoV-2 variant,GISAID,Estonia,2024-W08,SARS-CoV-2,2-week count of sequences,total,3,>15%
SARS-CoV-2 variant,GISAID,Estonia,2024-W07,SARS-CoV-2,2-week count of sequences,total,2,>15%
SARS-CoV-2 variant,GISAID,Estonia,2024-W06,SARS-CoV-2,2-week count of sequences,total,9,>15%
SARS-CoV-2 variant,GISAID,Estonia,2024-W05,SARS-CoV-2,2-week count of sequences,total,20,>15%
SARS-CoV-2 variant,GISAID,Estonia,2024-W04,SARS-CoV-2,2-week count of sequences,total,23,>15%
SARS-CoV-2 variant,GISAID,Estonia,2024-W03,SARS-CoV-2,2-week count of sequences,total,27,>15%
SARS-CoV-2 variant,GISAID,Estonia,2024-W02,SARS-CoV-2,2-week count of sequences,total,46,>10% to 15%
SARS-CoV-2 variant,GISAID,Estonia,2024-W01,SARS-CoV-2,2-week count of sequences,total,83,>5% to 10%
SARS-CoV-2 variant,GISAID,Estonia,2023-W52,SARS-CoV-2,2-week count of sequences,total,130,>2.5% to 5%
SARS-CoV-2 variant,GISAID,Estonia,2023-W51,SARS-CoV-2,2-week count of sequences,total,173,>2.5% to 5%
SARS-CoV-2 variant,GISAID,Estonia,2023-W50,SARS-CoV-2,2-week count of sequences,total,167,>2.5% to 5%
SARS-CoV-2 variant,GISAID,Estonia,2023-W49,SARS-CoV-2,2-week count of sequences,total,147,>2.5% to 5%
SARS-CoV-2 variant,GISAID,Estonia,2023-W48,SARS-CoV-2,2-week count of sequences,total,165,>2.5% to 5%
SARS-CoV-2 variant,GISAID,Estonia,2023-W47,SARS-CoV-2,2-week count of sequences,total,151,>2.5% to 5%
SARS-CoV-2 variant,GISAID,Estonia,2023-W46,SARS-CoV-2,2-week count of sequences,total,116,>5% to 10%
SARS-CoV-2 variant,GISAID,Estonia,2023-W45,SARS-CoV-2,2-week count of sequences,total,126,>2.5% to 5%
SARS-CoV-2 variant,GISAID,Estonia,2023-W44,SARS-CoV-2,2-week count of sequences,total,121,>2.5% to 5%
SARS-CoV-2 variant,GISAID,Estonia,2023-W43,SARS-CoV-2,2-week count of sequences,total,72,>5% to 10%
SARS-CoV-2 variant,GISAID,Estonia,2023-W42,SARS-CoV-2,2-week count of sequences,total,33,>15%
SARS-CoV-2 variant,GISAID,Estonia,2023-W41,SARS-CoV-2,2-week count of sequences,total,20,>15%
SARS-CoV-2 variant,GISAID,Estonia,2023-W40,SARS-CoV-2,2-week count of sequences,total,19,>15%
SARS-CoV-2 variant,GISAID,Estonia,2023-W39,SARS-CoV-2,2-week count of sequences,total,18,>15%
SARS-CoV-2 variant,GISAID,Estonia,2023-W38,SARS-CoV-2,2-week count of sequences,total,11,>15%
SARS-CoV-2 variant,GISAID,Estonia,2023-W37,SARS-CoV-2,2-week count of sequences,total,7,>15%
SARS-CoV-2 variant,GISAID,Estonia,2023-W36,SARS-CoV-2,2-week count of sequences,total,11,>15%
SARS-CoV-2 variant,GISAID,Estonia,2023-W35,SARS-CoV-2,2-week count of sequences,total,11,>15%
SARS-CoV-2 variant,GISAID,Estonia,2023-W34,SARS-CoV-2,2-week count of sequences,total,7,>15%
SARS-CoV-2 variant,GISAID,Estonia,2023-W33,SARS-CoV-2,2-week count of sequences,total,5,>15%
SARS-CoV-2 variant,GISAID,Estonia,2023-W32,SARS-CoV-2,2-week count of sequences,total,6,>15%
SARS-CoV-2 variant,GISAID,Estonia,2023-W31,SARS-CoV-2,2-week count of sequences,total,7,>15%
SARS-CoV-2 variant,GISAID,Estonia,2023-W30,SARS-CoV-2,2-week count of sequences,total,7,>15%
SARS-CoV-2 variant,GISAID,Estonia,2023-W29,SARS-CoV-2,2-week count of sequences,total,10,>15%
SARS-CoV-2 variant,GISAID,Estonia,2023-W28,SARS-CoV-2,2-week count of sequences,total,12,>15%
SARS-CoV-2 variant,GISAID,Estonia,2023-W27,SARS-CoV-2,2-week count of sequences,total,10,>15%
SARS-CoV-2 variant,GISAID,Estonia,2023-W26,SARS-CoV-2,2-week count of sequences,total,8,>15%
SARS-CoV-2 variant,GISAID,Estonia,2023-W25,SARS-CoV-2,2-week count of sequences,total,7,>15%
SARS-CoV-2 variant,GISAID,Estonia,2023-W24,SARS-CoV-2,2-week count of sequences,total,23,>15%
SARS-CoV-2 variant,GISAID,Estonia,2023-W23,SARS-CoV-2,2-week count of sequences,total,42,>10% to 15%
SARS-CoV-2 variant,GISAID,Estonia,2023-W22,SARS-CoV-2,2-week count of sequences,total,38,>10% to 15%
SARS-CoV-2 variant,GISAID,Estonia,2023-W21,SARS-CoV-2,2-week count of sequences,total,37,>10% to 15%
SARS-CoV-2 variant,GISAID,Estonia,2023-W20,SARS-CoV-2,2-week count of sequences,total,67,>5% to 10%
SARS-CoV-2 variant,GISAID,Estonia,2023-W19,SARS-CoV-2,2-week count of sequences,total,70,>5% to 10%
SARS-CoV-2 variant,GISAID,Estonia,2023-W18,SARS-CoV-2,2-week count of sequences,total,72,>5% to 10%
SARS-CoV-2 variant,GISAID,Estonia,2023-W17,SARS-CoV-2,2-week count of sequences,total,109,>5% to 10%
SARS-CoV-2 variant,GISAID,Estonia,2023-W16,SARS-CoV-2,2-week count of sequences,total,105,>5% to 10%
SARS-CoV-2 variant,GISAID,Estonia,2023-W15,SARS-CoV-2,2-week count of sequences,total,99,>5% to 10%
SARS-CoV-2 variant,GISAID,Estonia,2023-W14,SARS-CoV-2,2-week count of sequences,total,99,>5% to 10%
SARS-CoV-2 variant,GISAID,Estonia,2023-W13,SARS-CoV-2,2-week count of sequences,total,91,>5% to 10%
SARS-CoV-2 variant,GISAID,Estonia,2023-W12,SARS-CoV-2,2-week count of sequences,total,107,>5% to 10%
SARS-CoV-2 variant,GISAID,Estonia,2023-W11,SARS-CoV-2,2-week count of sequences,total,103,>5% to 10%
SARS-CoV-2 variant,GISAID,Estonia,2023-W10,SARS-CoV-2,2-week count of sequences,total,66,>5% to 10%
SARS-CoV-2 variant,GISAID,Estonia,2023-W09,SARS-CoV-2,2-week count of sequences,total,47,>10% to 15%
SARS-CoV-2 variant,GISAID,Estonia,2023-W08,SARS-CoV-2,2-week count of sequences,total,83,>5% to 10%
SARS-CoV-2 variant,GISAID,Estonia,2023-W07,SARS-CoV-2,2-week count of sequences,total,114,>5% to 10%
SARS-CoV-2 variant,GISAID,Estonia,2023-W06,SARS-CoV-2,2-week count of sequences,total,126,>2.5% to 5%
SARS-CoV-2 variant,GISAID,Estonia,2023-W05,SARS-CoV-2,2-week count of sequences,total,140,>2.5% to 5%
SARS-CoV-2 variant,GISAID,Estonia,2023-W04,SARS-CoV-2,2-week count of sequences,total,120,>2.5% to 5%
SARS-CoV-2 variant,GISAID,Estonia,2023-W03,SARS-CoV-2,2-week count of sequences,total,80,>5% to 10%
SARS-CoV-2 variant,GISAID,Estonia,2023-W02,SARS-CoV-2,2-week count of sequences,total,30,>15%
SARS-CoV-2 variant,GISAID,Estonia,2023-W01,SARS-CoV-2,2-week count of sequences,total,0,No data
SARS-CoV-2 variant,GISAID,Estonia,2022-W52,SARS-CoV-2,2-week count of sequences,total,0,No data
SARS-CoV-2 variant,GISAID,Estonia,2022-W51,SARS-CoV-2,2-week count of sequences,total,0,No data
SARS-CoV-2 variant,GISAID,Estonia,2022-W50,SARS-CoV-2,2-week count of sequences,total,0,No data
SARS-CoV-2 variant,GISAID,Estonia,2022-W49,SARS-CoV-2,2-week count of sequences,total,0,No data
SARS-CoV-2 variant,GISAID,Estonia,2022-W48,SARS-CoV-2,2-week count of sequences,total,0,No data
SARS-CoV-2 variant,GISAID,Estonia,2022-W47,SARS-CoV-2,2-week count of sequences,total,0,No data
SARS-CoV-2 variant,GISAID,Estonia,2022-W46,SARS-CoV-2,2-week count of sequences,total,0,No data
SARS-CoV-2 variant,GISAID,Estonia,2022-W45,SARS-CoV-2,2-week count of sequences,total,0,No data
SARS-CoV-2 variant,GISAID,Estonia,2022-W44,SARS-CoV-2,2-week count of sequences,total,0,No data
SARS-CoV-2 variant,GISAID,Estonia,2022-W43,SARS-CoV-2,2-week count of sequences,total,0,No data
SARS-CoV-2 variant,GISAID,Estonia,2022-W42,SARS-CoV-2,2-week count of sequences,total,69,>5% to 10%
SARS-CoV-2 variant,GISAID,Estonia,2022-W41,SARS-CoV-2,2-week count of sequences,total,238,>2.5% to 5%
SARS-CoV-2 variant,GISAID,Estonia,2022-W40,SARS-CoV-2,2-week count of sequences,total,373,>1% to 2.5%
SARS-CoV-2 variant,GISAID,Estonia,2022-W39,SARS-CoV-2,2-week count of sequences,total,376,>1% to 2.5%
SARS-CoV-2 variant,GISAID,Estonia,2022-W38,SARS-CoV-2,2-week count of sequences,total,376,>1% to 2.5%
SARS-CoV-2 variant,GISAID,Estonia,2022-W37,SARS-CoV-2,2-week count of sequences,total,351,>1% to 2.5%
SARS-CoV-2 variant,GISAID,Estonia,2022-W36,SARS-CoV-2,2-week count of sequences,total,243,>1% to 2.5%
SARS-CoV-2 variant,GISAID,Estonia,2022-W35,SARS-CoV-2,2-week count of sequences,total,255,>1% to 2.5%
SARS-CoV-2 variant,GISAID,Estonia,2022-W34,SARS-CoV-2,2-week count of sequences,total,326,>1% to 2.5%
SARS-CoV-2 variant,GISAID,Estonia,2022-W33,SARS-CoV-2,2-week count of sequences,total,278,>1% to 2.5%
SARS-CoV-2 variant,GISAID,Estonia,2022-W32,SARS-CoV-2,2-week count of sequences,total,152,>2.5% to 5%
SARS-CoV-2 variant,GISAID,Estonia,2022-W31,SARS-CoV-2,2-week count of sequences,total,95,>5% to 10%
SARS-CoV-2 variant,GISAID,Estonia,2022-W30,SARS-CoV-2,2-week count of sequences,total,131,>2.5% to 5%
SARS-CoV-2 variant,GISAID,Estonia,2022-W29,SARS-CoV-2,2-week count of sequences,total,172,>2.5% to 5%
SARS-CoV-2 variant,GISAID,Estonia,2022-W28,SARS-CoV-2,2-week count of sequences,total,177,>2.5% to 5%
SARS-CoV-2 variant,GISAID,Estonia,2022-W27,SARS-CoV-2,2-week count of sequences,total,165,>2.5% to 5%
SARS-CoV-2 variant,GISAID,Estonia,2022-W26,SARS-CoV-2,2-week count of sequences,total,129,>2.5% to 5%
SARS-CoV-2 variant,GISAID,Estonia,2022-W25,SARS-CoV-2,2-week count of sequences,total,46,>10% to 15%
SARS-CoV-2 variant,GISAID,Finland,2026-W36,SARS-CoV-2,2-week count of sequences,total,0,No data
SARS-CoV-2 variant,GISAID,Finland,2026-W35,SARS-CoV-2,2-week count of sequences,total,0,No data
SARS-CoV-2 variant,GISAID,Finland,2026-W34,SARS-CoV-2,2-week count of sequences,total,0,No data
SARS-CoV-2 variant,GISAID,Finland,2026-W33,SARS-CoV-2,2-week count of sequences,total,0,No data
SARS-CoV-2 variant,GISAID,Finland,2026-W32,SARS-CoV-2,2-week count of sequences,total,0,No data
SARS-CoV-2 variant,GISAID,Finland,2026-W31,SARS-CoV-2,2-week count of sequences,total,0,No data
SARS-CoV-2 variant,GISAID,Finland,2026-W30,SARS-CoV-2,2-week count of sequences,total,0,No data
SARS-CoV-2 variant,GISAID,Finland,2026-W29,SARS-CoV-2,2-week count of sequences,total,0,No data
SARS-CoV-2 variant,GISAID,Finland,2026-W28,SARS-CoV-2,2-week count of sequences,total,0,No data
SARS-CoV-2 variant,GISAID,Finland,2026-W27,SARS-CoV-2,2-week count of sequences,total,0,No data
SARS-CoV-2 variant,GISAID,Finland,2026-W26,SARS-CoV-2,2-week count of sequences,total,0,No data
SARS-CoV-2 variant,GISAID,Finland,2026-W25,SARS-CoV-2,2-week count of sequences,total,0,No data
SARS-CoV-2 variant,GISAID,Finland,2026-W24,SARS-CoV-2,2-week count of sequences,total,0,No data
SARS-CoV-2 variant,GISAID,Finland,2026-W23,SARS-CoV-2,2-week count of sequences,total,0,No data
SARS-CoV-2 variant,GISAID,Finland,2026-W22,SARS-CoV-2,2-week count of sequences,total,0,No data
SARS-CoV-2 variant,GISAID,Finland,2026-W21,SARS-CoV-2,2-week count of sequences,total,0,No data
SARS-CoV-2 variant,GISAID,Finland,2026-W20,SARS-CoV-2,2-week count of sequences,total,0,No data
SARS-CoV-2 variant,GISAID,Finland,2026-W19,SARS-CoV-2,2-week count of sequences,total,0,No data
SARS-CoV-2 variant,GISAID,Finland,2026-W18,SARS-CoV-2,2-week count of sequences,total,1,>15%
SARS-CoV-2 variant,GISAID,Finland,2026-W17,SARS-CoV-2,2-week count of sequences,total,7,>15%
SARS-CoV-2 variant,GISAID,Finland,2026-W16,SARS-CoV-2,2-week count of sequences,total,8,>15%
SARS-CoV-2 variant,GISAID,Finland,2026-W15,SARS-CoV-2,2-week count of sequences,total,15,>15%
SARS-CoV-2 variant,GISAID,Finland,2026-W14,SARS-CoV-2,2-week count of sequences,total,19,>15%
SARS-CoV-2 variant,GISAID,Finland,2026-W13,SARS-CoV-2,2-week count of sequences,total,20,>15%
SARS-CoV-2 variant,GISAID,Finland,2026-W12,SARS-CoV-2,2-week count of sequences,total,24,>15%
SARS-CoV-2 variant,GISAID,Finland,2026-W11,SARS-CoV-2,2-week count of sequences,total,29,>15%
SARS-CoV-2 variant,GISAID,Finland,2026-W10,SARS-CoV-2,2-week count of sequences,total,30,>15%
SARS-CoV-2 variant,GISAID,Finland,2026-W09,SARS-CoV-2,2-week count of sequences,total,28,>15%
SARS-CoV-2 variant,GISAID,Finland,2026-W08,SARS-CoV-2,2-week count of sequences,total,30,>15%
SARS-CoV-2 variant,GISAID,Finland,2026-W07,SARS-CoV-2,2-week count of sequences,total,28,>15%
SARS-CoV-2 variant,GISAID,Finland,2026-W06,SARS-CoV-2,2-week count of sequences,total,21,>15%
SARS-CoV-2 variant,GISAID,Finland,2026-W05,SARS-CoV-2,2-week count of sequences,total,18,>15%
SARS-CoV-2 variant,GISAID,Finland,2026-W04,SARS-CoV-2,2-week count of sequences,total,25,>15%
SARS-CoV-2 variant,GISAID,Finland,2026-W03,SARS-CoV-2,2-week count of sequences,total,21,>15%
SARS-CoV-2 variant,GISAID,Finland,2026-W02,SARS-CoV-2,2-week count of sequences,total,20,>15%
SARS-CoV-2 variant,GISAID,Finland,2026-W01,SARS-CoV-2,2-week count of sequences,total,16,>15%
SARS-CoV-2 variant,GISAID,Finland,2025-W52,SARS-CoV-2,2-week count of sequences,total,6,>15%
SARS-CoV-2 variant,GISAID,Finland,2025-W51,SARS-CoV-2,2-week count of sequences,total,3,>15%
SARS-CoV-2 variant,GISAID,Finland,2025-W50,SARS-CoV-2,2-week count of sequences,total,4,>15%
SARS-CoV-2 variant,GISAID,Finland,2025-W49,SARS-CoV-2,2-week count of sequences,total,17,>15%
SARS-CoV-2 variant,GISAID,Finland,2025-W48,SARS-CoV-2,2-week count of sequences,total,25,>15%
SARS-CoV-2 variant,GISAID,Finland,2025-W47,SARS-CoV-2,2-week count of sequences,total,25,>15%
SARS-CoV-2 variant,GISAID,Finland,2025-W46,SARS-CoV-2,2-week count of sequences,total,34,>15%
SARS-CoV-2 variant,GISAID,Finland,2025-W45,SARS-CoV-2,2-week count of sequences,total,29,>15%
SARS-CoV-2 variant,GISAID,Finland,2025-W44,SARS-CoV-2,2-week count of sequences,total,21,>15%
SARS-CoV-2 variant,GISAID,Finland,2025-W43,SARS-CoV-2,2-week count of sequences,total,21,>15%
SARS-CoV-2 variant,GISAID,Finland,2025-W42,SARS-CoV-2,2-week count of sequences,total,31,>15%
SARS-CoV-2 variant,GISAID,Finland,2025-W41,SARS-CoV-2,2-week count of sequences,total,37,>10% to 15%
SARS-CoV-2 variant,GISAID,Finland,2025-W40,SARS-CoV-2,2-week count of sequences,total,26,>15%
SARS-CoV-2 variant,GISAID,Finland,2025-W39,SARS-CoV-2,2-week count of sequences,total,12,>15%
SARS-CoV-2 variant,GISAID,Finland,2025-W38,SARS-CoV-2,2-week count of sequences,total,10,>15%
SARS-CoV-2 variant,GISAID,Finland,2025-W37,SARS-CoV-2,2-week count of sequences,total,24,>15%
SARS-CoV-2 variant,GISAID,Finland,2025-W36,SARS-CoV-2,2-week count of sequences,total,27,>15%
SARS-CoV-2 variant,GISAID,Finland,2025-W35,SARS-CoV-2,2-week count of sequences,total,23,>15%
SARS-CoV-2 variant,GISAID,Finland,2025-W34,SARS-CoV-2,2-week count of sequences,total,25,>15%
SARS-CoV-2 variant,GISAID,Finland,2025-W33,SARS-CoV-2,2-week count of sequences,total,27,>15%
SARS-CoV-2 variant,GISAID,Finland,2025-W32,SARS-CoV-2,2-week count of sequences,total,23,>15%
SARS-CoV-2 variant,GISAID,Finland,2025-W31,SARS-CoV-2,2-week count of sequences,total,24,>15%
SARS-CoV-2 variant,GISAID,Finland,2025-W30,SARS-CoV-2,2-week count of sequences,total,26,>15%
SARS-CoV-2 variant,GISAID,Finland,2025-W29,SARS-CoV-2,2-week count of sequences,total,29,>15%
SARS-CoV-2 variant,GISAID,Finland,2025-W28,SARS-CoV-2,2-week count of sequences,total,27,>15%
SARS-CoV-2 variant,GISAID,Finland,2025-W27,SARS-CoV-2,2-week count of sequences,total,22,>15%
SARS-CoV-2 variant,GISAID,Finland,2025-W26,SARS-CoV-2,2-week count of sequences,total,16,>15%
SARS-CoV-2 variant,GISAID,Finland,2025-W25,SARS-CoV-2,2-week count of sequences,total,18,>15%
SARS-CoV-2 variant,GISAID,Finland,2025-W24,SARS-CoV-2,2-week count of sequences,total,27,>15%
SARS-CoV-2 variant,GISAID,Finland,2025-W23,SARS-CoV-2,2-week count of sequences,total,25,>15%
SARS-CoV-2 variant,GISAID,Finland,2025-W22,SARS-CoV-2,2-week count of sequences,total,20,>15%
SARS-CoV-2 variant,GISAID,Finland,2025-W21,SARS-CoV-2,2-week count of sequences,total,20,>15%
SARS-CoV-2 variant,GISAID,Finland,2025-W20,SARS-CoV-2,2-week count of sequences,total,17,>15%
SARS-CoV-2 variant,GISAID,Finland,2025-W19,SARS-CoV-2,2-week count of sequences,total,10,>15%
SARS-CoV-2 variant,GISAID,Finland,2025-W18,SARS-CoV-2,2-week count of sequences,total,8,>15%
SARS-CoV-2 variant,GISAID,Finland,2025-W17,SARS-CoV-2,2-week count of sequences,total,6,>15%
SARS-CoV-2 variant,GISAID,Finland,2025-W16,SARS-CoV-2,2-week count of sequences,total,6,>15%
SARS-CoV-2 variant,GISAID,Finland,2025-W15,SARS-CoV-2,2-week count of sequences,total,10,>15%
SARS-CoV-2 variant,GISAID,Finland,2025-W14,SARS-CoV-2,2-week count of sequences,total,12,>15%
SARS-CoV-2 variant,GISAID,Finland,2025-W13,SARS-CoV-2,2-week count of sequences,total,13,>15%
SARS-CoV-2 variant,GISAID,Finland,2025-W12,SARS-CoV-2,2-week count of sequences,total,8,>15%
SARS-CoV-2 variant,GISAID,Finland,2025-W11,SARS-CoV-2,2-week count of sequences,total,10,>15%
SARS-CoV-2 variant,GISAID,Finland,2025-W10,SARS-CoV-2,2-week count of sequences,total,13,>15%
SARS-CoV-2 variant,GISAID,Finland,2025-W09,SARS-CoV-2,2-week count of sequences,total,14,>15%
SARS-CoV-2 variant,GISAID,Finland,2025-W08,SARS-CoV-2,2-week count of sequences,total,18,>15%
SARS-CoV-2 variant,GISAID,Finland,2025-W07,SARS-CoV-2,2-week count of sequences,total,16,>15%
SARS-CoV-2 variant,GISAID,Finland,2025-W06,SARS-CoV-2,2-week count of sequences,total,21,>15%
SARS-CoV-2 variant,GISAID,Finland,2025-W05,SARS-CoV-2,2-week count of sequences,total,23,>15%
SARS-CoV-2 variant,GISAID,Finland,2025-W04,SARS-CoV-2,2-week count of sequences,total,30,>15%
SARS-CoV-2 variant,GISAID,Finland,2025-W03,SARS-CoV-2,2-week count of sequences,total,37,>10% to 15%
SARS-CoV-2 variant,GISAID,Finland,2025-W02,SARS-CoV-2,2-week count of sequences,total,39,>10% to 15%
SARS-CoV-2 variant,GISAID,Finland,2025-W01,SARS-CoV-2,2-week count of sequences,total,30,>15%
SARS-CoV-2 variant,GISAID,Finland,2024-W52,SARS-CoV-2,2-week count of sequences,total,41,>10% to 15%
SARS-CoV-2 variant,GISAID,Finland,2024-W51,SARS-CoV-2,2-week count of sequences,total,45,>10% to 15%
SARS-CoV-2 variant,GISAID,Finland,2024-W50,SARS-CoV-2,2-week count of sequences,total,43,>10% to 15%
SARS-CoV-2 variant,GISAID,Finland,2024-W49,SARS-CoV-2,2-week count of sequences,total,57,>5% to 10%
SARS-CoV-2 variant,GISAID,Finland,2024-W48,SARS-CoV-2,2-week count of sequences,total,39,>10% to 15%
SARS-CoV-2 variant,GISAID,Finland,2024-W47,SARS-CoV-2,2-week count of sequences,total,34,>15%
SARS-CoV-2 variant,GISAID,Finland,2024-W46,SARS-CoV-2,2-week count of sequences,total,45,>10% to 15%
SARS-CoV-2 variant,GISAID,Finland,2024-W45,SARS-CoV-2,2-week count of sequences,total,49,>10% to 15%
SARS-CoV-2 variant,GISAID,Finland,2024-W44,SARS-CoV-2,2-week count of sequences,total,53,>10% to 15%
SARS-CoV-2 variant,GISAID,Finland,2024-W43,SARS-CoV-2,2-week count of sequences,total,41,>10% to 15%
SARS-CoV-2 variant,GISAID,Finland,2024-W42,SARS-CoV-2,2-week count of sequences,total,48,>10% to 15%
SARS-CoV-2 variant,GISAID,Finland,2024-W41,SARS-CoV-2,2-week count of sequences,total,55,>10% to 15%
SARS-CoV-2 variant,GISAID,Finland,2024-W40,SARS-CoV-2,2-week count of sequences,total,42,>10% to 15%
SARS-CoV-2 variant,GISAID,Finland,2024-W39,SARS-CoV-2,2-week count of sequences,total,58,>5% to 10%
SARS-CoV-2 variant,GISAID,Finland,2024-W38,SARS-CoV-2,2-week count of sequences,total,67,>5% to 10%
SARS-CoV-2 variant,GISAID,Finland,2024-W37,SARS-CoV-2,2-week count of sequences,total,48,>10% to 15%
SARS-CoV-2 variant,GISAID,Finland,2024-W36,SARS-CoV-2,2-week count of sequences,total,27,>15%
SARS-CoV-2 variant,GISAID,Finland,2024-W35,SARS-CoV-2,2-week count of sequences,total,16,>15%
SARS-CoV-2 variant,GISAID,Finland,2024-W34,SARS-CoV-2,2-week count of sequences,total,13,>15%
SARS-CoV-2 variant,GISAID,Finland,2024-W33,SARS-CoV-2,2-week count of sequences,total,24,>15%
SARS-CoV-2 variant,GISAID,Finland,2024-W32,SARS-CoV-2,2-week count of sequences,total,34,>15%
SARS-CoV-2 variant,GISAID,Finland,2024-W31,SARS-CoV-2,2-week count of sequences,total,42,>10% to 15%
SARS-CoV-2 variant,GISAID,Finland,2024-W30,SARS-CoV-2,2-week count of sequences,total,45,>10% to 15%
SARS-CoV-2 variant,GISAID,Finland,2024-W29,SARS-CoV-2,2-week count of sequences,total,33,>15%
SARS-CoV-2 variant,GISAID,Finland,2024-W28,SARS-CoV-2,2-week count of sequences,total,46,>10% to 15%
SARS-CoV-2 variant,GISAID,Finland,2024-W27,SARS-CoV-2,2-week count of sequences,total,44,>10% to 15%
SARS-CoV-2 variant,GISAID,Finland,2024-W26,SARS-CoV-2,2-week count of sequences,total,29,>15%
SARS-CoV-2 variant,GISAID,Finland,2024-W25,SARS-CoV-2,2-week count of sequences,total,34,>15%
SARS-CoV-2 variant,GISAID,Finland,2024-W24,SARS-CoV-2,2-week count of sequences,total,31,>15%
SARS-CoV-2 variant,GISAID,Finland,2024-W23,SARS-CoV-2,2-week count of sequences,total,29,>15%
SARS-CoV-2 variant,GISAID,Finland,2024-W22,SARS-CoV-2,2-week count of sequences,total,37,>10% to 15%
SARS-CoV-2 variant,GISAID,Finland,2024-W21,SARS-CoV-2,2-week count of sequences,total,49,>10% to 15%
SARS-CoV-2 variant,GISAID,Finland,2024-W20,SARS-CoV-2,2-week count of sequences,total,44,>10% to 15%
SARS-CoV-2 variant,GISAID,Finland,2024-W19,SARS-CoV-2,2-week count of sequences,total,24,>15%
SARS-CoV-2 variant,GISAID,Finland,2024-W18,SARS-CoV-2,2-week count of sequences,total,27,>15%
SARS-CoV-2 variant,GISAID,Finland,2024-W17,SARS-CoV-2,2-week count of sequences,total,44,>10% to 15%
SARS-CoV-2 variant,GISAID,Finland,2024-W16,SARS-CoV-2,2-week count of sequences,total,40,>10% to 15%
SARS-CoV-2 variant,GISAID,Finland,2024-W15,SARS-CoV-2,2-week count of sequences,total,32,>15%
SARS-CoV-2 variant,GISAID,Finland,2024-W14,SARS-CoV-2,2-week count of sequences,total,38,>10% to 15%
SARS-CoV-2 variant,GISAID,Finland,2024-W13,SARS-CoV-2,2-week count of sequences,total,43,>10% to 15%
SARS-CoV-2 variant,GISAID,Finland,2024-W12,SARS-CoV-2,2-week count of sequences,total,43,>10% to 15%
SARS-CoV-2 variant,GISAID,Finland,2024-W11,SARS-CoV-2,2-week count of sequences,total,42,>10% to 15%
SARS-CoV-2 variant,GISAID,Finland,2024-W10,SARS-CoV-2,2-week count of sequences,total,53,>10% to 15%
SARS-CoV-2 variant,GISAID,Finland,2024-W09,SARS-CoV-2,2-week count of sequences,total,81,>5% to 10%
SARS-CoV-2 variant,GISAID,Finland,2024-W08,SARS-CoV-2,2-week count of sequences,total,73,>5% to 10%
SARS-CoV-2 variant,GISAID,Finland,2024-W07,SARS-CoV-2,2-week count of sequences,total,54,>10% to 15%
SARS-CoV-2 variant,GISAID,Finland,2024-W06,SARS-CoV-2,2-week count of sequences,total,61,>5% to 10%
SARS-CoV-2 variant,GISAID,Finland,2024-W05,SARS-CoV-2,2-week count of sequences,total,73,>5% to 10%
SARS-CoV-2 variant,GISAID,Finland,2024-W04,SARS-CoV-2,2-week count of sequences,total,126,>2.5% to 5%
SARS-CoV-2 variant,GISAID,Finland,2024-W03,SARS-CoV-2,2-week count of sequences,total,155,>2.5% to 5%
SARS-CoV-2 variant,GISAID,Finland,2024-W02,SARS-CoV-2,2-week count of sequences,total,158,>2.5% to 5%
SARS-CoV-2 variant,GISAID,Finland,2024-W01,SARS-CoV-2,2-week count of sequences,total,173,>2.5% to 5%
SARS-CoV-2 variant,GISAID,Finland,2023-W52,SARS-CoV-2,2-week count of sequences,total,192,>2.5% to 5%
SARS-CoV-2 variant,GISAID,Finland,2023-W51,SARS-CoV-2,2-week count of sequences,total,261,>1% to 2.5%
SARS-CoV-2 variant,GISAID,Finland,2023-W50,SARS-CoV-2,2-week count of sequences,total,271,>1% to 2.5%
SARS-CoV-2 variant,GISAID,Finland,2023-W49,SARS-CoV-2,2-week count of sequences,total,269,>1% to 2.5%
SARS-CoV-2 variant,GISAID,Finland,2023-W48,SARS-CoV-2,2-week count of sequences,total,303,>1% to 2.5%
SARS-CoV-2 variant,GISAID,Finland,2023-W47,SARS-CoV-2,2-week count of sequences,total,338,>1% to 2.5%
SARS-CoV-2 variant,GISAID,Finland,2023-W46,SARS-CoV-2,2-week count of sequences,total,355,>1% to 2.5%
SARS-CoV-2 variant,GISAID,Finland,2023-W45,SARS-CoV-2,2-week count of sequences,total,427,>1% to 2.5%
SARS-CoV-2 variant,GISAID,Finland,2023-W44,SARS-CoV-2,2-week count of sequences,total,416,>1% to 2.5%
SARS-CoV-2 variant,GISAID,Finland,2023-W43,SARS-CoV-2,2-week count of sequences,total,364,>1% to 2.5%
SARS-CoV-2 variant,GISAID,Finland,2023-W42,SARS-CoV-2,2-week count of sequences,total,375,>1% to 2.5%
SARS-CoV-2 variant,GISAID,Finland,2023-W41,SARS-CoV-2,2-week count of sequences,total,287,>1% to 2.5%
SARS-CoV-2 variant,GISAID,Finland,2023-W40,SARS-CoV-2,2-week count of sequences,total,229,>2.5% to 5%
SARS-CoV-2 variant,GISAID,Finland,2023-W39,SARS-CoV-2,2-week count of sequences,total,228,>2.5% to 5%
SARS-CoV-2 variant,GISAID,Finland,2023-W38,SARS-CoV-2,2-week count of sequences,total,204,>2.5% to 5%
SARS-CoV-2 variant,GISAID,Finland,2023-W37,SARS-CoV-2,2-week count of sequences,total,188,>2.5% to 5%
SARS-CoV-2 variant,GISAID,Finland,2023-W36,SARS-CoV-2,2-week count of sequences,total,150,>2.5% to 5%
SARS-CoV-2 variant,GISAID,Finland,2023-W35,SARS-CoV-2,2-week count of sequences,total,82,>5% to 10%
SARS-CoV-2 variant,GISAID,Finland,2023-W34,SARS-CoV-2,2-week count of sequences,total,72,>5% to 10%
SARS-CoV-2 variant,GISAID,Finland,2023-W33,SARS-CoV-2,2-week count of sequences,total,91,>5% to 10%
SARS-CoV-2 variant,GISAID,Finland,2023-W32,SARS-CoV-2,2-week count of sequences,total,81,>5% to 10%
SARS-CoV-2 variant,GISAID,Finland,2023-W31,SARS-CoV-2,2-week count of sequences,total,55,>10% to 15%
SARS-CoV-2 variant,GISAID,Finland,2023-W30,SARS-CoV-2,2-week count of sequences,total,49,>10% to 15%
SARS-CoV-2 variant,GISAID,Finland,2023-W29,SARS-CoV-2,2-week count of sequences,total,55,>10% to 15%
SARS-CoV-2 variant,GISAID,Finland,2023-W28,SARS-CoV-2,2-week count of sequences,total,68,>5% to 10%
SARS-CoV-2 variant,GISAID,Finland,2023-W27,SARS-CoV-2,2-week count of sequences,total,103,>5% to 10%
SARS-CoV-2 variant,GISAID,Finland,2023-W26,SARS-CoV-2,2-week count of sequences,total,110,>5% to 10%
SARS-CoV-2 variant,GISAID,Finland,2023-W25,SARS-CoV-2,2-week count of sequences,total,134,>2.5% to 5%
SARS-CoV-2 variant,GISAID,Finland,2023-W24,SARS-CoV-2,2-week count of sequences,total,187,>2.5% to 5%
SARS-CoV-2 variant,GISAID,Finland,2023-W23,SARS-CoV-2,2-week count of sequences,total,209,>2.5% to 5%
SARS-CoV-2 variant,GISAID,Finland,2023-W22,SARS-CoV-2,2-week count of sequences,total,195,>2.5% to 5%
SARS-CoV-2 variant,GISAID,Finland,2023-W21,SARS-CoV-2,2-week count of sequences,total,224,>2.5% to 5%
SARS-CoV-2 variant,GISAID,Finland,2023-W20,SARS-CoV-2,2-week count of sequences,total,337,>1% to 2.5%
SARS-CoV-2 variant,GISAID,Finland,2023-W19,SARS-CoV-2,2-week count of sequences,total,347,>1% to 2.5%
SARS-CoV-2 variant,GISAID,Finland,2023-W18,SARS-CoV-2,2-week count of sequences,total,324,>1% to 2.5%
SARS-CoV-2 variant,GISAID,Finland,2023-W17,SARS-CoV-2,2-week count of sequences,total,183,>2.5% to 5%
SARS-CoV-2 variant,GISAID,Finland,2023-W16,SARS-CoV-2,2-week count of sequences,total,220,>2.5% to 5%
SARS-CoV-2 variant,GISAID,Finland,2023-W15,SARS-CoV-2,2-week count of sequences,total,360,>1% to 2.5%
SARS-CoV-2 variant,GISAID,Finland,2023-W14,SARS-CoV-2,2-week count of sequences,total,301,>1% to 2.5%
SARS-CoV-2 variant,GISAID,Finland,2023-W13,SARS-CoV-2,2-week count of sequences,total,312,>1% to 2.5%
SARS-CoV-2 variant,GISAID,Finland,2023-W12,SARS-CoV-2,2-week count of sequences,total,356,>1% to 2.5%
SARS-CoV-2 variant,GISAID,Finland,2023-W11,SARS-CoV-2,2-week count of sequences,total,445,>1% to 2.5%
SARS-CoV-2 variant,GISAID,Finland,2023-W10,SARS-CoV-2,2-week count of sequences,total,395,>1% to 2.5%
SARS-CoV-2 variant,GISAID,Finland,2023-W09,SARS-CoV-2,2-week count of sequences,total,301,>1% to 2.5%
SARS-CoV-2 variant,GISAID,Finland,2023-W08,SARS-CoV-2,2-week count of sequences,total,301,>1% to 2.5%
SARS-CoV-2 variant,GISAID,Finland,2023-W07,SARS-CoV-2,2-week count of sequences,total,306,>1% to 2.5%
SARS-CoV-2 variant,GISAID,Finland,2023-W06,SARS-CoV-2,2-week count of sequences,total,326,>1% to 2.5%
SARS-CoV-2 variant,GISAID,Finland,2023-W05,SARS-CoV-2,2-week count of sequences,total,313,>1% to 2.5%
SARS-CoV-2 variant,GISAID,Finland,2023-W04,SARS-CoV-2,2-week count of sequences,total,358,>1% to 2.5%
SARS-CoV-2 variant,GISAID,Finland,2023-W03,SARS-CoV-2,2-week count of sequences,total,377,>1% to 2.5%
SARS-CoV-2 variant,GISAID,Finland,2023-W02,SARS-CoV-2,2-week count of sequences,total,362,>1% to 2.5%
SARS-CoV-2 variant,GISAID,Finland,2023-W01,SARS-CoV-2,2-week count of sequences,total,522,>1% to 2.5%
SARS-CoV-2 variant,GISAID,Finland,2022-W52,SARS-CoV-2,2-week count of sequences,total,533,>1% to 2.5%
SARS-CoV-2 variant,GISAID,Finland,2022-W51,SARS-CoV-2,2-week count of sequences,total,525,>1% to 2.5%
SARS-CoV-2 variant,GISAID,Finland,2022-W50,SARS-CoV-2,2-week count of sequences,total,603,>1% to 2.5%
SARS-CoV-2 variant,GISAID,Finland,2022-W49,SARS-CoV-2,2-week count of sequences,total,529,>1% to 2.5%
SARS-CoV-2 variant,GISAID,Finland,2022-W48,SARS-CoV-2,2-week count of sequences,total,514,>1% to 2.5%
SARS-CoV-2 variant,GISAID,Finland,2022-W47,SARS-CoV-2,2-week count of sequences,total,473,>1% to 2.5%
SARS-CoV-2 variant,GISAID,Finland,2022-W46,SARS-CoV-2,2-week count of sequences,total,467,>1% to 2.5%
SARS-CoV-2 variant,GISAID,Finland,2022-W45,SARS-CoV-2,2-week count of sequences,total,495,>1% to 2.5%
SARS-CoV-2 variant,GISAID,Finland,2022-W44,SARS-CoV-2,2-week count of sequences,total,414,>1% to 2.5%
SARS-CoV-2 variant,GISAID,Finland,2022-W43,SARS-CoV-2,2-week count of sequences,total,292,>1% to 2.5%
SARS-CoV-2 variant,GISAID,Finland,2022-W42,SARS-CoV-2,2-week count of sequences,total,250,>1% to 2.5%
SARS-CoV-2 variant,GISAID,Finland,2022-W41,SARS-CoV-2,2-week count of sequences,total,257,>1% to 2.5%
SARS-CoV-2 variant,GISAID,Finland,2022-W40,SARS-CoV-2,2-week count of sequences,total,271,>1% to 2.5%
SARS-CoV-2 variant,GISAID,Finland,2022-W39,SARS-CoV-2,2-week count of sequences,total,230,>2.5% to 5%
SARS-CoV-2 variant,GISAID,Finland,2022-W38,SARS-CoV-2,2-week count of sequences,total,213,>2.5% to 5%
SARS-CoV-2 variant,GISAID,Finland,2022-W37,SARS-CoV-2,2-week count of sequences,total,228,>2.5% to 5%
SARS-CoV-2 variant,GISAID,Finland,2022-W36,SARS-CoV-2,2-week count of sequences,total,225,>2.5% to 5%
SARS-CoV-2 variant,GISAID,Finland,2022-W35,SARS-CoV-2,2-week count of sequences,total,271,>1% to 2.5%
SARS-CoV-2 variant,GISAID,Finland,2022-W34,SARS-CoV-2,2-week count of sequences,total,292,>1% to 2.5%
SARS-CoV-2 variant,GISAID,Finland,2022-W33,SARS-CoV-2,2-week count of sequences,total,507,>1% to 2.5%
SARS-CoV-2 variant,GISAID,Finland,2022-W32,SARS-CoV-2,2-week count of sequences,total,742,≤1%
SARS-CoV-2 variant,GISAID,Finland,2022-W31,SARS-CoV-2,2-week count of sequences,total,762,≤1%
SARS-CoV-2 variant,GISAID,Finland,2022-W30,SARS-CoV-2,2-week count of sequences,total,867,≤1%
SARS-CoV-2 variant,GISAID,Finland,2022-W29,SARS-CoV-2,2-week count of sequences,total,850,≤1%
SARS-CoV-2 variant,GISAID,Finland,2022-W28,SARS-CoV-2,2-week count of sequences,total,767,≤1%
SARS-CoV-2 variant,GISAID,Finland,2022-W27,SARS-CoV-2,2-week count of sequences,total,779,≤1%
SARS-CoV-2 variant,GISAID,Finland,2022-W26,SARS-CoV-2,2-week count of sequences,total,767,≤1%
SARS-CoV-2 variant,GISAID,Finland,2022-W25,SARS-CoV-2,2-week count of sequences,total,398,>1% to 2.5%
SARS-CoV-2 variant,GISAID,France,2026-W36,SARS-CoV-2,2-week count of sequences,total,5,>15%
SARS-CoV-2 variant,GISAID,France,2026-W35,SARS-CoV-2,2-week count of sequences,total,19,>15%
SARS-CoV-2 variant,GISAID,France,2026-W34,SARS-CoV-2,2-week count of sequences,total,23,>15%
SARS-CoV-2 variant,GISAID,France,2026-W33,SARS-CoV-2,2-week count of sequences,total,21,>15%
SARS-CoV-2 variant,GISAID,France,2026-W32,SARS-CoV-2,2-week count of sequences,total,14,>15%
SARS-CoV-2 variant,GISAID,France,2026-W31,SARS-CoV-2,2-week count of sequences,total,4,>15%
SARS-CoV-2 variant,GISAID,France,2026-W30,SARS-CoV-2,2-week count of sequences,total,3,>15%
SARS-CoV-2 variant,GISAID,France,2026-W29,SARS-CoV-2,2-week count of sequences,total,5,>15%
SARS-CoV-2 variant,GISAID,France,2026-W28,SARS-CoV-2,2-week count of sequences,total,10,>15%
SARS-CoV-2 variant,GISAID,France,2026-W27,SARS-CoV-2,2-week count of sequences,total,9,>15%
SARS-CoV-2 variant,GISAID,France,2026-W26,SARS-CoV-2,2-week count of sequences,total,6,>15%
SARS-CoV-2 variant,GISAID,France,2026-W25,SARS-CoV-2,2-week count of sequences,total,8,>15%
SARS-CoV-2 variant,GISAID,France,2026-W24,SARS-CoV-2,2-week count of sequences,total,10,>15%
SARS-CoV-2 variant,GISAID,France,2026-W23,SARS-CoV-2,2-week count of sequences,total,10,>15%
SARS-CoV-2 variant,GISAID,France,2026-W22,SARS-CoV-2,2-week count of sequences,total,10,>15%
SARS-CoV-2 variant,GISAID,France,2026-W21,SARS-CoV-2,2-week count of sequences,total,7,>15%
SARS-CoV-2 variant,GISAID,France,2026-W20,SARS-CoV-2,2-week count of sequences,total,8,>15%
SARS-CoV-2 variant,GISAID,France,2026-W19,SARS-CoV-2,2-week count of sequences,total,12,>15%
SARS-CoV-2 variant,GISAID,France,2026-W18,SARS-CoV-2,2-week count of sequences,total,22,>15%
SARS-CoV-2 variant,GISAID,France,2026-W17,SARS-CoV-2,2-week count of sequences,total,33,>15%
SARS-CoV-2 variant,GISAID,France,2026-W16,SARS-CoV-2,2-week count of sequences,total,31,>15%
SARS-CoV-2 variant,GISAID,France,2026-W15,SARS-CoV-2,2-week count of sequences,total,39,>10% to 15%
SARS-CoV-2 variant,GISAID,France,2026-W14,SARS-CoV-2,2-week count of sequences,total,51,>10% to 15%
SARS-CoV-2 variant,GISAID,France,2026-W13,SARS-CoV-2,2-week count of sequences,total,43,>10% to 15%
SARS-CoV-2 variant,GISAID,France,2026-W12,SARS-CoV-2,2-week count of sequences,total,40,>10% to 15%
SARS-CoV-2 variant,GISAID,France,2026-W11,SARS-CoV-2,2-week count of sequences,total,44,>10% to 15%
SARS-CoV-2 variant,GISAID,France,2026-W10,SARS-CoV-2,2-week count of sequences,total,53,>10% to 15%
SARS-CoV-2 variant,GISAID,France,2026-W09,SARS-CoV-2,2-week count of sequences,total,70,>5% to 10%
SARS-CoV-2 variant,GISAID,France,2026-W08,SARS-CoV-2,2-week count of sequences,total,83,>5% to 10%
SARS-CoV-2 variant,GISAID,France,2026-W07,SARS-CoV-2,2-week count of sequences,total,102,>5% to 10%
SARS-CoV-2 variant,GISAID,France,2026-W06,SARS-CoV-2,2-week count of sequences,total,112,>5% to 10%
SARS-CoV-2 variant,GISAID,France,2026-W05,SARS-CoV-2,2-week count of sequences,total,92,>5% to 10%
SARS-CoV-2 variant,GISAID,France,2026-W04,SARS-CoV-2,2-week count of sequences,total,63,>5% to 10%
SARS-CoV-2 variant,GISAID,France,2026-W03,SARS-CoV-2,2-week count of sequences,total,65,>5% to 10%
SARS-CoV-2 variant,GISAID,France,2026-W02,SARS-CoV-2,2-week count of sequences,total,61,>5% to 10%
SARS-CoV-2 variant,GISAID,France,2026-W01,SARS-CoV-2,2-week count of sequences,total,62,>5% to 10%
SARS-CoV-2 variant,GISAID,France,2025-W52,SARS-CoV-2,2-week count of sequences,total,97,>5% to 10%
SARS-CoV-2 variant,GISAID,France,2025-W51,SARS-CoV-2,2-week count of sequences,total,132,>2.5% to 5%
SARS-CoV-2 variant,GISAID,France,2025-W50,SARS-CoV-2,2-week count of sequences,total,165,>2.5% to 5%
SARS-CoV-2 variant,GISAID,France,2025-W49,SARS-CoV-2,2-week count of sequences,total,209,>2.5% to 5%
SARS-CoV-2 variant,GISAID,France,2025-W48,SARS-CoV-2,2-week count of sequences,total,194,>2.5% to 5%
SARS-CoV-2 variant,GISAID,France,2025-W47,SARS-CoV-2,2-week count of sequences,total,155,>2.5% to 5%
SARS-CoV-2 variant,GISAID,France,2025-W46,SARS-CoV-2,2-week count of sequences,total,190,>2.5% to 5%
SARS-CoV-2 variant,GISAID,France,2025-W45,SARS-CoV-2,2-week count of sequences,total,250,>1% to 2.5%
SARS-CoV-2 variant,GISAID,France,2025-W44,SARS-CoV-2,2-week count of sequences,total,356,>1% to 2.5%
SARS-CoV-2 variant,GISAID,France,2025-W43,SARS-CoV-2,2-week count of sequences,total,554,>1% to 2.5%
SARS-CoV-2 variant,GISAID,France,2025-W42,SARS-CoV-2,2-week count of sequences,total,693,≤1%
SARS-CoV-2 variant,GISAID,France,2025-W41,SARS-CoV-2,2-week count of sequences,total,753,≤1%
SARS-CoV-2 variant,GISAID,France,2025-W40,SARS-CoV-2,2-week count of sequences,total,755,≤1%
SARS-CoV-2 variant,GISAID,France,2025-W39,SARS-CoV-2,2-week count of sequences,total,689,≤1%
SARS-CoV-2 variant,GISAID,France,2025-W38,SARS-CoV-2,2-week count of sequences,total,624,≤1%
SARS-CoV-2 variant,GISAID,France,2025-W37,SARS-CoV-2,2-week count of sequences,total,498,>1% to 2.5%
SARS-CoV-2 variant,GISAID,France,2025-W36,SARS-CoV-2,2-week count of sequences,total,369,>1% to 2.5%
SARS-CoV-2 variant,GISAID,France,2025-W35,SARS-CoV-2,2-week count of sequences,total,346,>1% to 2.5%
SARS-CoV-2 variant,GISAID,France,2025-W34,SARS-CoV-2,2-week count of sequences,total,361,>1% to 2.5%
SARS-CoV-2 variant,GISAID,France,2025-W33,SARS-CoV-2,2-week count of sequences,total,329,>1% to 2.5%
SARS-CoV-2 variant,GISAID,France,2025-W32,SARS-CoV-2,2-week count of sequences,total,296,>1% to 2.5%
SARS-CoV-2 variant,GISAID,France,2025-W31,SARS-CoV-2,2-week count of sequences,total,297,>1% to 2.5%
SARS-CoV-2 variant,GISAID,France,2025-W30,SARS-CoV-2,2-week count of sequences,total,238,>2.5% to 5%
SARS-CoV-2 variant,GISAID,France,2025-W29,SARS-CoV-2,2-week count of sequences,total,197,>2.5% to 5%
SARS-CoV-2 variant,GISAID,France,2025-W28,SARS-CoV-2,2-week count of sequences,total,223,>2.5% to 5%
SARS-CoV-2 variant,GISAID,France,2025-W27,SARS-CoV-2,2-week count of sequences,total,215,>2.5% to 5%
SARS-CoV-2 variant,GISAID,France,2025-W26,SARS-CoV-2,2-week count of sequences,total,242,>1% to 2.5%
SARS-CoV-2 variant,GISAID,France,2025-W25,SARS-CoV-2,2-week count of sequences,total,271,>1% to 2.5%
SARS-CoV-2 variant,GISAID,France,2025-W24,SARS-CoV-2,2-week count of sequences,total,244,>1% to 2.5%
SARS-CoV-2 variant,GISAID,France,2025-W23,SARS-CoV-2,2-week count of sequences,total,182,>2.5% to 5%
SARS-CoV-2 variant,GISAID,France,2025-W22,SARS-CoV-2,2-week count of sequences,total,211,>2.5% to 5%
SARS-CoV-2 variant,GISAID,France,2025-W21,SARS-CoV-2,2-week count of sequences,total,254,>1% to 2.5%
SARS-CoV-2 variant,GISAID,France,2025-W20,SARS-CoV-2,2-week count of sequences,total,194,>2.5% to 5%
SARS-CoV-2 variant,GISAID,France,2025-W19,SARS-CoV-2,2-week count of sequences,total,180,>2.5% to 5%
SARS-CoV-2 variant,GISAID,France,2025-W18,SARS-CoV-2,2-week count of sequences,total,175,>2.5% to 5%
SARS-CoV-2 variant,GISAID,France,2025-W17,SARS-CoV-2,2-week count of sequences,total,169,>2.5% to 5%
SARS-CoV-2 variant,GISAID,France,2025-W16,SARS-CoV-2,2-week count of sequences,total,163,>2.5% to 5%
SARS-CoV-2 variant,GISAID,France,2025-W15,SARS-CoV-2,2-week count of sequences,total,122,>2.5% to 5%
SARS-CoV-2 variant,GISAID,France,2025-W14,SARS-CoV-2,2-week count of sequences,total,110,>5% to 10%
SARS-CoV-2 variant,GISAID,France,2025-W13,SARS-CoV-2,2-week count of sequences,total,109,>5% to 10%
SARS-CoV-2 variant,GISAID,France,2025-W12,SARS-CoV-2,2-week count of sequences,total,100,>5% to 10%
SARS-CoV-2 variant,GISAID,France,2025-W11,SARS-CoV-2,2-week count of sequences,total,84,>5% to 10%
SARS-CoV-2 variant,GISAID,France,2025-W10,SARS-CoV-2,2-week count of sequences,total,78,>5% to 10%
SARS-CoV-2 variant,GISAID,France,2025-W09,SARS-CoV-2,2-week count of sequences,total,67,>5% to 10%
SARS-CoV-2 variant,GISAID,France,2025-W08,SARS-CoV-2,2-week count of sequences,total,52,>10% to 15%
SARS-CoV-2 variant,GISAID,France,2025-W07,SARS-CoV-2,2-week count of sequences,total,57,>5% to 10%
SARS-CoV-2 variant,GISAID,France,2025-W06,SARS-CoV-2,2-week count of sequences,total,57,>5% to 10%
SARS-CoV-2 variant,GISAID,France,2025-W05,SARS-CoV-2,2-week count of sequences,total,58,>5% to 10%
SARS-CoV-2 variant,GISAID,France,2025-W04,SARS-CoV-2,2-week count of sequences,total,63,>5% to 10%
SARS-CoV-2 variant,GISAID,France,2025-W03,SARS-CoV-2,2-week count of sequences,total,88,>5% to 10%
SARS-CoV-2 variant,GISAID,France,2025-W02,SARS-CoV-2,2-week count of sequences,total,110,>5% to 10%
SARS-CoV-2 variant,GISAID,France,2025-W01,SARS-CoV-2,2-week count of sequences,total,121,>2.5% to 5%
SARS-CoV-2 variant,GISAID,France,2024-W52,SARS-CoV-2,2-week count of sequences,total,149,>2.5% to 5%
SARS-CoV-2 variant,GISAID,France,2024-W51,SARS-CoV-2,2-week count of sequences,total,203,>2.5% to 5%
SARS-CoV-2 variant,GISAID,France,2024-W50,SARS-CoV-2,2-week count of sequences,total,222,>2.5% to 5%
SARS-CoV-2 variant,GISAID,France,2024-W49,SARS-CoV-2,2-week count of sequences,total,235,>2.5% to 5%
SARS-CoV-2 variant,GISAID,France,2024-W48,SARS-CoV-2,2-week count of sequences,total,272,>1% to 2.5%
SARS-CoV-2 variant,GISAID,France,2024-W47,SARS-CoV-2,2-week count of sequences,total,279,>1% to 2.5%
SARS-CoV-2 variant,GISAID,France,2024-W46,SARS-CoV-2,2-week count of sequences,total,325,>1% to 2.5%
SARS-CoV-2 variant,GISAID,France,2024-W45,SARS-CoV-2,2-week count of sequences,total,361,>1% to 2.5%
SARS-CoV-2 variant,GISAID,France,2024-W44,SARS-CoV-2,2-week count of sequences,total,414,>1% to 2.5%
SARS-CoV-2 variant,GISAID,France,2024-W43,SARS-CoV-2,2-week count of sequences,total,518,>1% to 2.5%
SARS-CoV-2 variant,GISAID,France,2024-W42,SARS-CoV-2,2-week count of sequences,total,619,≤1%
SARS-CoV-2 variant,GISAID,France,2024-W41,SARS-CoV-2,2-week count of sequences,total,683,≤1%
SARS-CoV-2 variant,GISAID,France,2024-W40,SARS-CoV-2,2-week count of sequences,total,769,≤1%
SARS-CoV-2 variant,GISAID,France,2024-W39,SARS-CoV-2,2-week count of sequences,total,964,≤1%
SARS-CoV-2 variant,GISAID,France,2024-W38,SARS-CoV-2,2-week count of sequences,total,951,≤1%
SARS-CoV-2 variant,GISAID,France,2024-W37,SARS-CoV-2,2-week count of sequences,total,845,≤1%
SARS-CoV-2 variant,GISAID,France,2024-W36,SARS-CoV-2,2-week count of sequences,total,833,≤1%
SARS-CoV-2 variant,GISAID,France,2024-W35,SARS-CoV-2,2-week count of sequences,total,781,≤1%
SARS-CoV-2 variant,GISAID,France,2024-W34,SARS-CoV-2,2-week count of sequences,total,779,≤1%
SARS-CoV-2 variant,GISAID,France,2024-W33,SARS-CoV-2,2-week count of sequences,total,853,≤1%
SARS-CoV-2 variant,GISAID,France,2024-W32,SARS-CoV-2,2-week count of sequences,total,890,≤1%
SARS-CoV-2 variant,GISAID,France,2024-W31,SARS-CoV-2,2-week count of sequences,total,864,≤1%
SARS-CoV-2 variant,GISAID,France,2024-W30,SARS-CoV-2,2-week count of sequences,total,986,≤1%
SARS-CoV-2 variant,GISAID,France,2024-W29,SARS-CoV-2,2-week count of sequences,total,1022,≤1%
SARS-CoV-2 variant,GISAID,France,2024-W28,SARS-CoV-2,2-week count of sequences,total,970,≤1%
SARS-CoV-2 variant,GISAID,France,2024-W27,SARS-CoV-2,2-week count of sequences,total,1022,≤1%
SARS-CoV-2 variant,GISAID,France,2024-W26,SARS-CoV-2,2-week count of sequences,total,1058,≤1%
SARS-CoV-2 variant,GISAID,France,2024-W25,SARS-CoV-2,2-week count of sequences,total,1001,≤1%
SARS-CoV-2 variant,GISAID,France,2024-W24,SARS-CoV-2,2-week count of sequences,total,887,≤1%
SARS-CoV-2 variant,GISAID,France,2024-W23,SARS-CoV-2,2-week count of sequences,total,799,≤1%
SARS-CoV-2 variant,GISAID,France,2024-W22,SARS-CoV-2,2-week count of sequences,total,647,≤1%
SARS-CoV-2 variant,GISAID,France,2024-W21,SARS-CoV-2,2-week count of sequences,total,463,>1% to 2.5%
SARS-CoV-2 variant,GISAID,France,2024-W20,SARS-CoV-2,2-week count of sequences,total,299,>1% to 2.5%
SARS-CoV-2 variant,GISAID,France,2024-W19,SARS-CoV-2,2-week count of sequences,total,227,>2.5% to 5%
SARS-CoV-2 variant,GISAID,France,2024-W18,SARS-CoV-2,2-week count of sequences,total,215,>2.5% to 5%
SARS-CoV-2 variant,GISAID,France,2024-W17,SARS-CoV-2,2-week count of sequences,total,174,>2.5% to 5%
SARS-CoV-2 variant,GISAID,France,2024-W16,SARS-CoV-2,2-week count of sequences,total,155,>2.5% to 5%
SARS-CoV-2 variant,GISAID,France,2024-W15,SARS-CoV-2,2-week count of sequences,total,175,>2.5% to 5%
SARS-CoV-2 variant,GISAID,France,2024-W14,SARS-CoV-2,2-week count of sequences,total,168,>2.5% to 5%
SARS-CoV-2 variant,GISAID,France,2024-W13,SARS-CoV-2,2-week count of sequences,total,175,>2.5% to 5%
SARS-CoV-2 variant,GISAID,France,2024-W12,SARS-CoV-2,2-week count of sequences,total,187,>2.5% to 5%
SARS-CoV-2 variant,GISAID,France,2024-W11,SARS-CoV-2,2-week count of sequences,total,166,>2.5% to 5%
SARS-CoV-2 variant,GISAID,France,2024-W10,SARS-CoV-2,2-week count of sequences,total,185,>2.5% to 5%
SARS-CoV-2 variant,GISAID,France,2024-W09,SARS-CoV-2,2-week count of sequences,total,254,>1% to 2.5%
SARS-CoV-2 variant,GISAID,France,2024-W08,SARS-CoV-2,2-week count of sequences,total,304,>1% to 2.5%
SARS-CoV-2 variant,GISAID,France,2024-W07,SARS-CoV-2,2-week count of sequences,total,372,>1% to 2.5%
SARS-CoV-2 variant,GISAID,France,2024-W06,SARS-CoV-2,2-week count of sequences,total,488,>1% to 2.5%
SARS-CoV-2 variant,GISAID,France,2024-W05,SARS-CoV-2,2-week count of sequences,total,624,≤1%
SARS-CoV-2 variant,GISAID,France,2024-W04,SARS-CoV-2,2-week count of sequences,total,798,≤1%
SARS-CoV-2 variant,GISAID,France,2024-W03,SARS-CoV-2,2-week count of sequences,total,965,≤1%
SARS-CoV-2 variant,GISAID,France,2024-W02,SARS-CoV-2,2-week count of sequences,total,1262,≤1%
SARS-CoV-2 variant,GISAID,France,2024-W01,SARS-CoV-2,2-week count of sequences,total,1583,≤1%
SARS-CoV-2 variant,GISAID,France,2023-W52,SARS-CoV-2,2-week count of sequences,total,2398,≤1%
SARS-CoV-2 variant,GISAID,France,2023-W51,SARS-CoV-2,2-week count of sequences,total,3352,≤1%
SARS-CoV-2 variant,GISAID,France,2023-W50,SARS-CoV-2,2-week count of sequences,total,3555,≤1%
SARS-CoV-2 variant,GISAID,France,2023-W49,SARS-CoV-2,2-week count of sequences,total,3179,≤1%
SARS-CoV-2 variant,GISAID,France,2023-W48,SARS-CoV-2,2-week count of sequences,total,2782,≤1%
SARS-CoV-2 variant,GISAID,France,2023-W47,SARS-CoV-2,2-week count of sequences,total,2588,≤1%
SARS-CoV-2 variant,GISAID,France,2023-W46,SARS-CoV-2,2-week count of sequences,total,2157,≤1%
SARS-CoV-2 variant,GISAID,France,2023-W45,SARS-CoV-2,2-week count of sequences,total,1916,≤1%
SARS-CoV-2 variant,GISAID,France,2023-W44,SARS-CoV-2,2-week count of sequences,total,2043,≤1%
SARS-CoV-2 variant,GISAID,France,2023-W43,SARS-CoV-2,2-week count of sequences,total,2180,≤1%
SARS-CoV-2 variant,GISAID,France,2023-W42,SARS-CoV-2,2-week count of sequences,total,2536,≤1%
SARS-CoV-2 variant,GISAID,France,2023-W41,SARS-CoV-2,2-week count of sequences,total,2969,≤1%
SARS-CoV-2 variant,GISAID,France,2023-W40,SARS-CoV-2,2-week count of sequences,total,3064,≤1%
SARS-CoV-2 variant,GISAID,France,2023-W39,SARS-CoV-2,2-week count of sequences,total,3177,≤1%
SARS-CoV-2 variant,GISAID,France,2023-W38,SARS-CoV-2,2-week count of sequences,total,3316,≤1%
SARS-CoV-2 variant,GISAID,France,2023-W37,SARS-CoV-2,2-week count of sequences,total,3443,≤1%
SARS-CoV-2 variant,GISAID,France,2023-W36,SARS-CoV-2,2-week count of sequences,total,3091,≤1%
SARS-CoV-2 variant,GISAID,France,2023-W35,SARS-CoV-2,2-week count of sequences,total,2405,≤1%
SARS-CoV-2 variant,GISAID,France,2023-W34,SARS-CoV-2,2-week count of sequences,total,1828,≤1%
SARS-CoV-2 variant,GISAID,France,2023-W33,SARS-CoV-2,2-week count of sequences,total,1174,≤1%
SARS-CoV-2 variant,GISAID,France,2023-W32,SARS-CoV-2,2-week count of sequences,total,762,≤1%
SARS-CoV-2 variant,GISAID,France,2023-W31,SARS-CoV-2,2-week count of sequences,total,579,>1% to 2.5%
SARS-CoV-2 variant,GISAID,France,2023-W30,SARS-CoV-2,2-week count of sequences,total,518,>1% to 2.5%
SARS-CoV-2 variant,GISAID,France,2023-W29,SARS-CoV-2,2-week count of sequences,total,501,>1% to 2.5%
SARS-CoV-2 variant,GISAID,France,2023-W28,SARS-CoV-2,2-week count of sequences,total,477,>1% to 2.5%
SARS-CoV-2 variant,GISAID,France,2023-W27,SARS-CoV-2,2-week count of sequences,total,446,>1% to 2.5%
SARS-CoV-2 variant,GISAID,France,2023-W26,SARS-CoV-2,2-week count of sequences,total,475,>1% to 2.5%
SARS-CoV-2 variant,GISAID,France,2023-W25,SARS-CoV-2,2-week count of sequences,total,588,>1% to 2.5%
SARS-CoV-2 variant,GISAID,France,2023-W24,SARS-CoV-2,2-week count of sequences,total,792,≤1%
SARS-CoV-2 variant,GISAID,France,2023-W23,SARS-CoV-2,2-week count of sequences,total,1058,≤1%
SARS-CoV-2 variant,GISAID,France,2023-W22,SARS-CoV-2,2-week count of sequences,total,1722,≤1%
SARS-CoV-2 variant,GISAID,France,2023-W21,SARS-CoV-2,2-week count of sequences,total,1846,≤1%
SARS-CoV-2 variant,GISAID,France,2023-W20,SARS-CoV-2,2-week count of sequences,total,1473,≤1%
SARS-CoV-2 variant,GISAID,France,2023-W19,SARS-CoV-2,2-week count of sequences,total,1857,≤1%
SARS-CoV-2 variant,GISAID,France,2023-W18,SARS-CoV-2,2-week count of sequences,total,2400,≤1%
SARS-CoV-2 variant,GISAID,France,2023-W17,SARS-CoV-2,2-week count of sequences,total,2896,≤1%
SARS-CoV-2 variant,GISAID,France,2023-W16,SARS-CoV-2,2-week count of sequences,total,3134,≤1%
SARS-CoV-2 variant,GISAID,France,2023-W15,SARS-CoV-2,2-week count of sequences,total,2969,≤1%
SARS-CoV-2 variant,GISAID,France,2023-W14,SARS-CoV-2,2-week count of sequences,total,3114,≤1%
SARS-CoV-2 variant,GISAID,France,2023-W13,SARS-CoV-2,2-week count of sequences,total,3208,≤1%
SARS-CoV-2 variant,GISAID,France,2023-W12,SARS-CoV-2,2-week count of sequences,total,3103,≤1%
SARS-CoV-2 variant,GISAID,France,2023-W11,SARS-CoV-2,2-week count of sequences,total,2854,≤1%
SARS-CoV-2 variant,GISAID,France,2023-W10,SARS-CoV-2,2-week count of sequences,total,2486,≤1%
SARS-CoV-2 variant,GISAID,France,2023-W09,SARS-CoV-2,2-week count of sequences,total,2109,≤1%
SARS-CoV-2 variant,GISAID,France,2023-W08,SARS-CoV-2,2-week count of sequences,total,1792,≤1%
SARS-CoV-2 variant,GISAID,France,2023-W07,SARS-CoV-2,2-week count of sequences,total,1697,≤1%
SARS-CoV-2 variant,GISAID,France,2023-W06,SARS-CoV-2,2-week count of sequences,total,1856,≤1%
SARS-CoV-2 variant,GISAID,France,2023-W05,SARS-CoV-2,2-week count of sequences,total,1967,≤1%
SARS-CoV-2 variant,GISAID,France,2023-W04,SARS-CoV-2,2-week count of sequences,total,2112,≤1%
SARS-CoV-2 variant,GISAID,France,2023-W03,SARS-CoV-2,2-week count of sequences,total,2035,≤1%
SARS-CoV-2 variant,GISAID,France,2023-W02,SARS-CoV-2,2-week count of sequences,total,2234,≤1%
SARS-CoV-2 variant,GISAID,France,2023-W01,SARS-CoV-2,2-week count of sequences,total,4369,≤1%
SARS-CoV-2 variant,GISAID,France,2022-W52,SARS-CoV-2,2-week count of sequences,total,6818,≤1%
SARS-CoV-2 variant,GISAID,France,2022-W51,SARS-CoV-2,2-week count of sequences,total,8303,≤1%
SARS-CoV-2 variant,GISAID,France,2022-W50,SARS-CoV-2,2-week count of sequences,total,9968,≤1%
SARS-CoV-2 variant,GISAID,France,2022-W49,SARS-CoV-2,2-week count of sequences,total,10426,≤1%
SARS-CoV-2 variant,GISAID,France,2022-W48,SARS-CoV-2,2-week count of sequences,total,8754,≤1%
SARS-CoV-2 variant,GISAID,France,2022-W47,SARS-CoV-2,2-week count of sequences,total,5377,≤1%
SARS-CoV-2 variant,GISAID,France,2022-W46,SARS-CoV-2,2-week count of sequences,total,4022,≤1%
SARS-CoV-2 variant,GISAID,France,2022-W45,SARS-CoV-2,2-week count of sequences,total,3611,≤1%
SARS-CoV-2 variant,GISAID,France,2022-W44,SARS-CoV-2,2-week count of sequences,total,4095,≤1%
SARS-CoV-2 variant,GISAID,France,2022-W43,SARS-CoV-2,2-week count of sequences,total,6393,≤1%
SARS-CoV-2 variant,GISAID,France,2022-W42,SARS-CoV-2,2-week count of sequences,total,7698,≤1%
SARS-CoV-2 variant,GISAID,France,2022-W41,SARS-CoV-2,2-week count of sequences,total,7679,≤1%
SARS-CoV-2 variant,GISAID,France,2022-W40,SARS-CoV-2,2-week count of sequences,total,7227,≤1%
SARS-CoV-2 variant,GISAID,France,2022-W39,SARS-CoV-2,2-week count of sequences,total,7515,≤1%
SARS-CoV-2 variant,GISAID,France,2022-W38,SARS-CoV-2,2-week count of sequences,total,6690,≤1%
SARS-CoV-2 variant,GISAID,France,2022-W37,SARS-CoV-2,2-week count of sequences,total,5486,≤1%
SARS-CoV-2 variant,GISAID,France,2022-W36,SARS-CoV-2,2-week count of sequences,total,5066,≤1%
SARS-CoV-2 variant,GISAID,France,2022-W35,SARS-CoV-2,2-week count of sequences,total,5097,≤1%
SARS-CoV-2 variant,GISAID,France,2022-W34,SARS-CoV-2,2-week count of sequences,total,5156,≤1%
SARS-CoV-2 variant,GISAID,France,2022-W33,SARS-CoV-2,2-week count of sequences,total,4965,≤1%
SARS-CoV-2 variant,GISAID,France,2022-W32,SARS-CoV-2,2-week count of sequences,total,5871,≤1%
SARS-CoV-2 variant,GISAID,France,2022-W31,SARS-CoV-2,2-week count of sequences,total,7745,≤1%
SARS-CoV-2 variant,GISAID,France,2022-W30,SARS-CoV-2,2-week count of sequences,total,9881,≤1%
SARS-CoV-2 variant,GISAID,France,2022-W29,SARS-CoV-2,2-week count of sequences,total,12123,≤1%
SARS-CoV-2 variant,GISAID,France,2022-W28,SARS-CoV-2,2-week count of sequences,total,13158,≤1%
SARS-CoV-2 variant,GISAID,France,2022-W27,SARS-CoV-2,2-week count of sequences,total,15379,≤1%
SARS-CoV-2 variant,GISAID,France,2022-W26,SARS-CoV-2,2-week count of sequences,total,15237,≤1%
SARS-CoV-2 variant,GISAID,France,2022-W25,SARS-CoV-2,2-week count of sequences,total,6558,≤1%
SARS-CoV-2 variant,GISAID,Germany,2026-W36,SARS-CoV-2,2-week count of sequences,total,0,No data
SARS-CoV-2 variant,GISAID,Germany,2026-W35,SARS-CoV-2,2-week count of sequences,total,0,No data
SARS-CoV-2 variant,GISAID,Germany,2026-W34,SARS-CoV-2,2-week count of sequences,total,3,>15%
SARS-CoV-2 variant,GISAID,Germany,2026-W33,SARS-CoV-2,2-week count of sequences,total,6,>15%
SARS-CoV-2 variant,GISAID,Germany,2026-W32,SARS-CoV-2,2-week count of sequences,total,3,>15%
SARS-CoV-2 variant,GISAID,Germany,2026-W31,SARS-CoV-2,2-week count of sequences,total,4,>15%
SARS-CoV-2 variant,GISAID,Germany,2026-W30,SARS-CoV-2,2-week count of sequences,total,5,>15%
SARS-CoV-2 variant,GISAID,Germany,2026-W29,SARS-CoV-2,2-week count of sequences,total,2,>15%
SARS-CoV-2 variant,GISAID,Germany,2026-W28,SARS-CoV-2,2-week count of sequences,total,3,>15%
SARS-CoV-2 variant,GISAID,Germany,2026-W27,SARS-CoV-2,2-week count of sequences,total,4,>15%
SARS-CoV-2 variant,GISAID,Germany,2026-W26,SARS-CoV-2,2-week count of sequences,total,5,>15%
SARS-CoV-2 variant,GISAID,Germany,2026-W25,SARS-CoV-2,2-week count of sequences,total,4,>15%
SARS-CoV-2 variant,GISAID,Germany,2026-W24,SARS-CoV-2,2-week count of sequences,total,3,>15%
SARS-CoV-2 variant,GISAID,Germany,2026-W23,SARS-CoV-2,2-week count of sequences,total,3,>15%
SARS-CoV-2 variant,GISAID,Germany,2026-W22,SARS-CoV-2,2-week count of sequences,total,4,>15%
SARS-CoV-2 variant,GISAID,Germany,2026-W21,SARS-CoV-2,2-week count of sequences,total,5,>15%
SARS-CoV-2 variant,GISAID,Germany,2026-W20,SARS-CoV-2,2-week count of sequences,total,10,>15%
SARS-CoV-2 variant,GISAID,Germany,2026-W19,SARS-CoV-2,2-week count of sequences,total,10,>15%
SARS-CoV-2 variant,GISAID,Germany,2026-W18,SARS-CoV-2,2-week count of sequences,total,4,>15%
SARS-CoV-2 variant,GISAID,Germany,2026-W17,SARS-CoV-2,2-week count of sequences,total,5,>15%
SARS-CoV-2 variant,GISAID,Germany,2026-W16,SARS-CoV-2,2-week count of sequences,total,3,>15%
SARS-CoV-2 variant,GISAID,Germany,2026-W15,SARS-CoV-2,2-week count of sequences,total,9,>15%
SARS-CoV-2 variant,GISAID,Germany,2026-W14,SARS-CoV-2,2-week count of sequences,total,13,>15%
SARS-CoV-2 variant,GISAID,Germany,2026-W13,SARS-CoV-2,2-week count of sequences,total,14,>15%
SARS-CoV-2 variant,GISAID,Germany,2026-W12,SARS-CoV-2,2-week count of sequences,total,27,>15%
SARS-CoV-2 variant,GISAID,Germany,2026-W11,SARS-CoV-2,2-week count of sequences,total,35,>15%
SARS-CoV-2 variant,GISAID,Germany,2026-W10,SARS-CoV-2,2-week count of sequences,total,50,>10% to 15%
SARS-CoV-2 variant,GISAID,Germany,2026-W09,SARS-CoV-2,2-week count of sequences,total,67,>5% to 10%
SARS-CoV-2 variant,GISAID,Germany,2026-W08,SARS-CoV-2,2-week count of sequences,total,87,>5% to 10%
SARS-CoV-2 variant,GISAID,Germany,2026-W07,SARS-CoV-2,2-week count of sequences,total,102,>5% to 10%
SARS-CoV-2 variant,GISAID,Germany,2026-W06,SARS-CoV-2,2-week count of sequences,total,126,>2.5% to 5%
SARS-CoV-2 variant,GISAID,Germany,2026-W05,SARS-CoV-2,2-week count of sequences,total,133,>2.5% to 5%
SARS-CoV-2 variant,GISAID,Germany,2026-W04,SARS-CoV-2,2-week count of sequences,total,130,>2.5% to 5%
SARS-CoV-2 variant,GISAID,Germany,2026-W03,SARS-CoV-2,2-week count of sequences,total,150,>2.5% to 5%
SARS-CoV-2 variant,GISAID,Germany,2026-W02,SARS-CoV-2,2-week count of sequences,total,133,>2.5% to 5%
SARS-CoV-2 variant,GISAID,Germany,2026-W01,SARS-CoV-2,2-week count of sequences,total,103,>5% to 10%
SARS-CoV-2 variant,GISAID,Germany,2025-W52,SARS-CoV-2,2-week count of sequences,total,175,>2.5% to 5%
SARS-CoV-2 variant,GISAID,Germany,2025-W51,SARS-CoV-2,2-week count of sequences,total,321,>1% to 2.5%
SARS-CoV-2 variant,GISAID,Germany,2025-W50,SARS-CoV-2,2-week count of sequences,total,355,>1% to 2.5%
SARS-CoV-2 variant,GISAID,Germany,2025-W49,SARS-CoV-2,2-week count of sequences,total,285,>1% to 2.5%
SARS-CoV-2 variant,GISAID,Germany,2025-W48,SARS-CoV-2,2-week count of sequences,total,263,>1% to 2.5%
SARS-CoV-2 variant,GISAID,Germany,2025-W47,SARS-CoV-2,2-week count of sequences,total,253,>1% to 2.5%
SARS-CoV-2 variant,GISAID,Germany,2025-W46,SARS-CoV-2,2-week count of sequences,total,262,>1% to 2.5%
SARS-CoV-2 variant,GISAID,Germany,2025-W45,SARS-CoV-2,2-week count of sequences,total,297,>1% to 2.5%
SARS-CoV-2 variant,GISAID,Germany,2025-W44,SARS-CoV-2,2-week count of sequences,total,282,>1% to 2.5%
SARS-CoV-2 variant,GISAID,Germany,2025-W43,SARS-CoV-2,2-week count of sequences,total,271,>1% to 2.5%
SARS-CoV-2 variant,GISAID,Germany,2025-W42,SARS-CoV-2,2-week count of sequences,total,282,>1% to 2.5%
SARS-CoV-2 variant,GISAID,Germany,2025-W41,SARS-CoV-2,2-week count of sequences,total,273,>1% to 2.5%
SARS-CoV-2 variant,GISAID,Germany,2025-W40,SARS-CoV-2,2-week count of sequences,total,257,>1% to 2.5%
SARS-CoV-2 variant,GISAID,Germany,2025-W39,SARS-CoV-2,2-week count of sequences,total,252,>1% to 2.5%
SARS-CoV-2 variant,GISAID,Germany,2025-W38,SARS-CoV-2,2-week count of sequences,total,233,>2.5% to 5%
SARS-CoV-2 variant,GISAID,Germany,2025-W37,SARS-CoV-2,2-week count of sequences,total,195,>2.5% to 5%
SARS-CoV-2 variant,GISAID,Germany,2025-W36,SARS-CoV-2,2-week count of sequences,total,154,>2.5% to 5%
SARS-CoV-2 variant,GISAID,Germany,2025-W35,SARS-CoV-2,2-week count of sequences,total,133,>2.5% to 5%
SARS-CoV-2 variant,GISAID,Germany,2025-W34,SARS-CoV-2,2-week count of sequences,total,120,>2.5% to 5%
SARS-CoV-2 variant,GISAID,Germany,2025-W33,SARS-CoV-2,2-week count of sequences,total,127,>2.5% to 5%
SARS-CoV-2 variant,GISAID,Germany,2025-W32,SARS-CoV-2,2-week count of sequences,total,110,>5% to 10%
SARS-CoV-2 variant,GISAID,Germany,2025-W31,SARS-CoV-2,2-week count of sequences,total,81,>5% to 10%
SARS-CoV-2 variant,GISAID,Germany,2025-W30,SARS-CoV-2,2-week count of sequences,total,96,>5% to 10%
SARS-CoV-2 variant,GISAID,Germany,2025-W29,SARS-CoV-2,2-week count of sequences,total,84,>5% to 10%
SARS-CoV-2 variant,GISAID,Germany,2025-W28,SARS-CoV-2,2-week count of sequences,total,60,>5% to 10%
SARS-CoV-2 variant,GISAID,Germany,2025-W27,SARS-CoV-2,2-week count of sequences,total,58,>5% to 10%
SARS-CoV-2 variant,GISAID,Germany,2025-W26,SARS-CoV-2,2-week count of sequences,total,55,>10% to 15%
SARS-CoV-2 variant,GISAID,Germany,2025-W25,SARS-CoV-2,2-week count of sequences,total,54,>10% to 15%
SARS-CoV-2 variant,GISAID,Germany,2025-W24,SARS-CoV-2,2-week count of sequences,total,56,>10% to 15%
SARS-CoV-2 variant,GISAID,Germany,2025-W23,SARS-CoV-2,2-week count of sequences,total,57,>5% to 10%
SARS-CoV-2 variant,GISAID,Germany,2025-W22,SARS-CoV-2,2-week count of sequences,total,51,>10% to 15%
SARS-CoV-2 variant,GISAID,Germany,2025-W21,SARS-CoV-2,2-week count of sequences,total,43,>10% to 15%
SARS-CoV-2 variant,GISAID,Germany,2025-W20,SARS-CoV-2,2-week count of sequences,total,35,>15%
SARS-CoV-2 variant,GISAID,Germany,2025-W19,SARS-CoV-2,2-week count of sequences,total,23,>15%
SARS-CoV-2 variant,GISAID,Germany,2025-W18,SARS-CoV-2,2-week count of sequences,total,25,>15%
SARS-CoV-2 variant,GISAID,Germany,2025-W17,SARS-CoV-2,2-week count of sequences,total,37,>10% to 15%
SARS-CoV-2 variant,GISAID,Germany,2025-W16,SARS-CoV-2,2-week count of sequences,total,42,>10% to 15%
SARS-CoV-2 variant,GISAID,Germany,2025-W15,SARS-CoV-2,2-week count of sequences,total,38,>10% to 15%
SARS-CoV-2 variant,GISAID,Germany,2025-W14,SARS-CoV-2,2-week count of sequences,total,31,>15%
SARS-CoV-2 variant,GISAID,Germany,2025-W13,SARS-CoV-2,2-week count of sequences,total,28,>15%
SARS-CoV-2 variant,GISAID,Germany,2025-W12,SARS-CoV-2,2-week count of sequences,total,28,>15%
SARS-CoV-2 variant,GISAID,Germany,2025-W11,SARS-CoV-2,2-week count of sequences,total,30,>15%
SARS-CoV-2 variant,GISAID,Germany,2025-W10,SARS-CoV-2,2-week count of sequences,total,26,>15%
SARS-CoV-2 variant,GISAID,Germany,2025-W09,SARS-CoV-2,2-week count of sequences,total,35,>15%
SARS-CoV-2 variant,GISAID,Germany,2025-W08,SARS-CoV-2,2-week count of sequences,total,50,>10% to 15%
SARS-CoV-2 variant,GISAID,Germany,2025-W07,SARS-CoV-2,2-week count of sequences,total,55,>10% to 15%
SARS-CoV-2 variant,GISAID,Germany,2025-W06,SARS-CoV-2,2-week count of sequences,total,64,>5% to 10%
SARS-CoV-2 variant,GISAID,Germany,2025-W05,SARS-CoV-2,2-week count of sequences,total,62,>5% to 10%
SARS-CoV-2 variant,GISAID,Germany,2025-W04,SARS-CoV-2,2-week count of sequences,total,70,>5% to 10%
SARS-CoV-2 variant,GISAID,Germany,2025-W03,SARS-CoV-2,2-week count of sequences,total,83,>5% to 10%
SARS-CoV-2 variant,GISAID,Germany,2025-W02,SARS-CoV-2,2-week count of sequences,total,69,>5% to 10%
SARS-CoV-2 variant,GISAID,Germany,2025-W01,SARS-CoV-2,2-week count of sequences,total,50,>10% to 15%
SARS-CoV-2 variant,GISAID,Germany,2024-W52,SARS-CoV-2,2-week count of sequences,total,76,>5% to 10%
SARS-CoV-2 variant,GISAID,Germany,2024-W51,SARS-CoV-2,2-week count of sequences,total,121,>2.5% to 5%
SARS-CoV-2 variant,GISAID,Germany,2024-W50,SARS-CoV-2,2-week count of sequences,total,146,>2.5% to 5%
SARS-CoV-2 variant,GISAID,Germany,2024-W49,SARS-CoV-2,2-week count of sequences,total,168,>2.5% to 5%
SARS-CoV-2 variant,GISAID,Germany,2024-W48,SARS-CoV-2,2-week count of sequences,total,190,>2.5% to 5%
SARS-CoV-2 variant,GISAID,Germany,2024-W47,SARS-CoV-2,2-week count of sequences,total,190,>2.5% to 5%
SARS-CoV-2 variant,GISAID,Germany,2024-W46,SARS-CoV-2,2-week count of sequences,total,195,>2.5% to 5%
SARS-CoV-2 variant,GISAID,Germany,2024-W45,SARS-CoV-2,2-week count of sequences,total,210,>2.5% to 5%
SARS-CoV-2 variant,GISAID,Germany,2024-W44,SARS-CoV-2,2-week count of sequences,total,273,>1% to 2.5%
SARS-CoV-2 variant,GISAID,Germany,2024-W43,SARS-CoV-2,2-week count of sequences,total,376,>1% to 2.5%
SARS-CoV-2 variant,GISAID,Germany,2024-W42,SARS-CoV-2,2-week count of sequences,total,402,>1% to 2.5%
SARS-CoV-2 variant,GISAID,Germany,2024-W41,SARS-CoV-2,2-week count of sequences,total,362,>1% to 2.5%
SARS-CoV-2 variant,GISAID,Germany,2024-W40,SARS-CoV-2,2-week count of sequences,total,336,>1% to 2.5%
SARS-CoV-2 variant,GISAID,Germany,2024-W39,SARS-CoV-2,2-week count of sequences,total,331,>1% to 2.5%
SARS-CoV-2 variant,GISAID,Germany,2024-W38,SARS-CoV-2,2-week count of sequences,total,283,>1% to 2.5%
SARS-CoV-2 variant,GISAID,Germany,2024-W37,SARS-CoV-2,2-week count of sequences,total,272,>1% to 2.5%
SARS-CoV-2 variant,GISAID,Germany,2024-W36,SARS-CoV-2,2-week count of sequences,total,289,>1% to 2.5%
SARS-CoV-2 variant,GISAID,Germany,2024-W35,SARS-CoV-2,2-week count of sequences,total,300,>1% to 2.5%
SARS-CoV-2 variant,GISAID,Germany,2024-W34,SARS-CoV-2,2-week count of sequences,total,320,>1% to 2.5%
SARS-CoV-2 variant,GISAID,Germany,2024-W33,SARS-CoV-2,2-week count of sequences,total,342,>1% to 2.5%
SARS-CoV-2 variant,GISAID,Germany,2024-W32,SARS-CoV-2,2-week count of sequences,total,346,>1% to 2.5%
SARS-CoV-2 variant,GISAID,Germany,2024-W31,SARS-CoV-2,2-week count of sequences,total,388,>1% to 2.5%
SARS-CoV-2 variant,GISAID,Germany,2024-W30,SARS-CoV-2,2-week count of sequences,total,388,>1% to 2.5%
SARS-CoV-2 variant,GISAID,Germany,2024-W29,SARS-CoV-2,2-week count of sequences,total,383,>1% to 2.5%
SARS-CoV-2 variant,GISAID,Germany,2024-W28,SARS-CoV-2,2-week count of sequences,total,377,>1% to 2.5%
SARS-CoV-2 variant,GISAID,Germany,2024-W27,SARS-CoV-2,2-week count of sequences,total,310,>1% to 2.5%
SARS-CoV-2 variant,GISAID,Germany,2024-W26,SARS-CoV-2,2-week count of sequences,total,301,>1% to 2.5%
SARS-CoV-2 variant,GISAID,Germany,2024-W25,SARS-CoV-2,2-week count of sequences,total,240,>2.5% to 5%
SARS-CoV-2 variant,GISAID,Germany,2024-W24,SARS-CoV-2,2-week count of sequences,total,163,>2.5% to 5%
SARS-CoV-2 variant,GISAID,Germany,2024-W23,SARS-CoV-2,2-week count of sequences,total,127,>2.5% to 5%
SARS-CoV-2 variant,GISAID,Germany,2024-W22,SARS-CoV-2,2-week count of sequences,total,106,>5% to 10%
SARS-CoV-2 variant,GISAID,Germany,2024-W21,SARS-CoV-2,2-week count of sequences,total,115,>5% to 10%
SARS-CoV-2 variant,GISAID,Germany,2024-W20,SARS-CoV-2,2-week count of sequences,total,114,>5% to 10%
SARS-CoV-2 variant,GISAID,Germany,2024-W19,SARS-CoV-2,2-week count of sequences,total,117,>5% to 10%
SARS-CoV-2 variant,GISAID,Germany,2024-W18,SARS-CoV-2,2-week count of sequences,total,106,>5% to 10%
SARS-CoV-2 variant,GISAID,Germany,2024-W17,SARS-CoV-2,2-week count of sequences,total,69,>5% to 10%
SARS-CoV-2 variant,GISAID,Germany,2024-W16,SARS-CoV-2,2-week count of sequences,total,60,>5% to 10%
SARS-CoV-2 variant,GISAID,Germany,2024-W15,SARS-CoV-2,2-week count of sequences,total,63,>5% to 10%
SARS-CoV-2 variant,GISAID,Germany,2024-W14,SARS-CoV-2,2-week count of sequences,total,66,>5% to 10%
SARS-CoV-2 variant,GISAID,Germany,2024-W13,SARS-CoV-2,2-week count of sequences,total,91,>5% to 10%
SARS-CoV-2 variant,GISAID,Germany,2024-W12,SARS-CoV-2,2-week count of sequences,total,119,>2.5% to 5%
SARS-CoV-2 variant,GISAID,Germany,2024-W11,SARS-CoV-2,2-week count of sequences,total,130,>2.5% to 5%
SARS-CoV-2 variant,GISAID,Germany,2024-W10,SARS-CoV-2,2-week count of sequences,total,132,>2.5% to 5%
SARS-CoV-2 variant,GISAID,Germany,2024-W09,SARS-CoV-2,2-week count of sequences,total,155,>2.5% to 5%
SARS-CoV-2 variant,GISAID,Germany,2024-W08,SARS-CoV-2,2-week count of sequences,total,179,>2.5% to 5%
SARS-CoV-2 variant,GISAID,Germany,2024-W07,SARS-CoV-2,2-week count of sequences,total,219,>2.5% to 5%
SARS-CoV-2 variant,GISAID,Germany,2024-W06,SARS-CoV-2,2-week count of sequences,total,286,>1% to 2.5%
SARS-CoV-2 variant,GISAID,Germany,2024-W05,SARS-CoV-2,2-week count of sequences,total,355,>1% to 2.5%
SARS-CoV-2 variant,GISAID,Germany,2024-W04,SARS-CoV-2,2-week count of sequences,total,426,>1% to 2.5%
SARS-CoV-2 variant,GISAID,Germany,2024-W03,SARS-CoV-2,2-week count of sequences,total,445,>1% to 2.5%
SARS-CoV-2 variant,GISAID,Germany,2024-W02,SARS-CoV-2,2-week count of sequences,total,466,>1% to 2.5%
SARS-CoV-2 variant,GISAID,Germany,2024-W01,SARS-CoV-2,2-week count of sequences,total,454,>1% to 2.5%
SARS-CoV-2 variant,GISAID,Germany,2023-W52,SARS-CoV-2,2-week count of sequences,total,548,>1% to 2.5%
SARS-CoV-2 variant,GISAID,Germany,2023-W51,SARS-CoV-2,2-week count of sequences,total,753,≤1%
SARS-CoV-2 variant,GISAID,Germany,2023-W50,SARS-CoV-2,2-week count of sequences,total,858,≤1%
SARS-CoV-2 variant,GISAID,Germany,2023-W49,SARS-CoV-2,2-week count of sequences,total,881,≤1%
SARS-CoV-2 variant,GISAID,Germany,2023-W48,SARS-CoV-2,2-week count of sequences,total,820,≤1%
SARS-CoV-2 variant,GISAID,Germany,2023-W47,SARS-CoV-2,2-week count of sequences,total,813,≤1%
SARS-CoV-2 variant,GISAID,Germany,2023-W46,SARS-CoV-2,2-week count of sequences,total,803,≤1%
SARS-CoV-2 variant,GISAID,Germany,2023-W45,SARS-CoV-2,2-week count of sequences,total,729,≤1%
SARS-CoV-2 variant,GISAID,Germany,2023-W44,SARS-CoV-2,2-week count of sequences,total,763,≤1%
SARS-CoV-2 variant,GISAID,Germany,2023-W43,SARS-CoV-2,2-week count of sequences,total,747,≤1%
SARS-CoV-2 variant,GISAID,Germany,2023-W42,SARS-CoV-2,2-week count of sequences,total,717,≤1%
SARS-CoV-2 variant,GISAID,Germany,2023-W41,SARS-CoV-2,2-week count of sequences,total,695,≤1%
SARS-CoV-2 variant,GISAID,Germany,2023-W40,SARS-CoV-2,2-week count of sequences,total,606,>1% to 2.5%
SARS-CoV-2 variant,GISAID,Germany,2023-W39,SARS-CoV-2,2-week count of sequences,total,574,>1% to 2.5%
SARS-CoV-2 variant,GISAID,Germany,2023-W38,SARS-CoV-2,2-week count of sequences,total,504,>1% to 2.5%
SARS-CoV-2 variant,GISAID,Germany,2023-W37,SARS-CoV-2,2-week count of sequences,total,448,>1% to 2.5%
SARS-CoV-2 variant,GISAID,Germany,2023-W36,SARS-CoV-2,2-week count of sequences,total,392,>1% to 2.5%
SARS-CoV-2 variant,GISAID,Germany,2023-W35,SARS-CoV-2,2-week count of sequences,total,298,>1% to 2.5%
SARS-CoV-2 variant,GISAID,Germany,2023-W34,SARS-CoV-2,2-week count of sequences,total,264,>1% to 2.5%
SARS-CoV-2 variant,GISAID,Germany,2023-W33,SARS-CoV-2,2-week count of sequences,total,234,>2.5% to 5%
SARS-CoV-2 variant,GISAID,Germany,2023-W32,SARS-CoV-2,2-week count of sequences,total,213,>2.5% to 5%
SARS-CoV-2 variant,GISAID,Germany,2023-W31,SARS-CoV-2,2-week count of sequences,total,212,>2.5% to 5%
SARS-CoV-2 variant,GISAID,Germany,2023-W30,SARS-CoV-2,2-week count of sequences,total,188,>2.5% to 5%
SARS-CoV-2 variant,GISAID,Germany,2023-W29,SARS-CoV-2,2-week count of sequences,total,139,>2.5% to 5%
SARS-CoV-2 variant,GISAID,Germany,2023-W28,SARS-CoV-2,2-week count of sequences,total,113,>5% to 10%
SARS-CoV-2 variant,GISAID,Germany,2023-W27,SARS-CoV-2,2-week count of sequences,total,110,>5% to 10%
SARS-CoV-2 variant,GISAID,Germany,2023-W26,SARS-CoV-2,2-week count of sequences,total,136,>2.5% to 5%
SARS-CoV-2 variant,GISAID,Germany,2023-W25,SARS-CoV-2,2-week count of sequences,total,187,>2.5% to 5%
SARS-CoV-2 variant,GISAID,Germany,2023-W24,SARS-CoV-2,2-week count of sequences,total,202,>2.5% to 5%
SARS-CoV-2 variant,GISAID,Germany,2023-W23,SARS-CoV-2,2-week count of sequences,total,184,>2.5% to 5%
SARS-CoV-2 variant,GISAID,Germany,2023-W22,SARS-CoV-2,2-week count of sequences,total,221,>2.5% to 5%
SARS-CoV-2 variant,GISAID,Germany,2023-W21,SARS-CoV-2,2-week count of sequences,total,243,>1% to 2.5%
SARS-CoV-2 variant,GISAID,Germany,2023-W20,SARS-CoV-2,2-week count of sequences,total,243,>1% to 2.5%
SARS-CoV-2 variant,GISAID,Germany,2023-W19,SARS-CoV-2,2-week count of sequences,total,267,>1% to 2.5%
SARS-CoV-2 variant,GISAID,Germany,2023-W18,SARS-CoV-2,2-week count of sequences,total,403,>1% to 2.5%
SARS-CoV-2 variant,GISAID,Germany,2023-W17,SARS-CoV-2,2-week count of sequences,total,1054,≤1%
SARS-CoV-2 variant,GISAID,Germany,2023-W16,SARS-CoV-2,2-week count of sequences,total,1581,≤1%
SARS-CoV-2 variant,GISAID,Germany,2023-W15,SARS-CoV-2,2-week count of sequences,total,1812,≤1%
SARS-CoV-2 variant,GISAID,Germany,2023-W14,SARS-CoV-2,2-week count of sequences,total,2689,≤1%
SARS-CoV-2 variant,GISAID,Germany,2023-W13,SARS-CoV-2,2-week count of sequences,total,3724,≤1%
SARS-CoV-2 variant,GISAID,Germany,2023-W12,SARS-CoV-2,2-week count of sequences,total,4590,≤1%
SARS-CoV-2 variant,GISAID,Germany,2023-W11,SARS-CoV-2,2-week count of sequences,total,5004,≤1%
SARS-CoV-2 variant,GISAID,Germany,2023-W10,SARS-CoV-2,2-week count of sequences,total,5590,≤1%
SARS-CoV-2 variant,GISAID,Germany,2023-W09,SARS-CoV-2,2-week count of sequences,total,6818,≤1%
SARS-CoV-2 variant,GISAID,Germany,2023-W08,SARS-CoV-2,2-week count of sequences,total,7435,≤1%
SARS-CoV-2 variant,GISAID,Germany,2023-W07,SARS-CoV-2,2-week count of sequences,total,7410,≤1%
SARS-CoV-2 variant,GISAID,Germany,2023-W06,SARS-CoV-2,2-week count of sequences,total,7215,≤1%
SARS-CoV-2 variant,GISAID,Germany,2023-W05,SARS-CoV-2,2-week count of sequences,total,6857,≤1%
SARS-CoV-2 variant,GISAID,Germany,2023-W04,SARS-CoV-2,2-week count of sequences,total,6308,≤1%
SARS-CoV-2 variant,GISAID,Germany,2023-W03,SARS-CoV-2,2-week count of sequences,total,6548,≤1%
SARS-CoV-2 variant,GISAID,Germany,2023-W02,SARS-CoV-2,2-week count of sequences,total,7049,≤1%
SARS-CoV-2 variant,GISAID,Germany,2023-W01,SARS-CoV-2,2-week count of sequences,total,6358,≤1%
SARS-CoV-2 variant,GISAID,Germany,2022-W52,SARS-CoV-2,2-week count of sequences,total,6867,≤1%
SARS-CoV-2 variant,GISAID,Germany,2022-W51,SARS-CoV-2,2-week count of sequences,total,9272,≤1%
SARS-CoV-2 variant,GISAID,Germany,2022-W50,SARS-CoV-2,2-week count of sequences,total,10211,≤1%
SARS-CoV-2 variant,GISAID,Germany,2022-W49,SARS-CoV-2,2-week count of sequences,total,8903,≤1%
SARS-CoV-2 variant,GISAID,Germany,2022-W48,SARS-CoV-2,2-week count of sequences,total,8966,≤1%
SARS-CoV-2 variant,GISAID,Germany,2022-W47,SARS-CoV-2,2-week count of sequences,total,9493,≤1%
SARS-CoV-2 variant,GISAID,Germany,2022-W46,SARS-CoV-2,2-week count of sequences,total,8842,≤1%
SARS-CoV-2 variant,GISAID,Germany,2022-W45,SARS-CoV-2,2-week count of sequences,total,8107,≤1%
SARS-CoV-2 variant,GISAID,Germany,2022-W44,SARS-CoV-2,2-week count of sequences,total,8624,≤1%
SARS-CoV-2 variant,GISAID,Germany,2022-W43,SARS-CoV-2,2-week count of sequences,total,10527,≤1%
SARS-CoV-2 variant,GISAID,Germany,2022-W42,SARS-CoV-2,2-week count of sequences,total,12021,≤1%
SARS-CoV-2 variant,GISAID,Germany,2022-W41,SARS-CoV-2,2-week count of sequences,total,12336,≤1%
SARS-CoV-2 variant,GISAID,Germany,2022-W40,SARS-CoV-2,2-week count of sequences,total,10769,≤1%
SARS-CoV-2 variant,GISAID,Germany,2022-W39,SARS-CoV-2,2-week count of sequences,total,9480,≤1%
SARS-CoV-2 variant,GISAID,Germany,2022-W38,SARS-CoV-2,2-week count of sequences,total,10949,≤1%
SARS-CoV-2 variant,GISAID,Germany,2022-W37,SARS-CoV-2,2-week count of sequences,total,12504,≤1%
SARS-CoV-2 variant,GISAID,Germany,2022-W36,SARS-CoV-2,2-week count of sequences,total,10909,≤1%
SARS-CoV-2 variant,GISAID,Germany,2022-W35,SARS-CoV-2,2-week count of sequences,total,9263,≤1%
SARS-CoV-2 variant,GISAID,Germany,2022-W34,SARS-CoV-2,2-week count of sequences,total,9208,≤1%
SARS-CoV-2 variant,GISAID,Germany,2022-W33,SARS-CoV-2,2-week count of sequences,total,9580,≤1%
SARS-CoV-2 variant,GISAID,Germany,2022-W32,SARS-CoV-2,2-week count of sequences,total,10120,≤1%
SARS-CoV-2 variant,GISAID,Germany,2022-W31,SARS-CoV-2,2-week count of sequences,total,11480,≤1%
SARS-CoV-2 variant,GISAID,Germany,2022-W30,SARS-CoV-2,2-week count of sequences,total,14508,≤1%
SARS-CoV-2 variant,GISAID,Germany,2022-W29,SARS-CoV-2,2-week count of sequences,total,16201,≤1%
SARS-CoV-2 variant,GISAID,Germany,2022-W28,SARS-CoV-2,2-week count of sequences,total,16384,≤1%
SARS-CoV-2 variant,GISAID,Germany,2022-W27,SARS-CoV-2,2-week count of sequences,total,20951,≤1%
SARS-CoV-2 variant,GISAID,Germany,2022-W26,SARS-CoV-2,2-week count of sequences,total,27525,≤1%
SARS-CoV-2 variant,GISAID,Germany,2022-W25,SARS-CoV-2,2-week count of sequences,total,14949,≤1%
SARS-CoV-2 variant,GISAID,Greece,2026-W36,SARS-CoV-2,2-week count of sequences,total,0,No data
SARS-CoV-2 variant,GISAID,Greece,2026-W35,SARS-CoV-2,2-week count of sequences,total,0,No data
SARS-CoV-2 variant,GISAID,Greece,2026-W34,SARS-CoV-2,2-week count of sequences,total,0,No data
SARS-CoV-2 variant,GISAID,Greece,2026-W33,SARS-CoV-2,2-week count of sequences,total,0,No data
SARS-CoV-2 variant,GISAID,Greece,2026-W32,SARS-CoV-2,2-week count of sequences,total,0,No data
SARS-CoV-2 variant,GISAID,Greece,2026-W31,SARS-CoV-2,2-week count of sequences,total,0,No data
SARS-CoV-2 variant,GISAID,Greece,2026-W30,SARS-CoV-2,2-week count of sequences,total,0,No data
SARS-CoV-2 variant,GISAID,Greece,2026-W29,SARS-CoV-2,2-week count of sequences,total,0,No data
SARS-CoV-2 variant,GISAID,Greece,2026-W28,SARS-CoV-2,2-week count of sequences,total,0,No data
SARS-CoV-2 variant,GISAID,Greece,2026-W27,SARS-CoV-2,2-week count of sequences,total,0,No data
SARS-CoV-2 variant,GISAID,Greece,2026-W26,SARS-CoV-2,2-week count of sequences,total,0,No data
SARS-CoV-2 variant,GISAID,Greece,2026-W25,SARS-CoV-2,2-week count of sequences,total,0,No data
SARS-CoV-2 variant,GISAID,Greece,2026-W24,SARS-CoV-2,2-week count of sequences,total,0,No data
SARS-CoV-2 variant,GISAID,Greece,2026-W23,SARS-CoV-2,2-week count of sequences,total,0,No data
SARS-CoV-2 variant,GISAID,Greece,2026-W22,SARS-CoV-2,2-week count of sequences,total,0,No data
SARS-CoV-2 variant,GISAID,Greece,2026-W21,SARS-CoV-2,2-week count of sequences,total,0,No data
SARS-CoV-2 variant,GISAID,Greece,2026-W20,SARS-CoV-2,2-week count of sequences,total,0,No data
SARS-CoV-2 variant,GISAID,Greece,2026-W19,SARS-CoV-2,2-week count of sequences,total,0,No data
SARS-CoV-2 variant,GISAID,Greece,2026-W18,SARS-CoV-2,2-week count of sequences,total,0,No data
SARS-CoV-2 variant,GISAID,Greece,2026-W17,SARS-CoV-2,2-week count of sequences,total,0,No data
SARS-CoV-2 variant,GISAID,Greece,2026-W16,SARS-CoV-2,2-week count of sequences,total,0,No data
SARS-CoV-2 variant,GISAID,Greece,2026-W15,SARS-CoV-2,2-week count of sequences,total,0,No data
SARS-CoV-2 variant,GISAID,Greece,2026-W14,SARS-CoV-2,2-week count of sequences,total,0,No data
SARS-CoV-2 variant,GISAID,Greece,2026-W13,SARS-CoV-2,2-week count of sequences,total,0,No data
SARS-CoV-2 variant,GISAID,Greece,2026-W12,SARS-CoV-2,2-week count of sequences,total,0,No data
SARS-CoV-2 variant,GISAID,Greece,2026-W11,SARS-CoV-2,2-week count of sequences,total,0,No data
SARS-CoV-2 variant,GISAID,Greece,2026-W10,SARS-CoV-2,2-week count of sequences,total,2,>15%
SARS-CoV-2 variant,GISAID,Greece,2026-W09,SARS-CoV-2,2-week count of sequences,total,3,>15%
SARS-CoV-2 variant,GISAID,Greece,2026-W08,SARS-CoV-2,2-week count of sequences,total,5,>15%
SARS-CoV-2 variant,GISAID,Greece,2026-W07,SARS-CoV-2,2-week count of sequences,total,10,>15%
SARS-CoV-2 variant,GISAID,Greece,2026-W06,SARS-CoV-2,2-week count of sequences,total,15,>15%
SARS-CoV-2 variant,GISAID,Greece,2026-W05,SARS-CoV-2,2-week count of sequences,total,16,>15%
SARS-CoV-2 variant,GISAID,Greece,2026-W04,SARS-CoV-2,2-week count of sequences,total,12,>15%
SARS-CoV-2 variant,GISAID,Greece,2026-W03,SARS-CoV-2,2-week count of sequences,total,17,>15%
SARS-CoV-2 variant,GISAID,Greece,2026-W02,SARS-CoV-2,2-week count of sequences,total,27,>15%
SARS-CoV-2 variant,GISAID,Greece,2026-W01,SARS-CoV-2,2-week count of sequences,total,22,>15%
SARS-CoV-2 variant,GISAID,Greece,2025-W52,SARS-CoV-2,2-week count of sequences,total,9,>15%
SARS-CoV-2 variant,GISAID,Greece,2025-W51,SARS-CoV-2,2-week count of sequences,total,4,>15%
SARS-CoV-2 variant,GISAID,Greece,2025-W50,SARS-CoV-2,2-week count of sequences,total,5,>15%
SARS-CoV-2 variant,GISAID,Greece,2025-W49,SARS-CoV-2,2-week count of sequences,total,7,>15%
SARS-CoV-2 variant,GISAID,Greece,2025-W48,SARS-CoV-2,2-week count of sequences,total,16,>15%
SARS-CoV-2 variant,GISAID,Greece,2025-W47,SARS-CoV-2,2-week count of sequences,total,18,>15%
SARS-CoV-2 variant,GISAID,Greece,2025-W46,SARS-CoV-2,2-week count of sequences,total,12,>15%
SARS-CoV-2 variant,GISAID,Greece,2025-W45,SARS-CoV-2,2-week count of sequences,total,16,>15%
SARS-CoV-2 variant,GISAID,Greece,2025-W44,SARS-CoV-2,2-week count of sequences,total,23,>15%
SARS-CoV-2 variant,GISAID,Greece,2025-W43,SARS-CoV-2,2-week count of sequences,total,32,>15%
SARS-CoV-2 variant,GISAID,Greece,2025-W42,SARS-CoV-2,2-week count of sequences,total,30,>15%
SARS-CoV-2 variant,GISAID,Greece,2025-W41,SARS-CoV-2,2-week count of sequences,total,14,>15%
SARS-CoV-2 variant,GISAID,Greece,2025-W40,SARS-CoV-2,2-week count of sequences,total,16,>15%
SARS-CoV-2 variant,GISAID,Greece,2025-W39,SARS-CoV-2,2-week count of sequences,total,20,>15%
SARS-CoV-2 variant,GISAID,Greece,2025-W38,SARS-CoV-2,2-week count of sequences,total,15,>15%
SARS-CoV-2 variant,GISAID,Greece,2025-W37,SARS-CoV-2,2-week count of sequences,total,19,>15%
SARS-CoV-2 variant,GISAID,Greece,2025-W36,SARS-CoV-2,2-week count of sequences,total,21,>15%
SARS-CoV-2 variant,GISAID,Greece,2025-W35,SARS-CoV-2,2-week count of sequences,total,24,>15%
SARS-CoV-2 variant,GISAID,Greece,2025-W34,SARS-CoV-2,2-week count of sequences,total,23,>15%
SARS-CoV-2 variant,GISAID,Greece,2025-W33,SARS-CoV-2,2-week count of sequences,total,23,>15%
SARS-CoV-2 variant,GISAID,Greece,2025-W32,SARS-CoV-2,2-week count of sequences,total,60,>5% to 10%
SARS-CoV-2 variant,GISAID,Greece,2025-W31,SARS-CoV-2,2-week count of sequences,total,53,>10% to 15%
SARS-CoV-2 variant,GISAID,Greece,2025-W30,SARS-CoV-2,2-week count of sequences,total,10,>15%
SARS-CoV-2 variant,GISAID,Greece,2025-W29,SARS-CoV-2,2-week count of sequences,total,15,>15%
SARS-CoV-2 variant,GISAID,Greece,2025-W28,SARS-CoV-2,2-week count of sequences,total,16,>15%
SARS-CoV-2 variant,GISAID,Greece,2025-W27,SARS-CoV-2,2-week count of sequences,total,10,>15%
SARS-CoV-2 variant,GISAID,Greece,2025-W26,SARS-CoV-2,2-week count of sequences,total,10,>15%
SARS-CoV-2 variant,GISAID,Greece,2025-W25,SARS-CoV-2,2-week count of sequences,total,6,>15%
SARS-CoV-2 variant,GISAID,Greece,2025-W24,SARS-CoV-2,2-week count of sequences,total,4,>15%
SARS-CoV-2 variant,GISAID,Greece,2025-W23,SARS-CoV-2,2-week count of sequences,total,7,>15%
SARS-CoV-2 variant,GISAID,Greece,2025-W22,SARS-CoV-2,2-week count of sequences,total,8,>15%
SARS-CoV-2 variant,GISAID,Greece,2025-W21,SARS-CoV-2,2-week count of sequences,total,6,>15%
SARS-CoV-2 variant,GISAID,Greece,2025-W20,SARS-CoV-2,2-week count of sequences,total,5,>15%
SARS-CoV-2 variant,GISAID,Greece,2025-W19,SARS-CoV-2,2-week count of sequences,total,5,>15%
SARS-CoV-2 variant,GISAID,Greece,2025-W18,SARS-CoV-2,2-week count of sequences,total,4,>15%
SARS-CoV-2 variant,GISAID,Greece,2025-W17,SARS-CoV-2,2-week count of sequences,total,1,>15%
SARS-CoV-2 variant,GISAID,Greece,2025-W16,SARS-CoV-2,2-week count of sequences,total,2,>15%
SARS-CoV-2 variant,GISAID,Greece,2025-W15,SARS-CoV-2,2-week count of sequences,total,3,>15%
SARS-CoV-2 variant,GISAID,Greece,2025-W14,SARS-CoV-2,2-week count of sequences,total,1,>15%
SARS-CoV-2 variant,GISAID,Greece,2025-W13,SARS-CoV-2,2-week count of sequences,total,0,No data
SARS-CoV-2 variant,GISAID,Greece,2025-W12,SARS-CoV-2,2-week count of sequences,total,0,No data
SARS-CoV-2 variant,GISAID,Greece,2025-W11,SARS-CoV-2,2-week count of sequences,total,0,No data
SARS-CoV-2 variant,GISAID,Greece,2025-W10,SARS-CoV-2,2-week count of sequences,total,2,>15%
SARS-CoV-2 variant,GISAID,Greece,2025-W09,SARS-CoV-2,2-week count of sequences,total,3,>15%
SARS-CoV-2 variant,GISAID,Greece,2025-W08,SARS-CoV-2,2-week count of sequences,total,2,>15%
SARS-CoV-2 variant,GISAID,Greece,2025-W07,SARS-CoV-2,2-week count of sequences,total,2,>15%
SARS-CoV-2 variant,GISAID,Greece,2025-W06,SARS-CoV-2,2-week count of sequences,total,2,>15%
SARS-CoV-2 variant,GISAID,Greece,2025-W05,SARS-CoV-2,2-week count of sequences,total,4,>15%
SARS-CoV-2 variant,GISAID,Greece,2025-W04,SARS-CoV-2,2-week count of sequences,total,4,>15%
SARS-CoV-2 variant,GISAID,Greece,2025-W03,SARS-CoV-2,2-week count of sequences,total,6,>15%
SARS-CoV-2 variant,GISAID,Greece,2025-W02,SARS-CoV-2,2-week count of sequences,total,15,>15%
SARS-CoV-2 variant,GISAID,Greece,2025-W01,SARS-CoV-2,2-week count of sequences,total,13,>15%
SARS-CoV-2 variant,GISAID,Greece,2024-W52,SARS-CoV-2,2-week count of sequences,total,17,>15%
SARS-CoV-2 variant,GISAID,Greece,2024-W51,SARS-CoV-2,2-week count of sequences,total,29,>15%
SARS-CoV-2 variant,GISAID,Greece,2024-W50,SARS-CoV-2,2-week count of sequences,total,34,>15%
SARS-CoV-2 variant,GISAID,Greece,2024-W49,SARS-CoV-2,2-week count of sequences,total,49,>10% to 15%
SARS-CoV-2 variant,GISAID,Greece,2024-W48,SARS-CoV-2,2-week count of sequences,total,68,>5% to 10%
SARS-CoV-2 variant,GISAID,Greece,2024-W47,SARS-CoV-2,2-week count of sequences,total,108,>5% to 10%
SARS-CoV-2 variant,GISAID,Greece,2024-W46,SARS-CoV-2,2-week count of sequences,total,139,>2.5% to 5%
SARS-CoV-2 variant,GISAID,Greece,2024-W45,SARS-CoV-2,2-week count of sequences,total,122,>2.5% to 5%
SARS-CoV-2 variant,GISAID,Greece,2024-W44,SARS-CoV-2,2-week count of sequences,total,112,>5% to 10%
SARS-CoV-2 variant,GISAID,Greece,2024-W43,SARS-CoV-2,2-week count of sequences,total,120,>2.5% to 5%
SARS-CoV-2 variant,GISAID,Greece,2024-W42,SARS-CoV-2,2-week count of sequences,total,144,>2.5% to 5%
SARS-CoV-2 variant,GISAID,Greece,2024-W41,SARS-CoV-2,2-week count of sequences,total,165,>2.5% to 5%
SARS-CoV-2 variant,GISAID,Greece,2024-W40,SARS-CoV-2,2-week count of sequences,total,91,>5% to 10%
SARS-CoV-2 variant,GISAID,Greece,2024-W39,SARS-CoV-2,2-week count of sequences,total,28,>15%
SARS-CoV-2 variant,GISAID,Greece,2024-W38,SARS-CoV-2,2-week count of sequences,total,26,>15%
SARS-CoV-2 variant,GISAID,Greece,2024-W37,SARS-CoV-2,2-week count of sequences,total,74,>5% to 10%
SARS-CoV-2 variant,GISAID,Greece,2024-W36,SARS-CoV-2,2-week count of sequences,total,151,>2.5% to 5%
SARS-CoV-2 variant,GISAID,Greece,2024-W35,SARS-CoV-2,2-week count of sequences,total,146,>2.5% to 5%
SARS-CoV-2 variant,GISAID,Greece,2024-W34,SARS-CoV-2,2-week count of sequences,total,100,>5% to 10%
SARS-CoV-2 variant,GISAID,Greece,2024-W33,SARS-CoV-2,2-week count of sequences,total,112,>5% to 10%
SARS-CoV-2 variant,GISAID,Greece,2024-W32,SARS-CoV-2,2-week count of sequences,total,175,>2.5% to 5%
SARS-CoV-2 variant,GISAID,Greece,2024-W31,SARS-CoV-2,2-week count of sequences,total,225,>2.5% to 5%
SARS-CoV-2 variant,GISAID,Greece,2024-W30,SARS-CoV-2,2-week count of sequences,total,248,>1% to 2.5%
SARS-CoV-2 variant,GISAID,Greece,2024-W29,SARS-CoV-2,2-week count of sequences,total,232,>2.5% to 5%
SARS-CoV-2 variant,GISAID,Greece,2024-W28,SARS-CoV-2,2-week count of sequences,total,209,>2.5% to 5%
SARS-CoV-2 variant,GISAID,Greece,2024-W27,SARS-CoV-2,2-week count of sequences,total,210,>2.5% to 5%
SARS-CoV-2 variant,GISAID,Greece,2024-W26,SARS-CoV-2,2-week count of sequences,total,222,>2.5% to 5%
SARS-CoV-2 variant,GISAID,Greece,2024-W25,SARS-CoV-2,2-week count of sequences,total,211,>2.5% to 5%
SARS-CoV-2 variant,GISAID,Greece,2024-W24,SARS-CoV-2,2-week count of sequences,total,161,>2.5% to 5%
SARS-CoV-2 variant,GISAID,Greece,2024-W23,SARS-CoV-2,2-week count of sequences,total,66,>5% to 10%
SARS-CoV-2 variant,GISAID,Greece,2024-W22,SARS-CoV-2,2-week count of sequences,total,4,>15%
SARS-CoV-2 variant,GISAID,Greece,2024-W21,SARS-CoV-2,2-week count of sequences,total,11,>15%
SARS-CoV-2 variant,GISAID,Greece,2024-W20,SARS-CoV-2,2-week count of sequences,total,18,>15%
SARS-CoV-2 variant,GISAID,Greece,2024-W19,SARS-CoV-2,2-week count of sequences,total,13,>15%
SARS-CoV-2 variant,GISAID,Greece,2024-W18,SARS-CoV-2,2-week count of sequences,total,12,>15%
SARS-CoV-2 variant,GISAID,Greece,2024-W17,SARS-CoV-2,2-week count of sequences,total,9,>15%
SARS-CoV-2 variant,GISAID,Greece,2024-W16,SARS-CoV-2,2-week count of sequences,total,3,>15%
SARS-CoV-2 variant,GISAID,Greece,2024-W15,SARS-CoV-2,2-week count of sequences,total,1,>15%
SARS-CoV-2 variant,GISAID,Greece,2024-W14,SARS-CoV-2,2-week count of sequences,total,0,No data
SARS-CoV-2 variant,GISAID,Greece,2024-W13,SARS-CoV-2,2-week count of sequences,total,1,>15%
SARS-CoV-2 variant,GISAID,Greece,2024-W12,SARS-CoV-2,2-week count of sequences,total,2,>15%
SARS-CoV-2 variant,GISAID,Greece,2024-W11,SARS-CoV-2,2-week count of sequences,total,1,>15%
SARS-CoV-2 variant,GISAID,Greece,2024-W10,SARS-CoV-2,2-week count of sequences,total,3,>15%
SARS-CoV-2 variant,GISAID,Greece,2024-W09,SARS-CoV-2,2-week count of sequences,total,38,>10% to 15%
SARS-CoV-2 variant,GISAID,Greece,2024-W08,SARS-CoV-2,2-week count of sequences,total,83,>5% to 10%
SARS-CoV-2 variant,GISAID,Greece,2024-W07,SARS-CoV-2,2-week count of sequences,total,74,>5% to 10%
SARS-CoV-2 variant,GISAID,Greece,2024-W06,SARS-CoV-2,2-week count of sequences,total,76,>5% to 10%
SARS-CoV-2 variant,GISAID,Greece,2024-W05,SARS-CoV-2,2-week count of sequences,total,147,>2.5% to 5%
SARS-CoV-2 variant,GISAID,Greece,2024-W04,SARS-CoV-2,2-week count of sequences,total,243,>1% to 2.5%
SARS-CoV-2 variant,GISAID,Greece,2024-W03,SARS-CoV-2,2-week count of sequences,total,366,>1% to 2.5%
SARS-CoV-2 variant,GISAID,Greece,2024-W02,SARS-CoV-2,2-week count of sequences,total,427,>1% to 2.5%
SARS-CoV-2 variant,GISAID,Greece,2024-W01,SARS-CoV-2,2-week count of sequences,total,352,>1% to 2.5%
SARS-CoV-2 variant,GISAID,Greece,2023-W52,SARS-CoV-2,2-week count of sequences,total,322,>1% to 2.5%
SARS-CoV-2 variant,GISAID,Greece,2023-W51,SARS-CoV-2,2-week count of sequences,total,473,>1% to 2.5%
SARS-CoV-2 variant,GISAID,Greece,2023-W50,SARS-CoV-2,2-week count of sequences,total,582,>1% to 2.5%
SARS-CoV-2 variant,GISAID,Greece,2023-W49,SARS-CoV-2,2-week count of sequences,total,529,>1% to 2.5%
SARS-CoV-2 variant,GISAID,Greece,2023-W48,SARS-CoV-2,2-week count of sequences,total,508,>1% to 2.5%
SARS-CoV-2 variant,GISAID,Greece,2023-W47,SARS-CoV-2,2-week count of sequences,total,519,>1% to 2.5%
SARS-CoV-2 variant,GISAID,Greece,2023-W46,SARS-CoV-2,2-week count of sequences,total,521,>1% to 2.5%
SARS-CoV-2 variant,GISAID,Greece,2023-W45,SARS-CoV-2,2-week count of sequences,total,617,≤1%
SARS-CoV-2 variant,GISAID,Greece,2023-W44,SARS-CoV-2,2-week count of sequences,total,748,≤1%
SARS-CoV-2 variant,GISAID,Greece,2023-W43,SARS-CoV-2,2-week count of sequences,total,846,≤1%
SARS-CoV-2 variant,GISAID,Greece,2023-W42,SARS-CoV-2,2-week count of sequences,total,928,≤1%
SARS-CoV-2 variant,GISAID,Greece,2023-W41,SARS-CoV-2,2-week count of sequences,total,917,≤1%
SARS-CoV-2 variant,GISAID,Greece,2023-W40,SARS-CoV-2,2-week count of sequences,total,827,≤1%
SARS-CoV-2 variant,GISAID,Greece,2023-W39,SARS-CoV-2,2-week count of sequences,total,746,≤1%
SARS-CoV-2 variant,GISAID,Greece,2023-W38,SARS-CoV-2,2-week count of sequences,total,683,≤1%
SARS-CoV-2 variant,GISAID,Greece,2023-W37,SARS-CoV-2,2-week count of sequences,total,623,≤1%
SARS-CoV-2 variant,GISAID,Greece,2023-W36,SARS-CoV-2,2-week count of sequences,total,619,≤1%
SARS-CoV-2 variant,GISAID,Greece,2023-W35,SARS-CoV-2,2-week count of sequences,total,575,>1% to 2.5%
SARS-CoV-2 variant,GISAID,Greece,2023-W34,SARS-CoV-2,2-week count of sequences,total,304,>1% to 2.5%
SARS-CoV-2 variant,GISAID,Greece,2023-W33,SARS-CoV-2,2-week count of sequences,total,113,>5% to 10%
SARS-CoV-2 variant,GISAID,Greece,2023-W32,SARS-CoV-2,2-week count of sequences,total,95,>5% to 10%
SARS-CoV-2 variant,GISAID,Greece,2023-W31,SARS-CoV-2,2-week count of sequences,total,72,>5% to 10%
SARS-CoV-2 variant,GISAID,Greece,2023-W30,SARS-CoV-2,2-week count of sequences,total,56,>10% to 15%
SARS-CoV-2 variant,GISAID,Greece,2023-W29,SARS-CoV-2,2-week count of sequences,total,45,>10% to 15%
SARS-CoV-2 variant,GISAID,Greece,2023-W28,SARS-CoV-2,2-week count of sequences,total,53,>10% to 15%
SARS-CoV-2 variant,GISAID,Greece,2023-W27,SARS-CoV-2,2-week count of sequences,total,69,>5% to 10%
SARS-CoV-2 variant,GISAID,Greece,2023-W26,SARS-CoV-2,2-week count of sequences,total,72,>5% to 10%
SARS-CoV-2 variant,GISAID,Greece,2023-W25,SARS-CoV-2,2-week count of sequences,total,74,>5% to 10%
SARS-CoV-2 variant,GISAID,Greece,2023-W24,SARS-CoV-2,2-week count of sequences,total,77,>5% to 10%
SARS-CoV-2 variant,GISAID,Greece,2023-W23,SARS-CoV-2,2-week count of sequences,total,77,>5% to 10%
SARS-CoV-2 variant,GISAID,Greece,2023-W22,SARS-CoV-2,2-week count of sequences,total,156,>2.5% to 5%
SARS-CoV-2 variant,GISAID,Greece,2023-W21,SARS-CoV-2,2-week count of sequences,total,264,>1% to 2.5%
SARS-CoV-2 variant,GISAID,Greece,2023-W20,SARS-CoV-2,2-week count of sequences,total,266,>1% to 2.5%
SARS-CoV-2 variant,GISAID,Greece,2023-W19,SARS-CoV-2,2-week count of sequences,total,229,>2.5% to 5%
SARS-CoV-2 variant,GISAID,Greece,2023-W18,SARS-CoV-2,2-week count of sequences,total,237,>2.5% to 5%
SARS-CoV-2 variant,GISAID,Greece,2023-W17,SARS-CoV-2,2-week count of sequences,total,285,>1% to 2.5%
SARS-CoV-2 variant,GISAID,Greece,2023-W16,SARS-CoV-2,2-week count of sequences,total,242,>1% to 2.5%
SARS-CoV-2 variant,GISAID,Greece,2023-W15,SARS-CoV-2,2-week count of sequences,total,214,>2.5% to 5%
SARS-CoV-2 variant,GISAID,Greece,2023-W14,SARS-CoV-2,2-week count of sequences,total,266,>1% to 2.5%
SARS-CoV-2 variant,GISAID,Greece,2023-W13,SARS-CoV-2,2-week count of sequences,total,262,>1% to 2.5%
SARS-CoV-2 variant,GISAID,Greece,2023-W12,SARS-CoV-2,2-week count of sequences,total,274,>1% to 2.5%
SARS-CoV-2 variant,GISAID,Greece,2023-W11,SARS-CoV-2,2-week count of sequences,total,352,>1% to 2.5%
SARS-CoV-2 variant,GISAID,Greece,2023-W10,SARS-CoV-2,2-week count of sequences,total,462,>1% to 2.5%
SARS-CoV-2 variant,GISAID,Greece,2023-W09,SARS-CoV-2,2-week count of sequences,total,601,>1% to 2.5%
SARS-CoV-2 variant,GISAID,Greece,2023-W08,SARS-CoV-2,2-week count of sequences,total,543,>1% to 2.5%
SARS-CoV-2 variant,GISAID,Greece,2023-W07,SARS-CoV-2,2-week count of sequences,total,371,>1% to 2.5%
SARS-CoV-2 variant,GISAID,Greece,2023-W06,SARS-CoV-2,2-week count of sequences,total,412,>1% to 2.5%
SARS-CoV-2 variant,GISAID,Greece,2023-W05,SARS-CoV-2,2-week count of sequences,total,513,>1% to 2.5%
SARS-CoV-2 variant,GISAID,Greece,2023-W04,SARS-CoV-2,2-week count of sequences,total,598,>1% to 2.5%
SARS-CoV-2 variant,GISAID,Greece,2023-W03,SARS-CoV-2,2-week count of sequences,total,718,≤1%
SARS-CoV-2 variant,GISAID,Greece,2023-W02,SARS-CoV-2,2-week count of sequences,total,775,≤1%
SARS-CoV-2 variant,GISAID,Greece,2023-W01,SARS-CoV-2,2-week count of sequences,total,698,≤1%
SARS-CoV-2 variant,GISAID,Greece,2022-W52,SARS-CoV-2,2-week count of sequences,total,610,≤1%
SARS-CoV-2 variant,GISAID,Greece,2022-W51,SARS-CoV-2,2-week count of sequences,total,687,≤1%
SARS-CoV-2 variant,GISAID,Greece,2022-W50,SARS-CoV-2,2-week count of sequences,total,927,≤1%
SARS-CoV-2 variant,GISAID,Greece,2022-W49,SARS-CoV-2,2-week count of sequences,total,903,≤1%
SARS-CoV-2 variant,GISAID,Greece,2022-W48,SARS-CoV-2,2-week count of sequences,total,774,≤1%
SARS-CoV-2 variant,GISAID,Greece,2022-W47,SARS-CoV-2,2-week count of sequences,total,830,≤1%
SARS-CoV-2 variant,GISAID,Greece,2022-W46,SARS-CoV-2,2-week count of sequences,total,867,≤1%
SARS-CoV-2 variant,GISAID,Greece,2022-W45,SARS-CoV-2,2-week count of sequences,total,725,≤1%
SARS-CoV-2 variant,GISAID,Greece,2022-W44,SARS-CoV-2,2-week count of sequences,total,580,>1% to 2.5%
SARS-CoV-2 variant,GISAID,Greece,2022-W43,SARS-CoV-2,2-week count of sequences,total,634,≤1%
SARS-CoV-2 variant,GISAID,Greece,2022-W42,SARS-CoV-2,2-week count of sequences,total,711,≤1%
SARS-CoV-2 variant,GISAID,Greece,2022-W41,SARS-CoV-2,2-week count of sequences,total,635,≤1%
SARS-CoV-2 variant,GISAID,Greece,2022-W40,SARS-CoV-2,2-week count of sequences,total,561,>1% to 2.5%
SARS-CoV-2 variant,GISAID,Greece,2022-W39,SARS-CoV-2,2-week count of sequences,total,703,≤1%
SARS-CoV-2 variant,GISAID,Greece,2022-W38,SARS-CoV-2,2-week count of sequences,total,528,>1% to 2.5%
SARS-CoV-2 variant,GISAID,Greece,2022-W37,SARS-CoV-2,2-week count of sequences,total,295,>1% to 2.5%
SARS-CoV-2 variant,GISAID,Greece,2022-W36,SARS-CoV-2,2-week count of sequences,total,328,>1% to 2.5%
SARS-CoV-2 variant,GISAID,Greece,2022-W35,SARS-CoV-2,2-week count of sequences,total,168,>2.5% to 5%
SARS-CoV-2 variant,GISAID,Greece,2022-W34,SARS-CoV-2,2-week count of sequences,total,131,>2.5% to 5%
SARS-CoV-2 variant,GISAID,Greece,2022-W33,SARS-CoV-2,2-week count of sequences,total,434,>1% to 2.5%
SARS-CoV-2 variant,GISAID,Greece,2022-W32,SARS-CoV-2,2-week count of sequences,total,606,>1% to 2.5%
SARS-CoV-2 variant,GISAID,Greece,2022-W31,SARS-CoV-2,2-week count of sequences,total,602,>1% to 2.5%
SARS-CoV-2 variant,GISAID,Greece,2022-W30,SARS-CoV-2,2-week count of sequences,total,678,≤1%
SARS-CoV-2 variant,GISAID,Greece,2022-W29,SARS-CoV-2,2-week count of sequences,total,749,≤1%
SARS-CoV-2 variant,GISAID,Greece,2022-W28,SARS-CoV-2,2-week count of sequences,total,721,≤1%
SARS-CoV-2 variant,GISAID,Greece,2022-W27,SARS-CoV-2,2-week count of sequences,total,678,≤1%
SARS-CoV-2 variant,GISAID,Greece,2022-W26,SARS-CoV-2,2-week count of sequences,total,749,≤1%
SARS-CoV-2 variant,GISAID,Greece,2022-W25,SARS-CoV-2,2-week count of sequences,total,407,>1% to 2.5%
SARS-CoV-2 variant,GISAID,Hungary,2026-W36,SARS-CoV-2,2-week count of sequences,total,0,No data
SARS-CoV-2 variant,GISAID,Hungary,2026-W35,SARS-CoV-2,2-week count of sequences,total,0,No data
SARS-CoV-2 variant,GISAID,Hungary,2026-W34,SARS-CoV-2,2-week count of sequences,total,0,No data
SARS-CoV-2 variant,GISAID,Hungary,2026-W33,SARS-CoV-2,2-week count of sequences,total,0,No data
SARS-CoV-2 variant,GISAID,Hungary,2026-W32,SARS-CoV-2,2-week count of sequences,total,0,No data
SARS-CoV-2 variant,GISAID,Hungary,2026-W31,SARS-CoV-2,2-week count of sequences,total,0,No data
SARS-CoV-2 variant,GISAID,Hungary,2026-W30,SARS-CoV-2,2-week count of sequences,total,0,No data
SARS-CoV-2 variant,GISAID,Hungary,2026-W29,SARS-CoV-2,2-week count of sequences,total,0,No data
SARS-CoV-2 variant,GISAID,Hungary,2026-W28,SARS-CoV-2,2-week count of sequences,total,0,No data
SARS-CoV-2 variant,GISAID,Hungary,2026-W27,SARS-CoV-2,2-week count of sequences,total,0,No data
SARS-CoV-2 variant,GISAID,Hungary,2026-W26,SARS-CoV-2,2-week count of sequences,total,0,No data
SARS-CoV-2 variant,GISAID,Hungary,2026-W25,SARS-CoV-2,2-week count of sequences,total,0,No data
SARS-CoV-2 variant,GISAID,Hungary,2026-W24,SARS-CoV-2,2-week count of sequences,total,0,No data
SARS-CoV-2 variant,GISAID,Hungary,2026-W23,SARS-CoV-2,2-week count of sequences,total,0,No data
SARS-CoV-2 variant,GISAID,Hungary,2026-W22,SARS-CoV-2,2-week count of sequences,total,0,No data
SARS-CoV-2 variant,GISAID,Hungary,2026-W21,SARS-CoV-2,2-week count of sequences,total,0,No data
SARS-CoV-2 variant,GISAID,Hungary,2026-W20,SARS-CoV-2,2-week count of sequences,total,0,No data
SARS-CoV-2 variant,GISAID,Hungary,2026-W19,SARS-CoV-2,2-week count of sequences,total,0,No data
SARS-CoV-2 variant,GISAID,Hungary,2026-W18,SARS-CoV-2,2-week count of sequences,total,0,No data
SARS-CoV-2 variant,GISAID,Hungary,2026-W17,SARS-CoV-2,2-week count of sequences,total,0,No data
SARS-CoV-2 variant,GISAID,Hungary,2026-W16,SARS-CoV-2,2-week count of sequences,total,0,No data
SARS-CoV-2 variant,GISAID,Hungary,2026-W15,SARS-CoV-2,2-week count of sequences,total,0,No data
SARS-CoV-2 variant,GISAID,Hungary,2026-W14,SARS-CoV-2,2-week count of sequences,total,0,No data
SARS-CoV-2 variant,GISAID,Hungary,2026-W13,SARS-CoV-2,2-week count of sequences,total,0,No data
SARS-CoV-2 variant,GISAID,Hungary,2026-W12,SARS-CoV-2,2-week count of sequences,total,0,No data
SARS-CoV-2 variant,GISAID,Hungary,2026-W11,SARS-CoV-2,2-week count of sequences,total,0,No data
SARS-CoV-2 variant,GISAID,Hungary,2026-W10,SARS-CoV-2,2-week count of sequences,total,0,No data
SARS-CoV-2 variant,GISAID,Hungary,2026-W09,SARS-CoV-2,2-week count of sequences,total,0,No data
SARS-CoV-2 variant,GISAID,Hungary,2026-W08,SARS-CoV-2,2-week count of sequences,total,0,No data
SARS-CoV-2 variant,GISAID,Hungary,2026-W07,SARS-CoV-2,2-week count of sequences,total,0,No data
SARS-CoV-2 variant,GISAID,Hungary,2026-W06,SARS-CoV-2,2-week count of sequences,total,0,No data
SARS-CoV-2 variant,GISAID,Hungary,2026-W05,SARS-CoV-2,2-week count of sequences,total,2,>15%
SARS-CoV-2 variant,GISAID,Hungary,2026-W04,SARS-CoV-2,2-week count of sequences,total,6,>15%
SARS-CoV-2 variant,GISAID,Hungary,2026-W03,SARS-CoV-2,2-week count of sequences,total,12,>15%
SARS-CoV-2 variant,GISAID,Hungary,2026-W02,SARS-CoV-2,2-week count of sequences,total,8,>15%
SARS-CoV-2 variant,GISAID,Hungary,2026-W01,SARS-CoV-2,2-week count of sequences,total,0,No data
SARS-CoV-2 variant,GISAID,Hungary,2025-W52,SARS-CoV-2,2-week count of sequences,total,14,>15%
SARS-CoV-2 variant,GISAID,Hungary,2025-W51,SARS-CoV-2,2-week count of sequences,total,29,>15%
SARS-CoV-2 variant,GISAID,Hungary,2025-W50,SARS-CoV-2,2-week count of sequences,total,30,>15%
SARS-CoV-2 variant,GISAID,Hungary,2025-W49,SARS-CoV-2,2-week count of sequences,total,19,>15%
SARS-CoV-2 variant,GISAID,Hungary,2025-W48,SARS-CoV-2,2-week count of sequences,total,12,>15%
SARS-CoV-2 variant,GISAID,Hungary,2025-W47,SARS-CoV-2,2-week count of sequences,total,15,>15%
SARS-CoV-2 variant,GISAID,Hungary,2025-W46,SARS-CoV-2,2-week count of sequences,total,13,>15%
SARS-CoV-2 variant,GISAID,Hungary,2025-W45,SARS-CoV-2,2-week count of sequences,total,13,>15%
SARS-CoV-2 variant,GISAID,Hungary,2025-W44,SARS-CoV-2,2-week count of sequences,total,18,>15%
SARS-CoV-2 variant,GISAID,Hungary,2025-W43,SARS-CoV-2,2-week count of sequences,total,31,>15%
SARS-CoV-2 variant,GISAID,Hungary,2025-W42,SARS-CoV-2,2-week count of sequences,total,33,>15%
SARS-CoV-2 variant,GISAID,Hungary,2025-W41,SARS-CoV-2,2-week count of sequences,total,14,>15%
SARS-CoV-2 variant,GISAID,Hungary,2025-W40,SARS-CoV-2,2-week count of sequences,total,19,>15%
SARS-CoV-2 variant,GISAID,Hungary,2025-W39,SARS-CoV-2,2-week count of sequences,total,25,>15%
SARS-CoV-2 variant,GISAID,Hungary,2025-W38,SARS-CoV-2,2-week count of sequences,total,16,>15%
SARS-CoV-2 variant,GISAID,Hungary,2025-W37,SARS-CoV-2,2-week count of sequences,total,23,>15%
SARS-CoV-2 variant,GISAID,Hungary,2025-W36,SARS-CoV-2,2-week count of sequences,total,20,>15%
SARS-CoV-2 variant,GISAID,Hungary,2025-W35,SARS-CoV-2,2-week count of sequences,total,9,>15%
SARS-CoV-2 variant,GISAID,Hungary,2025-W34,SARS-CoV-2,2-week count of sequences,total,10,>15%
SARS-CoV-2 variant,GISAID,Hungary,2025-W33,SARS-CoV-2,2-week count of sequences,total,13,>15%
SARS-CoV-2 variant,GISAID,Hungary,2025-W32,SARS-CoV-2,2-week count of sequences,total,10,>15%
SARS-CoV-2 variant,GISAID,Hungary,2025-W31,SARS-CoV-2,2-week count of sequences,total,7,>15%
SARS-CoV-2 variant,GISAID,Hungary,2025-W30,SARS-CoV-2,2-week count of sequences,total,5,>15%
SARS-CoV-2 variant,GISAID,Hungary,2025-W29,SARS-CoV-2,2-week count of sequences,total,2,>15%
SARS-CoV-2 variant,GISAID,Hungary,2025-W28,SARS-CoV-2,2-week count of sequences,total,2,>15%
SARS-CoV-2 variant,GISAID,Hungary,2025-W27,SARS-CoV-2,2-week count of sequences,total,5,>15%
SARS-CoV-2 variant,GISAID,Hungary,2025-W26,SARS-CoV-2,2-week count of sequences,total,4,>15%
SARS-CoV-2 variant,GISAID,Hungary,2025-W25,SARS-CoV-2,2-week count of sequences,total,2,>15%
SARS-CoV-2 variant,GISAID,Hungary,2025-W24,SARS-CoV-2,2-week count of sequences,total,2,>15%
SARS-CoV-2 variant,GISAID,Hungary,2025-W23,SARS-CoV-2,2-week count of sequences,total,1,>15%
SARS-CoV-2 variant,GISAID,Hungary,2025-W22,SARS-CoV-2,2-week count of sequences,total,0,No data
SARS-CoV-2 variant,GISAID,Hungary,2025-W21,SARS-CoV-2,2-week count of sequences,total,0,No data
SARS-CoV-2 variant,GISAID,Hungary,2025-W20,SARS-CoV-2,2-week count of sequences,total,0,No data
SARS-CoV-2 variant,GISAID,Hungary,2025-W19,SARS-CoV-2,2-week count of sequences,total,0,No data
SARS-CoV-2 variant,GISAID,Hungary,2025-W18,SARS-CoV-2,2-week count of sequences,total,0,No data
SARS-CoV-2 variant,GISAID,Hungary,2025-W17,SARS-CoV-2,2-week count of sequences,total,0,No data
SARS-CoV-2 variant,GISAID,Hungary,2025-W16,SARS-CoV-2,2-week count of sequences,total,0,No data
SARS-CoV-2 variant,GISAID,Hungary,2025-W15,SARS-CoV-2,2-week count of sequences,total,0,No data
SARS-CoV-2 variant,GISAID,Hungary,2025-W14,SARS-CoV-2,2-week count of sequences,total,0,No data
SARS-CoV-2 variant,GISAID,Hungary,2025-W13,SARS-CoV-2,2-week count of sequences,total,0,No data
SARS-CoV-2 variant,GISAID,Hungary,2025-W12,SARS-CoV-2,2-week count of sequences,total,0,No data
SARS-CoV-2 variant,GISAID,Hungary,2025-W11,SARS-CoV-2,2-week count of sequences,total,1,>15%
SARS-CoV-2 variant,GISAID,Hungary,2025-W10,SARS-CoV-2,2-week count of sequences,total,1,>15%
SARS-CoV-2 variant,GISAID,Hungary,2025-W09,SARS-CoV-2,2-week count of sequences,total,0,No data
SARS-CoV-2 variant,GISAID,Hungary,2025-W08,SARS-CoV-2,2-week count of sequences,total,0,No data
SARS-CoV-2 variant,GISAID,Hungary,2025-W07,SARS-CoV-2,2-week count of sequences,total,2,>15%
SARS-CoV-2 variant,GISAID,Hungary,2025-W06,SARS-CoV-2,2-week count of sequences,total,2,>15%
SARS-CoV-2 variant,GISAID,Hungary,2025-W05,SARS-CoV-2,2-week count of sequences,total,0,No data
SARS-CoV-2 variant,GISAID,Hungary,2025-W04,SARS-CoV-2,2-week count of sequences,total,0,No data
SARS-CoV-2 variant,GISAID,Hungary,2025-W03,SARS-CoV-2,2-week count of sequences,total,2,>15%
SARS-CoV-2 variant,GISAID,Hungary,2025-W02,SARS-CoV-2,2-week count of sequences,total,3,>15%
SARS-CoV-2 variant,GISAID,Hungary,2025-W01,SARS-CoV-2,2-week count of sequences,total,2,>15%
SARS-CoV-2 variant,GISAID,Hungary,2024-W52,SARS-CoV-2,2-week count of sequences,total,2,>15%
SARS-CoV-2 variant,GISAID,Hungary,2024-W51,SARS-CoV-2,2-week count of sequences,total,2,>15%
SARS-CoV-2 variant,GISAID,Hungary,2024-W50,SARS-CoV-2,2-week count of sequences,total,2,>15%
SARS-CoV-2 variant,GISAID,Hungary,2024-W49,SARS-CoV-2,2-week count of sequences,total,10,>15%
SARS-CoV-2 variant,GISAID,Hungary,2024-W48,SARS-CoV-2,2-week count of sequences,total,11,>15%
SARS-CoV-2 variant,GISAID,Hungary,2024-W47,SARS-CoV-2,2-week count of sequences,total,6,>15%
SARS-CoV-2 variant,GISAID,Hungary,2024-W46,SARS-CoV-2,2-week count of sequences,total,9,>15%
SARS-CoV-2 variant,GISAID,Hungary,2024-W45,SARS-CoV-2,2-week count of sequences,total,11,>15%
SARS-CoV-2 variant,GISAID,Hungary,2024-W44,SARS-CoV-2,2-week count of sequences,total,15,>15%
SARS-CoV-2 variant,GISAID,Hungary,2024-W43,SARS-CoV-2,2-week count of sequences,total,31,>15%
SARS-CoV-2 variant,GISAID,Hungary,2024-W42,SARS-CoV-2,2-week count of sequences,total,44,>10% to 15%
SARS-CoV-2 variant,GISAID,Hungary,2024-W41,SARS-CoV-2,2-week count of sequences,total,35,>15%
SARS-CoV-2 variant,GISAID,Hungary,2024-W40,SARS-CoV-2,2-week count of sequences,total,40,>10% to 15%
SARS-CoV-2 variant,GISAID,Hungary,2024-W39,SARS-CoV-2,2-week count of sequences,total,52,>10% to 15%
SARS-CoV-2 variant,GISAID,Hungary,2024-W38,SARS-CoV-2,2-week count of sequences,total,42,>10% to 15%
SARS-CoV-2 variant,GISAID,Hungary,2024-W37,SARS-CoV-2,2-week count of sequences,total,23,>15%
SARS-CoV-2 variant,GISAID,Hungary,2024-W36,SARS-CoV-2,2-week count of sequences,total,11,>15%
SARS-CoV-2 variant,GISAID,Hungary,2024-W35,SARS-CoV-2,2-week count of sequences,total,5,>15%
SARS-CoV-2 variant,GISAID,Hungary,2024-W34,SARS-CoV-2,2-week count of sequences,total,0,No data
SARS-CoV-2 variant,GISAID,Hungary,2024-W33,SARS-CoV-2,2-week count of sequences,total,0,No data
SARS-CoV-2 variant,GISAID,Hungary,2024-W32,SARS-CoV-2,2-week count of sequences,total,1,>15%
SARS-CoV-2 variant,GISAID,Hungary,2024-W31,SARS-CoV-2,2-week count of sequences,total,1,>15%
SARS-CoV-2 variant,GISAID,Hungary,2024-W30,SARS-CoV-2,2-week count of sequences,total,0,No data
SARS-CoV-2 variant,GISAID,Hungary,2024-W29,SARS-CoV-2,2-week count of sequences,total,0,No data
SARS-CoV-2 variant,GISAID,Hungary,2024-W28,SARS-CoV-2,2-week count of sequences,total,0,No data
SARS-CoV-2 variant,GISAID,Hungary,2024-W27,SARS-CoV-2,2-week count of sequences,total,0,No data
SARS-CoV-2 variant,GISAID,Hungary,2024-W26,SARS-CoV-2,2-week count of sequences,total,0,No data
SARS-CoV-2 variant,GISAID,Hungary,2024-W25,SARS-CoV-2,2-week count of sequences,total,0,No data
SARS-CoV-2 variant,GISAID,Hungary,2024-W24,SARS-CoV-2,2-week count of sequences,total,0,No data
SARS-CoV-2 variant,GISAID,Hungary,2024-W23,SARS-CoV-2,2-week count of sequences,total,0,No data
SARS-CoV-2 variant,GISAID,Hungary,2024-W22,SARS-CoV-2,2-week count of sequences,total,0,No data
SARS-CoV-2 variant,GISAID,Hungary,2024-W21,SARS-CoV-2,2-week count of sequences,total,0,No data
SARS-CoV-2 variant,GISAID,Hungary,2024-W20,SARS-CoV-2,2-week count of sequences,total,0,No data
SARS-CoV-2 variant,GISAID,Hungary,2024-W19,SARS-CoV-2,2-week count of sequences,total,1,>15%
SARS-CoV-2 variant,GISAID,Hungary,2024-W18,SARS-CoV-2,2-week count of sequences,total,2,>15%
SARS-CoV-2 variant,GISAID,Hungary,2024-W17,SARS-CoV-2,2-week count of sequences,total,1,>15%
SARS-CoV-2 variant,GISAID,Hungary,2024-W16,SARS-CoV-2,2-week count of sequences,total,1,>15%
SARS-CoV-2 variant,GISAID,Hungary,2024-W15,SARS-CoV-2,2-week count of sequences,total,1,>15%
SARS-CoV-2 variant,GISAID,Hungary,2024-W14,SARS-CoV-2,2-week count of sequences,total,0,No data
SARS-CoV-2 variant,GISAID,Hungary,2024-W13,SARS-CoV-2,2-week count of sequences,total,0,No data
SARS-CoV-2 variant,GISAID,Hungary,2024-W12,SARS-CoV-2,2-week count of sequences,total,0,No data
SARS-CoV-2 variant,GISAID,Hungary,2024-W11,SARS-CoV-2,2-week count of sequences,total,0,No data
SARS-CoV-2 variant,GISAID,Hungary,2024-W10,SARS-CoV-2,2-week count of sequences,total,0,No data
SARS-CoV-2 variant,GISAID,Hungary,2024-W09,SARS-CoV-2,2-week count of sequences,total,0,No data
SARS-CoV-2 variant,GISAID,Hungary,2024-W08,SARS-CoV-2,2-week count of sequences,total,0,No data
SARS-CoV-2 variant,GISAID,Hungary,2024-W07,SARS-CoV-2,2-week count of sequences,total,1,>15%
SARS-CoV-2 variant,GISAID,Hungary,2024-W06,SARS-CoV-2,2-week count of sequences,total,3,>15%
SARS-CoV-2 variant,GISAID,Hungary,2024-W05,SARS-CoV-2,2-week count of sequences,total,8,>15%
SARS-CoV-2 variant,GISAID,Hungary,2024-W04,SARS-CoV-2,2-week count of sequences,total,8,>15%
SARS-CoV-2 variant,GISAID,Hungary,2024-W03,SARS-CoV-2,2-week count of sequences,total,5,>15%
SARS-CoV-2 variant,GISAID,Hungary,2024-W02,SARS-CoV-2,2-week count of sequences,total,9,>15%
SARS-CoV-2 variant,GISAID,Hungary,2024-W01,SARS-CoV-2,2-week count of sequences,total,8,>15%
SARS-CoV-2 variant,GISAID,Hungary,2023-W52,SARS-CoV-2,2-week count of sequences,total,23,>15%
SARS-CoV-2 variant,GISAID,Hungary,2023-W51,SARS-CoV-2,2-week count of sequences,total,39,>10% to 15%
SARS-CoV-2 variant,GISAID,Hungary,2023-W50,SARS-CoV-2,2-week count of sequences,total,41,>10% to 15%
SARS-CoV-2 variant,GISAID,Hungary,2023-W49,SARS-CoV-2,2-week count of sequences,total,39,>10% to 15%
SARS-CoV-2 variant,GISAID,Hungary,2023-W48,SARS-CoV-2,2-week count of sequences,total,36,>15%
SARS-CoV-2 variant,GISAID,Hungary,2023-W47,SARS-CoV-2,2-week count of sequences,total,35,>15%
SARS-CoV-2 variant,GISAID,Hungary,2023-W46,SARS-CoV-2,2-week count of sequences,total,29,>15%
SARS-CoV-2 variant,GISAID,Hungary,2023-W45,SARS-CoV-2,2-week count of sequences,total,21,>15%
SARS-CoV-2 variant,GISAID,Hungary,2023-W44,SARS-CoV-2,2-week count of sequences,total,16,>15%
SARS-CoV-2 variant,GISAID,Hungary,2023-W43,SARS-CoV-2,2-week count of sequences,total,23,>15%
SARS-CoV-2 variant,GISAID,Hungary,2023-W42,SARS-CoV-2,2-week count of sequences,total,24,>15%
SARS-CoV-2 variant,GISAID,Hungary,2023-W41,SARS-CoV-2,2-week count of sequences,total,24,>15%
SARS-CoV-2 variant,GISAID,Hungary,2023-W40,SARS-CoV-2,2-week count of sequences,total,16,>15%
SARS-CoV-2 variant,GISAID,Hungary,2023-W39,SARS-CoV-2,2-week count of sequences,total,2,>15%
SARS-CoV-2 variant,GISAID,Hungary,2023-W38,SARS-CoV-2,2-week count of sequences,total,6,>15%
SARS-CoV-2 variant,GISAID,Hungary,2023-W37,SARS-CoV-2,2-week count of sequences,total,6,>15%
SARS-CoV-2 variant,GISAID,Hungary,2023-W36,SARS-CoV-2,2-week count of sequences,total,0,No data
SARS-CoV-2 variant,GISAID,Hungary,2023-W35,SARS-CoV-2,2-week count of sequences,total,0,No data
SARS-CoV-2 variant,GISAID,Hungary,2023-W34,SARS-CoV-2,2-week count of sequences,total,0,No data
SARS-CoV-2 variant,GISAID,Hungary,2023-W33,SARS-CoV-2,2-week count of sequences,total,0,No data
SARS-CoV-2 variant,GISAID,Hungary,2023-W32,SARS-CoV-2,2-week count of sequences,total,0,No data
SARS-CoV-2 variant,GISAID,Hungary,2023-W31,SARS-CoV-2,2-week count of sequences,total,0,No data
SARS-CoV-2 variant,GISAID,Hungary,2023-W30,SARS-CoV-2,2-week count of sequences,total,0,No data
SARS-CoV-2 variant,GISAID,Hungary,2023-W29,SARS-CoV-2,2-week count of sequences,total,0,No data
SARS-CoV-2 variant,GISAID,Hungary,2023-W28,SARS-CoV-2,2-week count of sequences,total,0,No data
SARS-CoV-2 variant,GISAID,Hungary,2023-W27,SARS-CoV-2,2-week count of sequences,total,0,No data
SARS-CoV-2 variant,GISAID,Hungary,2023-W26,SARS-CoV-2,2-week count of sequences,total,0,No data
SARS-CoV-2 variant,GISAID,Hungary,2023-W25,SARS-CoV-2,2-week count of sequences,total,0,No data
SARS-CoV-2 variant,GISAID,Hungary,2023-W24,SARS-CoV-2,2-week count of sequences,total,0,No data
SARS-CoV-2 variant,GISAID,Hungary,2023-W23,SARS-CoV-2,2-week count of sequences,total,0,No data
SARS-CoV-2 variant,GISAID,Hungary,2023-W22,SARS-CoV-2,2-week count of sequences,total,0,No data
SARS-CoV-2 variant,GISAID,Hungary,2023-W21,SARS-CoV-2,2-week count of sequences,total,0,No data
SARS-CoV-2 variant,GISAID,Hungary,2023-W20,SARS-CoV-2,2-week count of sequences,total,0,No data
SARS-CoV-2 variant,GISAID,Hungary,2023-W19,SARS-CoV-2,2-week count of sequences,total,1,>15%
SARS-CoV-2 variant,GISAID,Hungary,2023-W18,SARS-CoV-2,2-week count of sequences,total,1,>15%
SARS-CoV-2 variant,GISAID,Hungary,2023-W17,SARS-CoV-2,2-week count of sequences,total,0,No data
SARS-CoV-2 variant,GISAID,Hungary,2023-W16,SARS-CoV-2,2-week count of sequences,total,1,>15%
SARS-CoV-2 variant,GISAID,Hungary,2023-W15,SARS-CoV-2,2-week count of sequences,total,7,>15%
SARS-CoV-2 variant,GISAID,Hungary,2023-W14,SARS-CoV-2,2-week count of sequences,total,9,>15%
SARS-CoV-2 variant,GISAID,Hungary,2023-W13,SARS-CoV-2,2-week count of sequences,total,6,>15%
SARS-CoV-2 variant,GISAID,Hungary,2023-W12,SARS-CoV-2,2-week count of sequences,total,8,>15%
SARS-CoV-2 variant,GISAID,Hungary,2023-W11,SARS-CoV-2,2-week count of sequences,total,7,>15%
SARS-CoV-2 variant,GISAID,Hungary,2023-W10,SARS-CoV-2,2-week count of sequences,total,9,>15%
SARS-CoV-2 variant,GISAID,Hungary,2023-W09,SARS-CoV-2,2-week count of sequences,total,11,>15%
SARS-CoV-2 variant,GISAID,Hungary,2023-W08,SARS-CoV-2,2-week count of sequences,total,7,>15%
SARS-CoV-2 variant,GISAID,Hungary,2023-W07,SARS-CoV-2,2-week count of sequences,total,11,>15%
SARS-CoV-2 variant,GISAID,Hungary,2023-W06,SARS-CoV-2,2-week count of sequences,total,15,>15%
SARS-CoV-2 variant,GISAID,Hungary,2023-W05,SARS-CoV-2,2-week count of sequences,total,13,>15%
SARS-CoV-2 variant,GISAID,Hungary,2023-W04,SARS-CoV-2,2-week count of sequences,total,8,>15%
SARS-CoV-2 variant,GISAID,Hungary,2023-W03,SARS-CoV-2,2-week count of sequences,total,7,>15%
SARS-CoV-2 variant,GISAID,Hungary,2023-W02,SARS-CoV-2,2-week count of sequences,total,9,>15%
SARS-CoV-2 variant,GISAID,Hungary,2023-W01,SARS-CoV-2,2-week count of sequences,total,8,>15%
SARS-CoV-2 variant,GISAID,Hungary,2022-W52,SARS-CoV-2,2-week count of sequences,total,10,>15%
SARS-CoV-2 variant,GISAID,Hungary,2022-W51,SARS-CoV-2,2-week count of sequences,total,18,>15%
SARS-CoV-2 variant,GISAID,Hungary,2022-W50,SARS-CoV-2,2-week count of sequences,total,25,>15%
SARS-CoV-2 variant,GISAID,Hungary,2022-W49,SARS-CoV-2,2-week count of sequences,total,27,>15%
SARS-CoV-2 variant,GISAID,Hungary,2022-W48,SARS-CoV-2,2-week count of sequences,total,22,>15%
SARS-CoV-2 variant,GISAID,Hungary,2022-W47,SARS-CoV-2,2-week count of sequences,total,26,>15%
SARS-CoV-2 variant,GISAID,Hungary,2022-W46,SARS-CoV-2,2-week count of sequences,total,30,>15%
SARS-CoV-2 variant,GISAID,Hungary,2022-W45,SARS-CoV-2,2-week count of sequences,total,22,>15%
SARS-CoV-2 variant,GISAID,Hungary,2022-W44,SARS-CoV-2,2-week count of sequences,total,35,>15%
SARS-CoV-2 variant,GISAID,Hungary,2022-W43,SARS-CoV-2,2-week count of sequences,total,42,>10% to 15%
SARS-CoV-2 variant,GISAID,Hungary,2022-W42,SARS-CoV-2,2-week count of sequences,total,47,>10% to 15%
SARS-CoV-2 variant,GISAID,Hungary,2022-W41,SARS-CoV-2,2-week count of sequences,total,41,>10% to 15%
SARS-CoV-2 variant,GISAID,Hungary,2022-W40,SARS-CoV-2,2-week count of sequences,total,15,>15%
SARS-CoV-2 variant,GISAID,Hungary,2022-W39,SARS-CoV-2,2-week count of sequences,total,11,>15%
SARS-CoV-2 variant,GISAID,Hungary,2022-W38,SARS-CoV-2,2-week count of sequences,total,10,>15%
SARS-CoV-2 variant,GISAID,Hungary,2022-W37,SARS-CoV-2,2-week count of sequences,total,4,>15%
SARS-CoV-2 variant,GISAID,Hungary,2022-W36,SARS-CoV-2,2-week count of sequences,total,4,>15%
SARS-CoV-2 variant,GISAID,Hungary,2022-W35,SARS-CoV-2,2-week count of sequences,total,3,>15%
SARS-CoV-2 variant,GISAID,Hungary,2022-W34,SARS-CoV-2,2-week count of sequences,total,3,>15%
SARS-CoV-2 variant,GISAID,Hungary,2022-W33,SARS-CoV-2,2-week count of sequences,total,10,>15%
SARS-CoV-2 variant,GISAID,Hungary,2022-W32,SARS-CoV-2,2-week count of sequences,total,17,>15%
SARS-CoV-2 variant,GISAID,Hungary,2022-W31,SARS-CoV-2,2-week count of sequences,total,17,>15%
SARS-CoV-2 variant,GISAID,Hungary,2022-W30,SARS-CoV-2,2-week count of sequences,total,8,>15%
SARS-CoV-2 variant,GISAID,Hungary,2022-W29,SARS-CoV-2,2-week count of sequences,total,11,>15%
SARS-CoV-2 variant,GISAID,Hungary,2022-W28,SARS-CoV-2,2-week count of sequences,total,20,>15%
SARS-CoV-2 variant,GISAID,Hungary,2022-W27,SARS-CoV-2,2-week count of sequences,total,16,>15%
SARS-CoV-2 variant,GISAID,Hungary,2022-W26,SARS-CoV-2,2-week count of sequences,total,15,>15%
SARS-CoV-2 variant,GISAID,Hungary,2022-W25,SARS-CoV-2,2-week count of sequences,total,9,>15%
SARS-CoV-2 variant,GISAID,Iceland,2026-W36,SARS-CoV-2,2-week count of sequences,total,0,No data
SARS-CoV-2 variant,GISAID,Iceland,2026-W35,SARS-CoV-2,2-week count of sequences,total,0,No data
SARS-CoV-2 variant,GISAID,Iceland,2026-W34,SARS-CoV-2,2-week count of sequences,total,0,No data
SARS-CoV-2 variant,GISAID,Iceland,2026-W33,SARS-CoV-2,2-week count of sequences,total,0,No data
SARS-CoV-2 variant,GISAID,Iceland,2026-W32,SARS-CoV-2,2-week count of sequences,total,0,No data
SARS-CoV-2 variant,GISAID,Iceland,2026-W31,SARS-CoV-2,2-week count of sequences,total,0,No data
SARS-CoV-2 variant,GISAID,Iceland,2026-W30,SARS-CoV-2,2-week count of sequences,total,0,No data
SARS-CoV-2 variant,GISAID,Iceland,2026-W29,SARS-CoV-2,2-week count of sequences,total,0,No data
SARS-CoV-2 variant,GISAID,Iceland,2026-W28,SARS-CoV-2,2-week count of sequences,total,0,No data
SARS-CoV-2 variant,GISAID,Iceland,2026-W27,SARS-CoV-2,2-week count of sequences,total,0,No data
SARS-CoV-2 variant,GISAID,Iceland,2026-W26,SARS-CoV-2,2-week count of sequences,total,0,No data
SARS-CoV-2 variant,GISAID,Iceland,2026-W25,SARS-CoV-2,2-week count of sequences,total,0,No data
SARS-CoV-2 variant,GISAID,Iceland,2026-W24,SARS-CoV-2,2-week count of sequences,total,0,No data
SARS-CoV-2 variant,GISAID,Iceland,2026-W23,SARS-CoV-2,2-week count of sequences,total,0,No data
SARS-CoV-2 variant,GISAID,Iceland,2026-W22,SARS-CoV-2,2-week count of sequences,total,0,No data
SARS-CoV-2 variant,GISAID,Iceland,2026-W21,SARS-CoV-2,2-week count of sequences,total,0,No data
SARS-CoV-2 variant,GISAID,Iceland,2026-W20,SARS-CoV-2,2-week count of sequences,total,0,No data
SARS-CoV-2 variant,GISAID,Iceland,2026-W19,SARS-CoV-2,2-week count of sequences,total,0,No data
SARS-CoV-2 variant,GISAID,Iceland,2026-W18,SARS-CoV-2,2-week count of sequences,total,0,No data
SARS-CoV-2 variant,GISAID,Iceland,2026-W17,SARS-CoV-2,2-week count of sequences,total,0,No data
SARS-CoV-2 variant,GISAID,Iceland,2026-W16,SARS-CoV-2,2-week count of sequences,total,0,No data
SARS-CoV-2 variant,GISAID,Iceland,2026-W15,SARS-CoV-2,2-week count of sequences,total,0,No data
SARS-CoV-2 variant,GISAID,Iceland,2026-W14,SARS-CoV-2,2-week count of sequences,total,0,No data
SARS-CoV-2 variant,GISAID,Iceland,2026-W13,SARS-CoV-2,2-week count of sequences,total,0,No data
SARS-CoV-2 variant,GISAID,Iceland,2026-W12,SARS-CoV-2,2-week count of sequences,total,0,No data
SARS-CoV-2 variant,GISAID,Iceland,2026-W11,SARS-CoV-2,2-week count of sequences,total,0,No data
SARS-CoV-2 variant,GISAID,Iceland,2026-W10,SARS-CoV-2,2-week count of sequences,total,0,No data
SARS-CoV-2 variant,GISAID,Iceland,2026-W09,SARS-CoV-2,2-week count of sequences,total,0,No data
SARS-CoV-2 variant,GISAID,Iceland,2026-W08,SARS-CoV-2,2-week count of sequences,total,0,No data
SARS-CoV-2 variant,GISAID,Iceland,2026-W07,SARS-CoV-2,2-week count of sequences,total,0,No data
SARS-CoV-2 variant,GISAID,Iceland,2026-W06,SARS-CoV-2,2-week count of sequences,total,0,No data
SARS-CoV-2 variant,GISAID,Iceland,2026-W05,SARS-CoV-2,2-week count of sequences,total,0,No data
SARS-CoV-2 variant,GISAID,Iceland,2026-W04,SARS-CoV-2,2-week count of sequences,total,0,No data
SARS-CoV-2 variant,GISAID,Iceland,2026-W03,SARS-CoV-2,2-week count of sequences,total,0,No data
SARS-CoV-2 variant,GISAID,Iceland,2026-W02,SARS-CoV-2,2-week count of sequences,total,0,No data
SARS-CoV-2 variant,GISAID,Iceland,2026-W01,SARS-CoV-2,2-week count of sequences,total,0,No data
SARS-CoV-2 variant,GISAID,Iceland,2025-W52,SARS-CoV-2,2-week count of sequences,total,0,No data
SARS-CoV-2 variant,GISAID,Iceland,2025-W51,SARS-CoV-2,2-week count of sequences,total,0,No data
SARS-CoV-2 variant,GISAID,Iceland,2025-W50,SARS-CoV-2,2-week count of sequences,total,0,No data
SARS-CoV-2 variant,GISAID,Iceland,2025-W49,SARS-CoV-2,2-week count of sequences,total,0,No data
SARS-CoV-2 variant,GISAID,Iceland,2025-W48,SARS-CoV-2,2-week count of sequences,total,0,No data
SARS-CoV-2 variant,GISAID,Iceland,2025-W47,SARS-CoV-2,2-week count of sequences,total,0,No data
SARS-CoV-2 variant,GISAID,Iceland,2025-W46,SARS-CoV-2,2-week count of sequences,total,0,No data
SARS-CoV-2 variant,GISAID,Iceland,2025-W45,SARS-CoV-2,2-week count of sequences,total,0,No data
SARS-CoV-2 variant,GISAID,Iceland,2025-W44,SARS-CoV-2,2-week count of sequences,total,0,No data
SARS-CoV-2 variant,GISAID,Iceland,2025-W43,SARS-CoV-2,2-week count of sequences,total,0,No data
SARS-CoV-2 variant,GISAID,Iceland,2025-W42,SARS-CoV-2,2-week count of sequences,total,0,No data
SARS-CoV-2 variant,GISAID,Iceland,2025-W41,SARS-CoV-2,2-week count of sequences,total,0,No data
SARS-CoV-2 variant,GISAID,Iceland,2025-W40,SARS-CoV-2,2-week count of sequences,total,0,No data
SARS-CoV-2 variant,GISAID,Iceland,2025-W39,SARS-CoV-2,2-week count of sequences,total,0,No data
SARS-CoV-2 variant,GISAID,Iceland,2025-W38,SARS-CoV-2,2-week count of sequences,total,0,No data
SARS-CoV-2 variant,GISAID,Iceland,2025-W37,SARS-CoV-2,2-week count of sequences,total,0,No data
SARS-CoV-2 variant,GISAID,Iceland,2025-W36,SARS-CoV-2,2-week count of sequences,total,0,No data
SARS-CoV-2 variant,GISAID,Iceland,2025-W35,SARS-CoV-2,2-week count of sequences,total,0,No data
SARS-CoV-2 variant,GISAID,Iceland,2025-W34,SARS-CoV-2,2-week count of sequences,total,0,No data
SARS-CoV-2 variant,GISAID,Iceland,2025-W33,SARS-CoV-2,2-week count of sequences,total,0,No data
SARS-CoV-2 variant,GISAID,Iceland,2025-W32,SARS-CoV-2,2-week count of sequences,total,0,No data
SARS-CoV-2 variant,GISAID,Iceland,2025-W31,SARS-CoV-2,2-week count of sequences,total,0,No data
SARS-CoV-2 variant,GISAID,Iceland,2025-W30,SARS-CoV-2,2-week count of sequences,total,0,No data
SARS-CoV-2 variant,GISAID,Iceland,2025-W29,SARS-CoV-2,2-week count of sequences,total,0,No data
SARS-CoV-2 variant,GISAID,Iceland,2025-W28,SARS-CoV-2,2-week count of sequences,total,0,No data
SARS-CoV-2 variant,GISAID,Iceland,2025-W27,SARS-CoV-2,2-week count of sequences,total,0,No data
SARS-CoV-2 variant,GISAID,Iceland,2025-W26,SARS-CoV-2,2-week count of sequences,total,0,No data
SARS-CoV-2 variant,GISAID,Iceland,2025-W25,SARS-CoV-2,2-week count of sequences,total,0,No data
SARS-CoV-2 variant,GISAID,Iceland,2025-W24,SARS-CoV-2,2-week count of sequences,total,0,No data
SARS-CoV-2 variant,GISAID,Iceland,2025-W23,SARS-CoV-2,2-week count of sequences,total,0,No data
SARS-CoV-2 variant,GISAID,Iceland,2025-W22,SARS-CoV-2,2-week count of sequences,total,0,No data
SARS-CoV-2 variant,GISAID,Iceland,2025-W21,SARS-CoV-2,2-week count of sequences,total,0,No data
SARS-CoV-2 variant,GISAID,Iceland,2025-W20,SARS-CoV-2,2-week count of sequences,total,0,No data
SARS-CoV-2 variant,GISAID,Iceland,2025-W19,SARS-CoV-2,2-week count of sequences,total,0,No data
SARS-CoV-2 variant,GISAID,Iceland,2025-W18,SARS-CoV-2,2-week count of sequences,total,0,No data
SARS-CoV-2 variant,GISAID,Iceland,2025-W17,SARS-CoV-2,2-week count of sequences,total,0,No data
SARS-CoV-2 variant,GISAID,Iceland,2025-W16,SARS-CoV-2,2-week count of sequences,total,0,No data
SARS-CoV-2 variant,GISAID,Iceland,2025-W15,SARS-CoV-2,2-week count of sequences,total,0,No data
SARS-CoV-2 variant,GISAID,Iceland,2025-W14,SARS-CoV-2,2-week count of sequences,total,0,No data
SARS-CoV-2 variant,GISAID,Iceland,2025-W13,SARS-CoV-2,2-week count of sequences,total,0,No data
SARS-CoV-2 variant,GISAID,Iceland,2025-W12,SARS-CoV-2,2-week count of sequences,total,0,No data
SARS-CoV-2 variant,GISAID,Iceland,2025-W11,SARS-CoV-2,2-week count of sequences,total,0,No data
SARS-CoV-2 variant,GISAID,Iceland,2025-W10,SARS-CoV-2,2-week count of sequences,total,0,No data
SARS-CoV-2 variant,GISAID,Iceland,2025-W09,SARS-CoV-2,2-week count of sequences,total,0,No data
SARS-CoV-2 variant,GISAID,Iceland,2025-W08,SARS-CoV-2,2-week count of sequences,total,0,No data
SARS-CoV-2 variant,GISAID,Iceland,2025-W07,SARS-CoV-2,2-week count of sequences,total,0,No data
SARS-CoV-2 variant,GISAID,Iceland,2025-W06,SARS-CoV-2,2-week count of sequences,total,0,No data
SARS-CoV-2 variant,GISAID,Iceland,2025-W05,SARS-CoV-2,2-week count of sequences,total,0,No data
SARS-CoV-2 variant,GISAID,Iceland,2025-W04,SARS-CoV-2,2-week count of sequences,total,0,No data
SARS-CoV-2 variant,GISAID,Iceland,2025-W03,SARS-CoV-2,2-week count of sequences,total,0,No data
SARS-CoV-2 variant,GISAID,Iceland,2025-W02,SARS-CoV-2,2-week count of sequences,total,0,No data
SARS-CoV-2 variant,GISAID,Iceland,2025-W01,SARS-CoV-2,2-week count of sequences,total,0,No data
SARS-CoV-2 variant,GISAID,Iceland,2024-W52,SARS-CoV-2,2-week count of sequences,total,0,No data
SARS-CoV-2 variant,GISAID,Iceland,2024-W51,SARS-CoV-2,2-week count of sequences,total,0,No data
SARS-CoV-2 variant,GISAID,Iceland,2024-W50,SARS-CoV-2,2-week count of sequences,total,0,No data
SARS-CoV-2 variant,GISAID,Iceland,2024-W49,SARS-CoV-2,2-week count of sequences,total,0,No data
SARS-CoV-2 variant,GISAID,Iceland,2024-W48,SARS-CoV-2,2-week count of sequences,total,0,No data
SARS-CoV-2 variant,GISAID,Iceland,2024-W47,SARS-CoV-2,2-week count of sequences,total,0,No data
SARS-CoV-2 variant,GISAID,Iceland,2024-W46,SARS-CoV-2,2-week count of sequences,total,0,No data
SARS-CoV-2 variant,GISAID,Iceland,2024-W45,SARS-CoV-2,2-week count of sequences,total,0,No data
SARS-CoV-2 variant,GISAID,Iceland,2024-W44,SARS-CoV-2,2-week count of sequences,total,0,No data
SARS-CoV-2 variant,GISAID,Iceland,2024-W43,SARS-CoV-2,2-week count of sequences,total,0,No data
SARS-CoV-2 variant,GISAID,Iceland,2024-W42,SARS-CoV-2,2-week count of sequences,total,0,No data
SARS-CoV-2 variant,GISAID,Iceland,2024-W41,SARS-CoV-2,2-week count of sequences,total,0,No data
SARS-CoV-2 variant,GISAID,Iceland,2024-W40,SARS-CoV-2,2-week count of sequences,total,0,No data
SARS-CoV-2 variant,GISAID,Iceland,2024-W39,SARS-CoV-2,2-week count of sequences,total,0,No data
SARS-CoV-2 variant,GISAID,Iceland,2024-W38,SARS-CoV-2,2-week count of sequences,total,0,No data
SARS-CoV-2 variant,GISAID,Iceland,2024-W37,SARS-CoV-2,2-week count of sequences,total,0,No data
SARS-CoV-2 variant,GISAID,Iceland,2024-W36,SARS-CoV-2,2-week count of sequences,total,0,No data
SARS-CoV-2 variant,GISAID,Iceland,2024-W35,SARS-CoV-2,2-week count of sequences,total,0,No data
SARS-CoV-2 variant,GISAID,Iceland,2024-W34,SARS-CoV-2,2-week count of sequences,total,0,No data
SARS-CoV-2 variant,GISAID,Iceland,2024-W33,SARS-CoV-2,2-week count of sequences,total,0,No data
SARS-CoV-2 variant,GISAID,Iceland,2024-W32,SARS-CoV-2,2-week count of sequences,total,4,>15%
SARS-CoV-2 variant,GISAID,Iceland,2024-W31,SARS-CoV-2,2-week count of sequences,total,27,>15%
SARS-CoV-2 variant,GISAID,Iceland,2024-W30,SARS-CoV-2,2-week count of sequences,total,59,>5% to 10%
SARS-CoV-2 variant,GISAID,Iceland,2024-W29,SARS-CoV-2,2-week count of sequences,total,91,>5% to 10%
SARS-CoV-2 variant,GISAID,Iceland,2024-W28,SARS-CoV-2,2-week count of sequences,total,99,>5% to 10%
SARS-CoV-2 variant,GISAID,Iceland,2024-W27,SARS-CoV-2,2-week count of sequences,total,94,>5% to 10%
SARS-CoV-2 variant,GISAID,Iceland,2024-W26,SARS-CoV-2,2-week count of sequences,total,77,>5% to 10%
SARS-CoV-2 variant,GISAID,Iceland,2024-W25,SARS-CoV-2,2-week count of sequences,total,63,>5% to 10%
SARS-CoV-2 variant,GISAID,Iceland,2024-W24,SARS-CoV-2,2-week count of sequences,total,54,>10% to 15%
SARS-CoV-2 variant,GISAID,Iceland,2024-W23,SARS-CoV-2,2-week count of sequences,total,31,>15%
SARS-CoV-2 variant,GISAID,Iceland,2024-W22,SARS-CoV-2,2-week count of sequences,total,26,>15%
SARS-CoV-2 variant,GISAID,Iceland,2024-W21,SARS-CoV-2,2-week count of sequences,total,29,>15%
SARS-CoV-2 variant,GISAID,Iceland,2024-W20,SARS-CoV-2,2-week count of sequences,total,23,>15%
SARS-CoV-2 variant,GISAID,Iceland,2024-W19,SARS-CoV-2,2-week count of sequences,total,11,>15%
SARS-CoV-2 variant,GISAID,Iceland,2024-W18,SARS-CoV-2,2-week count of sequences,total,8,>15%
SARS-CoV-2 variant,GISAID,Iceland,2024-W17,SARS-CoV-2,2-week count of sequences,total,10,>15%
SARS-CoV-2 variant,GISAID,Iceland,2024-W16,SARS-CoV-2,2-week count of sequences,total,11,>15%
SARS-CoV-2 variant,GISAID,Iceland,2024-W15,SARS-CoV-2,2-week count of sequences,total,6,>15%
SARS-CoV-2 variant,GISAID,Iceland,2024-W14,SARS-CoV-2,2-week count of sequences,total,4,>15%
SARS-CoV-2 variant,GISAID,Iceland,2024-W13,SARS-CoV-2,2-week count of sequences,total,4,>15%
SARS-CoV-2 variant,GISAID,Iceland,2024-W12,SARS-CoV-2,2-week count of sequences,total,5,>15%
SARS-CoV-2 variant,GISAID,Iceland,2024-W11,SARS-CoV-2,2-week count of sequences,total,6,>15%
SARS-CoV-2 variant,GISAID,Iceland,2024-W10,SARS-CoV-2,2-week count of sequences,total,6,>15%
SARS-CoV-2 variant,GISAID,Iceland,2024-W09,SARS-CoV-2,2-week count of sequences,total,5,>15%
SARS-CoV-2 variant,GISAID,Iceland,2024-W08,SARS-CoV-2,2-week count of sequences,total,5,>15%
SARS-CoV-2 variant,GISAID,Iceland,2024-W07,SARS-CoV-2,2-week count of sequences,total,8,>15%
SARS-CoV-2 variant,GISAID,Iceland,2024-W06,SARS-CoV-2,2-week count of sequences,total,7,>15%
SARS-CoV-2 variant,GISAID,Iceland,2024-W05,SARS-CoV-2,2-week count of sequences,total,9,>15%
SARS-CoV-2 variant,GISAID,Iceland,2024-W04,SARS-CoV-2,2-week count of sequences,total,15,>15%
SARS-CoV-2 variant,GISAID,Iceland,2024-W03,SARS-CoV-2,2-week count of sequences,total,26,>15%
SARS-CoV-2 variant,GISAID,Iceland,2024-W02,SARS-CoV-2,2-week count of sequences,total,51,>10% to 15%
SARS-CoV-2 variant,GISAID,Iceland,2024-W01,SARS-CoV-2,2-week count of sequences,total,82,>5% to 10%
SARS-CoV-2 variant,GISAID,Iceland,2023-W52,SARS-CoV-2,2-week count of sequences,total,128,>2.5% to 5%
SARS-CoV-2 variant,GISAID,Iceland,2023-W51,SARS-CoV-2,2-week count of sequences,total,138,>2.5% to 5%
SARS-CoV-2 variant,GISAID,Iceland,2023-W50,SARS-CoV-2,2-week count of sequences,total,109,>5% to 10%
SARS-CoV-2 variant,GISAID,Iceland,2023-W49,SARS-CoV-2,2-week count of sequences,total,89,>5% to 10%
SARS-CoV-2 variant,GISAID,Iceland,2023-W48,SARS-CoV-2,2-week count of sequences,total,78,>5% to 10%
SARS-CoV-2 variant,GISAID,Iceland,2023-W47,SARS-CoV-2,2-week count of sequences,total,93,>5% to 10%
SARS-CoV-2 variant,GISAID,Iceland,2023-W46,SARS-CoV-2,2-week count of sequences,total,106,>5% to 10%
SARS-CoV-2 variant,GISAID,Iceland,2023-W45,SARS-CoV-2,2-week count of sequences,total,90,>5% to 10%
SARS-CoV-2 variant,GISAID,Iceland,2023-W44,SARS-CoV-2,2-week count of sequences,total,74,>5% to 10%
SARS-CoV-2 variant,GISAID,Iceland,2023-W43,SARS-CoV-2,2-week count of sequences,total,80,>5% to 10%
SARS-CoV-2 variant,GISAID,Iceland,2023-W42,SARS-CoV-2,2-week count of sequences,total,83,>5% to 10%
SARS-CoV-2 variant,GISAID,Iceland,2023-W41,SARS-CoV-2,2-week count of sequences,total,80,>5% to 10%
SARS-CoV-2 variant,GISAID,Iceland,2023-W40,SARS-CoV-2,2-week count of sequences,total,84,>5% to 10%
SARS-CoV-2 variant,GISAID,Iceland,2023-W39,SARS-CoV-2,2-week count of sequences,total,90,>5% to 10%
SARS-CoV-2 variant,GISAID,Iceland,2023-W38,SARS-CoV-2,2-week count of sequences,total,73,>5% to 10%
SARS-CoV-2 variant,GISAID,Iceland,2023-W37,SARS-CoV-2,2-week count of sequences,total,67,>5% to 10%
SARS-CoV-2 variant,GISAID,Iceland,2023-W36,SARS-CoV-2,2-week count of sequences,total,72,>5% to 10%
SARS-CoV-2 variant,GISAID,Iceland,2023-W35,SARS-CoV-2,2-week count of sequences,total,61,>5% to 10%
SARS-CoV-2 variant,GISAID,Iceland,2023-W34,SARS-CoV-2,2-week count of sequences,total,60,>5% to 10%
SARS-CoV-2 variant,GISAID,Iceland,2023-W33,SARS-CoV-2,2-week count of sequences,total,69,>5% to 10%
SARS-CoV-2 variant,GISAID,Iceland,2023-W32,SARS-CoV-2,2-week count of sequences,total,50,>10% to 15%
SARS-CoV-2 variant,GISAID,Iceland,2023-W31,SARS-CoV-2,2-week count of sequences,total,35,>15%
SARS-CoV-2 variant,GISAID,Iceland,2023-W30,SARS-CoV-2,2-week count of sequences,total,57,>5% to 10%
SARS-CoV-2 variant,GISAID,Iceland,2023-W29,SARS-CoV-2,2-week count of sequences,total,41,>10% to 15%
SARS-CoV-2 variant,GISAID,Iceland,2023-W28,SARS-CoV-2,2-week count of sequences,total,18,>15%
SARS-CoV-2 variant,GISAID,Iceland,2023-W27,SARS-CoV-2,2-week count of sequences,total,17,>15%
SARS-CoV-2 variant,GISAID,Iceland,2023-W26,SARS-CoV-2,2-week count of sequences,total,14,>15%
SARS-CoV-2 variant,GISAID,Iceland,2023-W25,SARS-CoV-2,2-week count of sequences,total,22,>15%
SARS-CoV-2 variant,GISAID,Iceland,2023-W24,SARS-CoV-2,2-week count of sequences,total,35,>15%
SARS-CoV-2 variant,GISAID,Iceland,2023-W23,SARS-CoV-2,2-week count of sequences,total,41,>10% to 15%
SARS-CoV-2 variant,GISAID,Iceland,2023-W22,SARS-CoV-2,2-week count of sequences,total,32,>15%
SARS-CoV-2 variant,GISAID,Iceland,2023-W21,SARS-CoV-2,2-week count of sequences,total,33,>15%
SARS-CoV-2 variant,GISAID,Iceland,2023-W20,SARS-CoV-2,2-week count of sequences,total,32,>15%
SARS-CoV-2 variant,GISAID,Iceland,2023-W19,SARS-CoV-2,2-week count of sequences,total,18,>15%
SARS-CoV-2 variant,GISAID,Iceland,2023-W18,SARS-CoV-2,2-week count of sequences,total,14,>15%
SARS-CoV-2 variant,GISAID,Iceland,2023-W17,SARS-CoV-2,2-week count of sequences,total,15,>15%
SARS-CoV-2 variant,GISAID,Iceland,2023-W16,SARS-CoV-2,2-week count of sequences,total,20,>15%
SARS-CoV-2 variant,GISAID,Iceland,2023-W15,SARS-CoV-2,2-week count of sequences,total,36,>15%
SARS-CoV-2 variant,GISAID,Iceland,2023-W14,SARS-CoV-2,2-week count of sequences,total,57,>5% to 10%
SARS-CoV-2 variant,GISAID,Iceland,2023-W13,SARS-CoV-2,2-week count of sequences,total,57,>5% to 10%
SARS-CoV-2 variant,GISAID,Iceland,2023-W12,SARS-CoV-2,2-week count of sequences,total,56,>10% to 15%
SARS-CoV-2 variant,GISAID,Iceland,2023-W11,SARS-CoV-2,2-week count of sequences,total,60,>5% to 10%
SARS-CoV-2 variant,GISAID,Iceland,2023-W10,SARS-CoV-2,2-week count of sequences,total,89,>5% to 10%
SARS-CoV-2 variant,GISAID,Iceland,2023-W09,SARS-CoV-2,2-week count of sequences,total,148,>2.5% to 5%
SARS-CoV-2 variant,GISAID,Iceland,2023-W08,SARS-CoV-2,2-week count of sequences,total,154,>2.5% to 5%
SARS-CoV-2 variant,GISAID,Iceland,2023-W07,SARS-CoV-2,2-week count of sequences,total,144,>2.5% to 5%
SARS-CoV-2 variant,GISAID,Iceland,2023-W06,SARS-CoV-2,2-week count of sequences,total,172,>2.5% to 5%
SARS-CoV-2 variant,GISAID,Iceland,2023-W05,SARS-CoV-2,2-week count of sequences,total,182,>2.5% to 5%
SARS-CoV-2 variant,GISAID,Iceland,2023-W04,SARS-CoV-2,2-week count of sequences,total,151,>2.5% to 5%
SARS-CoV-2 variant,GISAID,Iceland,2023-W03,SARS-CoV-2,2-week count of sequences,total,160,>2.5% to 5%
SARS-CoV-2 variant,GISAID,Iceland,2023-W02,SARS-CoV-2,2-week count of sequences,total,165,>2.5% to 5%
SARS-CoV-2 variant,GISAID,Iceland,2023-W01,SARS-CoV-2,2-week count of sequences,total,161,>2.5% to 5%
SARS-CoV-2 variant,GISAID,Iceland,2022-W52,SARS-CoV-2,2-week count of sequences,total,193,>2.5% to 5%
SARS-CoV-2 variant,GISAID,Iceland,2022-W51,SARS-CoV-2,2-week count of sequences,total,188,>2.5% to 5%
SARS-CoV-2 variant,GISAID,Iceland,2022-W50,SARS-CoV-2,2-week count of sequences,total,206,>2.5% to 5%
SARS-CoV-2 variant,GISAID,Iceland,2022-W49,SARS-CoV-2,2-week count of sequences,total,265,>1% to 2.5%
SARS-CoV-2 variant,GISAID,Iceland,2022-W48,SARS-CoV-2,2-week count of sequences,total,295,>1% to 2.5%
SARS-CoV-2 variant,GISAID,Iceland,2022-W47,SARS-CoV-2,2-week count of sequences,total,300,>1% to 2.5%
SARS-CoV-2 variant,GISAID,Iceland,2022-W46,SARS-CoV-2,2-week count of sequences,total,230,>2.5% to 5%
SARS-CoV-2 variant,GISAID,Iceland,2022-W45,SARS-CoV-2,2-week count of sequences,total,150,>2.5% to 5%
SARS-CoV-2 variant,GISAID,Iceland,2022-W44,SARS-CoV-2,2-week count of sequences,total,162,>2.5% to 5%
SARS-CoV-2 variant,GISAID,Iceland,2022-W43,SARS-CoV-2,2-week count of sequences,total,181,>2.5% to 5%
SARS-CoV-2 variant,GISAID,Iceland,2022-W42,SARS-CoV-2,2-week count of sequences,total,156,>2.5% to 5%
SARS-CoV-2 variant,GISAID,Iceland,2022-W41,SARS-CoV-2,2-week count of sequences,total,134,>2.5% to 5%
SARS-CoV-2 variant,GISAID,Iceland,2022-W40,SARS-CoV-2,2-week count of sequences,total,138,>2.5% to 5%
SARS-CoV-2 variant,GISAID,Iceland,2022-W39,SARS-CoV-2,2-week count of sequences,total,131,>2.5% to 5%
SARS-CoV-2 variant,GISAID,Iceland,2022-W38,SARS-CoV-2,2-week count of sequences,total,109,>5% to 10%
SARS-CoV-2 variant,GISAID,Iceland,2022-W37,SARS-CoV-2,2-week count of sequences,total,166,>2.5% to 5%
SARS-CoV-2 variant,GISAID,Iceland,2022-W36,SARS-CoV-2,2-week count of sequences,total,216,>2.5% to 5%
SARS-CoV-2 variant,GISAID,Iceland,2022-W35,SARS-CoV-2,2-week count of sequences,total,147,>2.5% to 5%
SARS-CoV-2 variant,GISAID,Iceland,2022-W34,SARS-CoV-2,2-week count of sequences,total,49,>10% to 15%
SARS-CoV-2 variant,GISAID,Iceland,2022-W33,SARS-CoV-2,2-week count of sequences,total,166,>2.5% to 5%
SARS-CoV-2 variant,GISAID,Iceland,2022-W32,SARS-CoV-2,2-week count of sequences,total,323,>1% to 2.5%
SARS-CoV-2 variant,GISAID,Iceland,2022-W31,SARS-CoV-2,2-week count of sequences,total,303,>1% to 2.5%
SARS-CoV-2 variant,GISAID,Iceland,2022-W30,SARS-CoV-2,2-week count of sequences,total,304,>1% to 2.5%
SARS-CoV-2 variant,GISAID,Iceland,2022-W29,SARS-CoV-2,2-week count of sequences,total,267,>1% to 2.5%
SARS-CoV-2 variant,GISAID,Iceland,2022-W28,SARS-CoV-2,2-week count of sequences,total,162,>2.5% to 5%
SARS-CoV-2 variant,GISAID,Iceland,2022-W27,SARS-CoV-2,2-week count of sequences,total,104,>5% to 10%
SARS-CoV-2 variant,GISAID,Iceland,2022-W26,SARS-CoV-2,2-week count of sequences,total,136,>2.5% to 5%
SARS-CoV-2 variant,GISAID,Iceland,2022-W25,SARS-CoV-2,2-week count of sequences,total,85,>5% to 10%
SARS-CoV-2 variant,GISAID,Ireland,2026-W36,SARS-CoV-2,2-week count of sequences,total,0,No data
SARS-CoV-2 variant,GISAID,Ireland,2026-W35,SARS-CoV-2,2-week count of sequences,total,12,>15%
SARS-CoV-2 variant,GISAID,Ireland,2026-W34,SARS-CoV-2,2-week count of sequences,total,16,>15%
SARS-CoV-2 variant,GISAID,Ireland,2026-W33,SARS-CoV-2,2-week count of sequences,total,17,>15%
SARS-CoV-2 variant,GISAID,Ireland,2026-W32,SARS-CoV-2,2-week count of sequences,total,28,>15%
SARS-CoV-2 variant,GISAID,Ireland,2026-W31,SARS-CoV-2,2-week count of sequences,total,20,>15%
SARS-CoV-2 variant,GISAID,Ireland,2026-W30,SARS-CoV-2,2-week count of sequences,total,14,>15%
SARS-CoV-2 variant,GISAID,Ireland,2026-W29,SARS-CoV-2,2-week count of sequences,total,12,>15%
SARS-CoV-2 variant,GISAID,Ireland,2026-W28,SARS-CoV-2,2-week count of sequences,total,3,>15%
SARS-CoV-2 variant,GISAID,Ireland,2026-W27,SARS-CoV-2,2-week count of sequences,total,4,>15%
SARS-CoV-2 variant,GISAID,Ireland,2026-W26,SARS-CoV-2,2-week count of sequences,total,4,>15%
SARS-CoV-2 variant,GISAID,Ireland,2026-W25,SARS-CoV-2,2-week count of sequences,total,1,>15%
SARS-CoV-2 variant,GISAID,Ireland,2026-W24,SARS-CoV-2,2-week count of sequences,total,1,>15%
SARS-CoV-2 variant,GISAID,Ireland,2026-W23,SARS-CoV-2,2-week count of sequences,total,4,>15%
SARS-CoV-2 variant,GISAID,Ireland,2026-W22,SARS-CoV-2,2-week count of sequences,total,6,>15%
SARS-CoV-2 variant,GISAID,Ireland,2026-W21,SARS-CoV-2,2-week count of sequences,total,2,>15%
SARS-CoV-2 variant,GISAID,Ireland,2026-W20,SARS-CoV-2,2-week count of sequences,total,0,No data
SARS-CoV-2 variant,GISAID,Ireland,2026-W19,SARS-CoV-2,2-week count of sequences,total,2,>15%
SARS-CoV-2 variant,GISAID,Ireland,2026-W18,SARS-CoV-2,2-week count of sequences,total,3,>15%
SARS-CoV-2 variant,GISAID,Ireland,2026-W17,SARS-CoV-2,2-week count of sequences,total,4,>15%
SARS-CoV-2 variant,GISAID,Ireland,2026-W16,SARS-CoV-2,2-week count of sequences,total,7,>15%
SARS-CoV-2 variant,GISAID,Ireland,2026-W15,SARS-CoV-2,2-week count of sequences,total,14,>15%
SARS-CoV-2 variant,GISAID,Ireland,2026-W14,SARS-CoV-2,2-week count of sequences,total,18,>15%
SARS-CoV-2 variant,GISAID,Ireland,2026-W13,SARS-CoV-2,2-week count of sequences,total,17,>15%
SARS-CoV-2 variant,GISAID,Ireland,2026-W12,SARS-CoV-2,2-week count of sequences,total,13,>15%
SARS-CoV-2 variant,GISAID,Ireland,2026-W11,SARS-CoV-2,2-week count of sequences,total,12,>15%
SARS-CoV-2 variant,GISAID,Ireland,2026-W10,SARS-CoV-2,2-week count of sequences,total,21,>15%
SARS-CoV-2 variant,GISAID,Ireland,2026-W09,SARS-CoV-2,2-week count of sequences,total,21,>15%
SARS-CoV-2 variant,GISAID,Ireland,2026-W08,SARS-CoV-2,2-week count of sequences,total,24,>15%
SARS-CoV-2 variant,GISAID,Ireland,2026-W07,SARS-CoV-2,2-week count of sequences,total,31,>15%
SARS-CoV-2 variant,GISAID,Ireland,2026-W06,SARS-CoV-2,2-week count of sequences,total,37,>10% to 15%
SARS-CoV-2 variant,GISAID,Ireland,2026-W05,SARS-CoV-2,2-week count of sequences,total,36,>15%
SARS-CoV-2 variant,GISAID,Ireland,2026-W04,SARS-CoV-2,2-week count of sequences,total,26,>15%
SARS-CoV-2 variant,GISAID,Ireland,2026-W03,SARS-CoV-2,2-week count of sequences,total,32,>15%
SARS-CoV-2 variant,GISAID,Ireland,2026-W02,SARS-CoV-2,2-week count of sequences,total,30,>15%
SARS-CoV-2 variant,GISAID,Ireland,2026-W01,SARS-CoV-2,2-week count of sequences,total,23,>15%
SARS-CoV-2 variant,GISAID,Ireland,2025-W52,SARS-CoV-2,2-week count of sequences,total,36,>15%
SARS-CoV-2 variant,GISAID,Ireland,2025-W51,SARS-CoV-2,2-week count of sequences,total,47,>10% to 15%
SARS-CoV-2 variant,GISAID,Ireland,2025-W50,SARS-CoV-2,2-week count of sequences,total,40,>10% to 15%
SARS-CoV-2 variant,GISAID,Ireland,2025-W49,SARS-CoV-2,2-week count of sequences,total,37,>10% to 15%
SARS-CoV-2 variant,GISAID,Ireland,2025-W48,SARS-CoV-2,2-week count of sequences,total,28,>15%
SARS-CoV-2 variant,GISAID,Ireland,2025-W47,SARS-CoV-2,2-week count of sequences,total,19,>15%
SARS-CoV-2 variant,GISAID,Ireland,2025-W46,SARS-CoV-2,2-week count of sequences,total,36,>15%
SARS-CoV-2 variant,GISAID,Ireland,2025-W45,SARS-CoV-2,2-week count of sequences,total,41,>10% to 15%
SARS-CoV-2 variant,GISAID,Ireland,2025-W44,SARS-CoV-2,2-week count of sequences,total,50,>10% to 15%
SARS-CoV-2 variant,GISAID,Ireland,2025-W43,SARS-CoV-2,2-week count of sequences,total,69,>5% to 10%
SARS-CoV-2 variant,GISAID,Ireland,2025-W42,SARS-CoV-2,2-week count of sequences,total,85,>5% to 10%
SARS-CoV-2 variant,GISAID,Ireland,2025-W41,SARS-CoV-2,2-week count of sequences,total,110,>5% to 10%
SARS-CoV-2 variant,GISAID,Ireland,2025-W40,SARS-CoV-2,2-week count of sequences,total,117,>5% to 10%
SARS-CoV-2 variant,GISAID,Ireland,2025-W39,SARS-CoV-2,2-week count of sequences,total,133,>2.5% to 5%
SARS-CoV-2 variant,GISAID,Ireland,2025-W38,SARS-CoV-2,2-week count of sequences,total,144,>2.5% to 5%
SARS-CoV-2 variant,GISAID,Ireland,2025-W37,SARS-CoV-2,2-week count of sequences,total,151,>2.5% to 5%
SARS-CoV-2 variant,GISAID,Ireland,2025-W36,SARS-CoV-2,2-week count of sequences,total,148,>2.5% to 5%
SARS-CoV-2 variant,GISAID,Ireland,2025-W35,SARS-CoV-2,2-week count of sequences,total,135,>2.5% to 5%
SARS-CoV-2 variant,GISAID,Ireland,2025-W34,SARS-CoV-2,2-week count of sequences,total,188,>2.5% to 5%
SARS-CoV-2 variant,GISAID,Ireland,2025-W33,SARS-CoV-2,2-week count of sequences,total,214,>2.5% to 5%
SARS-CoV-2 variant,GISAID,Ireland,2025-W32,SARS-CoV-2,2-week count of sequences,total,180,>2.5% to 5%
SARS-CoV-2 variant,GISAID,Ireland,2025-W31,SARS-CoV-2,2-week count of sequences,total,145,>2.5% to 5%
SARS-CoV-2 variant,GISAID,Ireland,2025-W30,SARS-CoV-2,2-week count of sequences,total,149,>2.5% to 5%
SARS-CoV-2 variant,GISAID,Ireland,2025-W29,SARS-CoV-2,2-week count of sequences,total,192,>2.5% to 5%
SARS-CoV-2 variant,GISAID,Ireland,2025-W28,SARS-CoV-2,2-week count of sequences,total,175,>2.5% to 5%
SARS-CoV-2 variant,GISAID,Ireland,2025-W27,SARS-CoV-2,2-week count of sequences,total,137,>2.5% to 5%
SARS-CoV-2 variant,GISAID,Ireland,2025-W26,SARS-CoV-2,2-week count of sequences,total,149,>2.5% to 5%
SARS-CoV-2 variant,GISAID,Ireland,2025-W25,SARS-CoV-2,2-week count of sequences,total,173,>2.5% to 5%
SARS-CoV-2 variant,GISAID,Ireland,2025-W24,SARS-CoV-2,2-week count of sequences,total,157,>2.5% to 5%
SARS-CoV-2 variant,GISAID,Ireland,2025-W23,SARS-CoV-2,2-week count of sequences,total,134,>2.5% to 5%
SARS-CoV-2 variant,GISAID,Ireland,2025-W22,SARS-CoV-2,2-week count of sequences,total,110,>5% to 10%
SARS-CoV-2 variant,GISAID,Ireland,2025-W21,SARS-CoV-2,2-week count of sequences,total,81,>5% to 10%
SARS-CoV-2 variant,GISAID,Ireland,2025-W20,SARS-CoV-2,2-week count of sequences,total,65,>5% to 10%
SARS-CoV-2 variant,GISAID,Ireland,2025-W19,SARS-CoV-2,2-week count of sequences,total,77,>5% to 10%
SARS-CoV-2 variant,GISAID,Ireland,2025-W18,SARS-CoV-2,2-week count of sequences,total,93,>5% to 10%
SARS-CoV-2 variant,GISAID,Ireland,2025-W17,SARS-CoV-2,2-week count of sequences,total,76,>5% to 10%
SARS-CoV-2 variant,GISAID,Ireland,2025-W16,SARS-CoV-2,2-week count of sequences,total,58,>5% to 10%
SARS-CoV-2 variant,GISAID,Ireland,2025-W15,SARS-CoV-2,2-week count of sequences,total,49,>10% to 15%
SARS-CoV-2 variant,GISAID,Ireland,2025-W14,SARS-CoV-2,2-week count of sequences,total,40,>10% to 15%
SARS-CoV-2 variant,GISAID,Ireland,2025-W13,SARS-CoV-2,2-week count of sequences,total,28,>15%
SARS-CoV-2 variant,GISAID,Ireland,2025-W12,SARS-CoV-2,2-week count of sequences,total,23,>15%
SARS-CoV-2 variant,GISAID,Ireland,2025-W11,SARS-CoV-2,2-week count of sequences,total,20,>15%
SARS-CoV-2 variant,GISAID,Ireland,2025-W10,SARS-CoV-2,2-week count of sequences,total,22,>15%
SARS-CoV-2 variant,GISAID,Ireland,2025-W09,SARS-CoV-2,2-week count of sequences,total,27,>15%
SARS-CoV-2 variant,GISAID,Ireland,2025-W08,SARS-CoV-2,2-week count of sequences,total,20,>15%
SARS-CoV-2 variant,GISAID,Ireland,2025-W07,SARS-CoV-2,2-week count of sequences,total,18,>15%
SARS-CoV-2 variant,GISAID,Ireland,2025-W06,SARS-CoV-2,2-week count of sequences,total,24,>15%
SARS-CoV-2 variant,GISAID,Ireland,2025-W05,SARS-CoV-2,2-week count of sequences,total,18,>15%
SARS-CoV-2 variant,GISAID,Ireland,2025-W04,SARS-CoV-2,2-week count of sequences,total,16,>15%
SARS-CoV-2 variant,GISAID,Ireland,2025-W03,SARS-CoV-2,2-week count of sequences,total,19,>15%
SARS-CoV-2 variant,GISAID,Ireland,2025-W02,SARS-CoV-2,2-week count of sequences,total,30,>15%
SARS-CoV-2 variant,GISAID,Ireland,2025-W01,SARS-CoV-2,2-week count of sequences,total,29,>15%
SARS-CoV-2 variant,GISAID,Ireland,2024-W52,SARS-CoV-2,2-week count of sequences,total,19,>15%
SARS-CoV-2 variant,GISAID,Ireland,2024-W51,SARS-CoV-2,2-week count of sequences,total,19,>15%
SARS-CoV-2 variant,GISAID,Ireland,2024-W50,SARS-CoV-2,2-week count of sequences,total,18,>15%
SARS-CoV-2 variant,GISAID,Ireland,2024-W49,SARS-CoV-2,2-week count of sequences,total,32,>15%
SARS-CoV-2 variant,GISAID,Ireland,2024-W48,SARS-CoV-2,2-week count of sequences,total,33,>15%
SARS-CoV-2 variant,GISAID,Ireland,2024-W47,SARS-CoV-2,2-week count of sequences,total,38,>10% to 15%
SARS-CoV-2 variant,GISAID,Ireland,2024-W46,SARS-CoV-2,2-week count of sequences,total,67,>5% to 10%
SARS-CoV-2 variant,GISAID,Ireland,2024-W45,SARS-CoV-2,2-week count of sequences,total,65,>5% to 10%
SARS-CoV-2 variant,GISAID,Ireland,2024-W44,SARS-CoV-2,2-week count of sequences,total,63,>5% to 10%
SARS-CoV-2 variant,GISAID,Ireland,2024-W43,SARS-CoV-2,2-week count of sequences,total,94,>5% to 10%
SARS-CoV-2 variant,GISAID,Ireland,2024-W42,SARS-CoV-2,2-week count of sequences,total,143,>2.5% to 5%
SARS-CoV-2 variant,GISAID,Ireland,2024-W41,SARS-CoV-2,2-week count of sequences,total,212,>2.5% to 5%
SARS-CoV-2 variant,GISAID,Ireland,2024-W40,SARS-CoV-2,2-week count of sequences,total,204,>2.5% to 5%
SARS-CoV-2 variant,GISAID,Ireland,2024-W39,SARS-CoV-2,2-week count of sequences,total,199,>2.5% to 5%
SARS-CoV-2 variant,GISAID,Ireland,2024-W38,SARS-CoV-2,2-week count of sequences,total,224,>2.5% to 5%
SARS-CoV-2 variant,GISAID,Ireland,2024-W37,SARS-CoV-2,2-week count of sequences,total,192,>2.5% to 5%
SARS-CoV-2 variant,GISAID,Ireland,2024-W36,SARS-CoV-2,2-week count of sequences,total,243,>1% to 2.5%
SARS-CoV-2 variant,GISAID,Ireland,2024-W35,SARS-CoV-2,2-week count of sequences,total,243,>1% to 2.5%
SARS-CoV-2 variant,GISAID,Ireland,2024-W34,SARS-CoV-2,2-week count of sequences,total,191,>2.5% to 5%
SARS-CoV-2 variant,GISAID,Ireland,2024-W33,SARS-CoV-2,2-week count of sequences,total,225,>2.5% to 5%
SARS-CoV-2 variant,GISAID,Ireland,2024-W32,SARS-CoV-2,2-week count of sequences,total,259,>1% to 2.5%
SARS-CoV-2 variant,GISAID,Ireland,2024-W31,SARS-CoV-2,2-week count of sequences,total,284,>1% to 2.5%
SARS-CoV-2 variant,GISAID,Ireland,2024-W30,SARS-CoV-2,2-week count of sequences,total,354,>1% to 2.5%
SARS-CoV-2 variant,GISAID,Ireland,2024-W29,SARS-CoV-2,2-week count of sequences,total,405,>1% to 2.5%
SARS-CoV-2 variant,GISAID,Ireland,2024-W28,SARS-CoV-2,2-week count of sequences,total,395,>1% to 2.5%
SARS-CoV-2 variant,GISAID,Ireland,2024-W27,SARS-CoV-2,2-week count of sequences,total,405,>1% to 2.5%
SARS-CoV-2 variant,GISAID,Ireland,2024-W26,SARS-CoV-2,2-week count of sequences,total,461,>1% to 2.5%
SARS-CoV-2 variant,GISAID,Ireland,2024-W25,SARS-CoV-2,2-week count of sequences,total,460,>1% to 2.5%
SARS-CoV-2 variant,GISAID,Ireland,2024-W24,SARS-CoV-2,2-week count of sequences,total,341,>1% to 2.5%
SARS-CoV-2 variant,GISAID,Ireland,2024-W23,SARS-CoV-2,2-week count of sequences,total,244,>1% to 2.5%
SARS-CoV-2 variant,GISAID,Ireland,2024-W22,SARS-CoV-2,2-week count of sequences,total,215,>2.5% to 5%
SARS-CoV-2 variant,GISAID,Ireland,2024-W21,SARS-CoV-2,2-week count of sequences,total,185,>2.5% to 5%
SARS-CoV-2 variant,GISAID,Ireland,2024-W20,SARS-CoV-2,2-week count of sequences,total,161,>2.5% to 5%
SARS-CoV-2 variant,GISAID,Ireland,2024-W19,SARS-CoV-2,2-week count of sequences,total,187,>2.5% to 5%
SARS-CoV-2 variant,GISAID,Ireland,2024-W18,SARS-CoV-2,2-week count of sequences,total,175,>2.5% to 5%
SARS-CoV-2 variant,GISAID,Ireland,2024-W17,SARS-CoV-2,2-week count of sequences,total,133,>2.5% to 5%
SARS-CoV-2 variant,GISAID,Ireland,2024-W16,SARS-CoV-2,2-week count of sequences,total,101,>5% to 10%
SARS-CoV-2 variant,GISAID,Ireland,2024-W15,SARS-CoV-2,2-week count of sequences,total,81,>5% to 10%
SARS-CoV-2 variant,GISAID,Ireland,2024-W14,SARS-CoV-2,2-week count of sequences,total,86,>5% to 10%
SARS-CoV-2 variant,GISAID,Ireland,2024-W13,SARS-CoV-2,2-week count of sequences,total,74,>5% to 10%
SARS-CoV-2 variant,GISAID,Ireland,2024-W12,SARS-CoV-2,2-week count of sequences,total,67,>5% to 10%
SARS-CoV-2 variant,GISAID,Ireland,2024-W11,SARS-CoV-2,2-week count of sequences,total,99,>5% to 10%
SARS-CoV-2 variant,GISAID,Ireland,2024-W10,SARS-CoV-2,2-week count of sequences,total,110,>5% to 10%
SARS-CoV-2 variant,GISAID,Ireland,2024-W09,SARS-CoV-2,2-week count of sequences,total,94,>5% to 10%
SARS-CoV-2 variant,GISAID,Ireland,2024-W08,SARS-CoV-2,2-week count of sequences,total,103,>5% to 10%
SARS-CoV-2 variant,GISAID,Ireland,2024-W07,SARS-CoV-2,2-week count of sequences,total,123,>2.5% to 5%
SARS-CoV-2 variant,GISAID,Ireland,2024-W06,SARS-CoV-2,2-week count of sequences,total,166,>2.5% to 5%
SARS-CoV-2 variant,GISAID,Ireland,2024-W05,SARS-CoV-2,2-week count of sequences,total,246,>1% to 2.5%
SARS-CoV-2 variant,GISAID,Ireland,2024-W04,SARS-CoV-2,2-week count of sequences,total,288,>1% to 2.5%
SARS-CoV-2 variant,GISAID,Ireland,2024-W03,SARS-CoV-2,2-week count of sequences,total,325,>1% to 2.5%
SARS-CoV-2 variant,GISAID,Ireland,2024-W02,SARS-CoV-2,2-week count of sequences,total,329,>1% to 2.5%
SARS-CoV-2 variant,GISAID,Ireland,2024-W01,SARS-CoV-2,2-week count of sequences,total,333,>1% to 2.5%
SARS-CoV-2 variant,GISAID,Ireland,2023-W52,SARS-CoV-2,2-week count of sequences,total,353,>1% to 2.5%
SARS-CoV-2 variant,GISAID,Ireland,2023-W51,SARS-CoV-2,2-week count of sequences,total,307,>1% to 2.5%
SARS-CoV-2 variant,GISAID,Ireland,2023-W50,SARS-CoV-2,2-week count of sequences,total,261,>1% to 2.5%
SARS-CoV-2 variant,GISAID,Ireland,2023-W49,SARS-CoV-2,2-week count of sequences,total,217,>2.5% to 5%
SARS-CoV-2 variant,GISAID,Ireland,2023-W48,SARS-CoV-2,2-week count of sequences,total,176,>2.5% to 5%
SARS-CoV-2 variant,GISAID,Ireland,2023-W47,SARS-CoV-2,2-week count of sequences,total,225,>2.5% to 5%
SARS-CoV-2 variant,GISAID,Ireland,2023-W46,SARS-CoV-2,2-week count of sequences,total,266,>1% to 2.5%
SARS-CoV-2 variant,GISAID,Ireland,2023-W45,SARS-CoV-2,2-week count of sequences,total,256,>1% to 2.5%
SARS-CoV-2 variant,GISAID,Ireland,2023-W44,SARS-CoV-2,2-week count of sequences,total,236,>2.5% to 5%
SARS-CoV-2 variant,GISAID,Ireland,2023-W43,SARS-CoV-2,2-week count of sequences,total,236,>2.5% to 5%
SARS-CoV-2 variant,GISAID,Ireland,2023-W42,SARS-CoV-2,2-week count of sequences,total,257,>1% to 2.5%
SARS-CoV-2 variant,GISAID,Ireland,2023-W41,SARS-CoV-2,2-week count of sequences,total,275,>1% to 2.5%
SARS-CoV-2 variant,GISAID,Ireland,2023-W40,SARS-CoV-2,2-week count of sequences,total,303,>1% to 2.5%
SARS-CoV-2 variant,GISAID,Ireland,2023-W39,SARS-CoV-2,2-week count of sequences,total,302,>1% to 2.5%
SARS-CoV-2 variant,GISAID,Ireland,2023-W38,SARS-CoV-2,2-week count of sequences,total,260,>1% to 2.5%
SARS-CoV-2 variant,GISAID,Ireland,2023-W37,SARS-CoV-2,2-week count of sequences,total,238,>2.5% to 5%
SARS-CoV-2 variant,GISAID,Ireland,2023-W36,SARS-CoV-2,2-week count of sequences,total,260,>1% to 2.5%
SARS-CoV-2 variant,GISAID,Ireland,2023-W35,SARS-CoV-2,2-week count of sequences,total,243,>1% to 2.5%
SARS-CoV-2 variant,GISAID,Ireland,2023-W34,SARS-CoV-2,2-week count of sequences,total,289,>1% to 2.5%
SARS-CoV-2 variant,GISAID,Ireland,2023-W33,SARS-CoV-2,2-week count of sequences,total,343,>1% to 2.5%
SARS-CoV-2 variant,GISAID,Ireland,2023-W32,SARS-CoV-2,2-week count of sequences,total,351,>1% to 2.5%
SARS-CoV-2 variant,GISAID,Ireland,2023-W31,SARS-CoV-2,2-week count of sequences,total,303,>1% to 2.5%
SARS-CoV-2 variant,GISAID,Ireland,2023-W30,SARS-CoV-2,2-week count of sequences,total,207,>2.5% to 5%
SARS-CoV-2 variant,GISAID,Ireland,2023-W29,SARS-CoV-2,2-week count of sequences,total,154,>2.5% to 5%
SARS-CoV-2 variant,GISAID,Ireland,2023-W28,SARS-CoV-2,2-week count of sequences,total,125,>2.5% to 5%
SARS-CoV-2 variant,GISAID,Ireland,2023-W27,SARS-CoV-2,2-week count of sequences,total,83,>5% to 10%
SARS-CoV-2 variant,GISAID,Ireland,2023-W26,SARS-CoV-2,2-week count of sequences,total,65,>5% to 10%
SARS-CoV-2 variant,GISAID,Ireland,2023-W25,SARS-CoV-2,2-week count of sequences,total,97,>5% to 10%
SARS-CoV-2 variant,GISAID,Ireland,2023-W24,SARS-CoV-2,2-week count of sequences,total,113,>5% to 10%
SARS-CoV-2 variant,GISAID,Ireland,2023-W23,SARS-CoV-2,2-week count of sequences,total,121,>2.5% to 5%
SARS-CoV-2 variant,GISAID,Ireland,2023-W22,SARS-CoV-2,2-week count of sequences,total,186,>2.5% to 5%
SARS-CoV-2 variant,GISAID,Ireland,2023-W21,SARS-CoV-2,2-week count of sequences,total,191,>2.5% to 5%
SARS-CoV-2 variant,GISAID,Ireland,2023-W20,SARS-CoV-2,2-week count of sequences,total,152,>2.5% to 5%
SARS-CoV-2 variant,GISAID,Ireland,2023-W19,SARS-CoV-2,2-week count of sequences,total,169,>2.5% to 5%
SARS-CoV-2 variant,GISAID,Ireland,2023-W18,SARS-CoV-2,2-week count of sequences,total,152,>2.5% to 5%
SARS-CoV-2 variant,GISAID,Ireland,2023-W17,SARS-CoV-2,2-week count of sequences,total,140,>2.5% to 5%
SARS-CoV-2 variant,GISAID,Ireland,2023-W16,SARS-CoV-2,2-week count of sequences,total,145,>2.5% to 5%
SARS-CoV-2 variant,GISAID,Ireland,2023-W15,SARS-CoV-2,2-week count of sequences,total,156,>2.5% to 5%
SARS-CoV-2 variant,GISAID,Ireland,2023-W14,SARS-CoV-2,2-week count of sequences,total,415,>1% to 2.5%
SARS-CoV-2 variant,GISAID,Ireland,2023-W13,SARS-CoV-2,2-week count of sequences,total,866,≤1%
SARS-CoV-2 variant,GISAID,Ireland,2023-W12,SARS-CoV-2,2-week count of sequences,total,958,≤1%
SARS-CoV-2 variant,GISAID,Ireland,2023-W11,SARS-CoV-2,2-week count of sequences,total,771,≤1%
SARS-CoV-2 variant,GISAID,Ireland,2023-W10,SARS-CoV-2,2-week count of sequences,total,632,≤1%
SARS-CoV-2 variant,GISAID,Ireland,2023-W09,SARS-CoV-2,2-week count of sequences,total,576,>1% to 2.5%
SARS-CoV-2 variant,GISAID,Ireland,2023-W08,SARS-CoV-2,2-week count of sequences,total,546,>1% to 2.5%
SARS-CoV-2 variant,GISAID,Ireland,2023-W07,SARS-CoV-2,2-week count of sequences,total,480,>1% to 2.5%
SARS-CoV-2 variant,GISAID,Ireland,2023-W06,SARS-CoV-2,2-week count of sequences,total,457,>1% to 2.5%
SARS-CoV-2 variant,GISAID,Ireland,2023-W05,SARS-CoV-2,2-week count of sequences,total,478,>1% to 2.5%
SARS-CoV-2 variant,GISAID,Ireland,2023-W04,SARS-CoV-2,2-week count of sequences,total,498,>1% to 2.5%
SARS-CoV-2 variant,GISAID,Ireland,2023-W03,SARS-CoV-2,2-week count of sequences,total,648,≤1%
SARS-CoV-2 variant,GISAID,Ireland,2023-W02,SARS-CoV-2,2-week count of sequences,total,1500,≤1%
SARS-CoV-2 variant,GISAID,Ireland,2023-W01,SARS-CoV-2,2-week count of sequences,total,1813,≤1%
SARS-CoV-2 variant,GISAID,Ireland,2022-W52,SARS-CoV-2,2-week count of sequences,total,1012,≤1%
SARS-CoV-2 variant,GISAID,Ireland,2022-W51,SARS-CoV-2,2-week count of sequences,total,811,≤1%
SARS-CoV-2 variant,GISAID,Ireland,2022-W50,SARS-CoV-2,2-week count of sequences,total,876,≤1%
SARS-CoV-2 variant,GISAID,Ireland,2022-W49,SARS-CoV-2,2-week count of sequences,total,739,≤1%
SARS-CoV-2 variant,GISAID,Ireland,2022-W48,SARS-CoV-2,2-week count of sequences,total,1066,≤1%
SARS-CoV-2 variant,GISAID,Ireland,2022-W47,SARS-CoV-2,2-week count of sequences,total,1151,≤1%
SARS-CoV-2 variant,GISAID,Ireland,2022-W46,SARS-CoV-2,2-week count of sequences,total,1155,≤1%
SARS-CoV-2 variant,GISAID,Ireland,2022-W45,SARS-CoV-2,2-week count of sequences,total,1171,≤1%
SARS-CoV-2 variant,GISAID,Ireland,2022-W44,SARS-CoV-2,2-week count of sequences,total,1151,≤1%
SARS-CoV-2 variant,GISAID,Ireland,2022-W43,SARS-CoV-2,2-week count of sequences,total,1417,≤1%
SARS-CoV-2 variant,GISAID,Ireland,2022-W42,SARS-CoV-2,2-week count of sequences,total,1562,≤1%
SARS-CoV-2 variant,GISAID,Ireland,2022-W41,SARS-CoV-2,2-week count of sequences,total,1533,≤1%
SARS-CoV-2 variant,GISAID,Ireland,2022-W40,SARS-CoV-2,2-week count of sequences,total,1155,≤1%
SARS-CoV-2 variant,GISAID,Ireland,2022-W39,SARS-CoV-2,2-week count of sequences,total,1036,≤1%
SARS-CoV-2 variant,GISAID,Ireland,2022-W38,SARS-CoV-2,2-week count of sequences,total,1261,≤1%
SARS-CoV-2 variant,GISAID,Ireland,2022-W37,SARS-CoV-2,2-week count of sequences,total,1361,≤1%
SARS-CoV-2 variant,GISAID,Ireland,2022-W36,SARS-CoV-2,2-week count of sequences,total,1482,≤1%
SARS-CoV-2 variant,GISAID,Ireland,2022-W35,SARS-CoV-2,2-week count of sequences,total,1574,≤1%
SARS-CoV-2 variant,GISAID,Ireland,2022-W34,SARS-CoV-2,2-week count of sequences,total,1484,≤1%
SARS-CoV-2 variant,GISAID,Ireland,2022-W33,SARS-CoV-2,2-week count of sequences,total,1141,≤1%
SARS-CoV-2 variant,GISAID,Ireland,2022-W32,SARS-CoV-2,2-week count of sequences,total,869,≤1%
SARS-CoV-2 variant,GISAID,Ireland,2022-W31,SARS-CoV-2,2-week count of sequences,total,817,≤1%
SARS-CoV-2 variant,GISAID,Ireland,2022-W30,SARS-CoV-2,2-week count of sequences,total,959,≤1%
SARS-CoV-2 variant,GISAID,Ireland,2022-W29,SARS-CoV-2,2-week count of sequences,total,1545,≤1%
SARS-CoV-2 variant,GISAID,Ireland,2022-W28,SARS-CoV-2,2-week count of sequences,total,2279,≤1%
SARS-CoV-2 variant,GISAID,Ireland,2022-W27,SARS-CoV-2,2-week count of sequences,total,2616,≤1%
SARS-CoV-2 variant,GISAID,Ireland,2022-W26,SARS-CoV-2,2-week count of sequences,total,3474,≤1%
SARS-CoV-2 variant,GISAID,Ireland,2022-W25,SARS-CoV-2,2-week count of sequences,total,2158,≤1%
SARS-CoV-2 variant,GISAID,Italy,2026-W36,SARS-CoV-2,2-week count of sequences,total,1,>15%
SARS-CoV-2 variant,GISAID,Italy,2026-W35,SARS-CoV-2,2-week count of sequences,total,0,No data
SARS-CoV-2 variant,GISAID,Italy,2026-W34,SARS-CoV-2,2-week count of sequences,total,1,>15%
SARS-CoV-2 variant,GISAID,Italy,2026-W33,SARS-CoV-2,2-week count of sequences,total,2,>15%
SARS-CoV-2 variant,GISAID,Italy,2026-W32,SARS-CoV-2,2-week count of sequences,total,2,>15%
SARS-CoV-2 variant,GISAID,Italy,2026-W31,SARS-CoV-2,2-week count of sequences,total,1,>15%
SARS-CoV-2 variant,GISAID,Italy,2026-W30,SARS-CoV-2,2-week count of sequences,total,0,No data
SARS-CoV-2 variant,GISAID,Italy,2026-W29,SARS-CoV-2,2-week count of sequences,total,0,No data
SARS-CoV-2 variant,GISAID,Italy,2026-W28,SARS-CoV-2,2-week count of sequences,total,0,No data
SARS-CoV-2 variant,GISAID,Italy,2026-W27,SARS-CoV-2,2-week count of sequences,total,0,No data
SARS-CoV-2 variant,GISAID,Italy,2026-W26,SARS-CoV-2,2-week count of sequences,total,0,No data
SARS-CoV-2 variant,GISAID,Italy,2026-W25,SARS-CoV-2,2-week count of sequences,total,2,>15%
SARS-CoV-2 variant,GISAID,Italy,2026-W24,SARS-CoV-2,2-week count of sequences,total,3,>15%
SARS-CoV-2 variant,GISAID,Italy,2026-W23,SARS-CoV-2,2-week count of sequences,total,1,>15%
SARS-CoV-2 variant,GISAID,Italy,2026-W22,SARS-CoV-2,2-week count of sequences,total,4,>15%
SARS-CoV-2 variant,GISAID,Italy,2026-W21,SARS-CoV-2,2-week count of sequences,total,6,>15%
SARS-CoV-2 variant,GISAID,Italy,2026-W20,SARS-CoV-2,2-week count of sequences,total,2,>15%
SARS-CoV-2 variant,GISAID,Italy,2026-W19,SARS-CoV-2,2-week count of sequences,total,4,>15%
SARS-CoV-2 variant,GISAID,Italy,2026-W18,SARS-CoV-2,2-week count of sequences,total,12,>15%
SARS-CoV-2 variant,GISAID,Italy,2026-W17,SARS-CoV-2,2-week count of sequences,total,21,>15%
SARS-CoV-2 variant,GISAID,Italy,2026-W16,SARS-CoV-2,2-week count of sequences,total,16,>15%
SARS-CoV-2 variant,GISAID,Italy,2026-W15,SARS-CoV-2,2-week count of sequences,total,13,>15%
SARS-CoV-2 variant,GISAID,Italy,2026-W14,SARS-CoV-2,2-week count of sequences,total,20,>15%
SARS-CoV-2 variant,GISAID,Italy,2026-W13,SARS-CoV-2,2-week count of sequences,total,28,>15%
SARS-CoV-2 variant,GISAID,Italy,2026-W12,SARS-CoV-2,2-week count of sequences,total,33,>15%
SARS-CoV-2 variant,GISAID,Italy,2026-W11,SARS-CoV-2,2-week count of sequences,total,31,>15%
SARS-CoV-2 variant,GISAID,Italy,2026-W10,SARS-CoV-2,2-week count of sequences,total,32,>15%
SARS-CoV-2 variant,GISAID,Italy,2026-W09,SARS-CoV-2,2-week count of sequences,total,42,>10% to 15%
SARS-CoV-2 variant,GISAID,Italy,2026-W08,SARS-CoV-2,2-week count of sequences,total,58,>5% to 10%
SARS-CoV-2 variant,GISAID,Italy,2026-W07,SARS-CoV-2,2-week count of sequences,total,65,>5% to 10%
SARS-CoV-2 variant,GISAID,Italy,2026-W06,SARS-CoV-2,2-week count of sequences,total,59,>5% to 10%
SARS-CoV-2 variant,GISAID,Italy,2026-W05,SARS-CoV-2,2-week count of sequences,total,52,>10% to 15%
SARS-CoV-2 variant,GISAID,Italy,2026-W04,SARS-CoV-2,2-week count of sequences,total,58,>5% to 10%
SARS-CoV-2 variant,GISAID,Italy,2026-W03,SARS-CoV-2,2-week count of sequences,total,69,>5% to 10%
SARS-CoV-2 variant,GISAID,Italy,2026-W02,SARS-CoV-2,2-week count of sequences,total,67,>5% to 10%
SARS-CoV-2 variant,GISAID,Italy,2026-W01,SARS-CoV-2,2-week count of sequences,total,59,>5% to 10%
SARS-CoV-2 variant,GISAID,Italy,2025-W52,SARS-CoV-2,2-week count of sequences,total,97,>5% to 10%
SARS-CoV-2 variant,GISAID,Italy,2025-W51,SARS-CoV-2,2-week count of sequences,total,150,>2.5% to 5%
SARS-CoV-2 variant,GISAID,Italy,2025-W50,SARS-CoV-2,2-week count of sequences,total,146,>2.5% to 5%
SARS-CoV-2 variant,GISAID,Italy,2025-W49,SARS-CoV-2,2-week count of sequences,total,143,>2.5% to 5%
SARS-CoV-2 variant,GISAID,Italy,2025-W48,SARS-CoV-2,2-week count of sequences,total,155,>2.5% to 5%
SARS-CoV-2 variant,GISAID,Italy,2025-W47,SARS-CoV-2,2-week count of sequences,total,158,>2.5% to 5%
SARS-CoV-2 variant,GISAID,Italy,2025-W46,SARS-CoV-2,2-week count of sequences,total,175,>2.5% to 5%
SARS-CoV-2 variant,GISAID,Italy,2025-W45,SARS-CoV-2,2-week count of sequences,total,218,>2.5% to 5%
SARS-CoV-2 variant,GISAID,Italy,2025-W44,SARS-CoV-2,2-week count of sequences,total,247,>1% to 2.5%
SARS-CoV-2 variant,GISAID,Italy,2025-W43,SARS-CoV-2,2-week count of sequences,total,273,>1% to 2.5%
SARS-CoV-2 variant,GISAID,Italy,2025-W42,SARS-CoV-2,2-week count of sequences,total,324,>1% to 2.5%
SARS-CoV-2 variant,GISAID,Italy,2025-W41,SARS-CoV-2,2-week count of sequences,total,323,>1% to 2.5%
SARS-CoV-2 variant,GISAID,Italy,2025-W40,SARS-CoV-2,2-week count of sequences,total,293,>1% to 2.5%
SARS-CoV-2 variant,GISAID,Italy,2025-W39,SARS-CoV-2,2-week count of sequences,total,306,>1% to 2.5%
SARS-CoV-2 variant,GISAID,Italy,2025-W38,SARS-CoV-2,2-week count of sequences,total,269,>1% to 2.5%
SARS-CoV-2 variant,GISAID,Italy,2025-W37,SARS-CoV-2,2-week count of sequences,total,201,>2.5% to 5%
SARS-CoV-2 variant,GISAID,Italy,2025-W36,SARS-CoV-2,2-week count of sequences,total,173,>2.5% to 5%
SARS-CoV-2 variant,GISAID,Italy,2025-W35,SARS-CoV-2,2-week count of sequences,total,174,>2.5% to 5%
SARS-CoV-2 variant,GISAID,Italy,2025-W34,SARS-CoV-2,2-week count of sequences,total,171,>2.5% to 5%
SARS-CoV-2 variant,GISAID,Italy,2025-W33,SARS-CoV-2,2-week count of sequences,total,129,>2.5% to 5%
SARS-CoV-2 variant,GISAID,Italy,2025-W32,SARS-CoV-2,2-week count of sequences,total,98,>5% to 10%
SARS-CoV-2 variant,GISAID,Italy,2025-W31,SARS-CoV-2,2-week count of sequences,total,87,>5% to 10%
SARS-CoV-2 variant,GISAID,Italy,2025-W30,SARS-CoV-2,2-week count of sequences,total,84,>5% to 10%
SARS-CoV-2 variant,GISAID,Italy,2025-W29,SARS-CoV-2,2-week count of sequences,total,68,>5% to 10%
SARS-CoV-2 variant,GISAID,Italy,2025-W28,SARS-CoV-2,2-week count of sequences,total,44,>10% to 15%
SARS-CoV-2 variant,GISAID,Italy,2025-W27,SARS-CoV-2,2-week count of sequences,total,37,>10% to 15%
SARS-CoV-2 variant,GISAID,Italy,2025-W26,SARS-CoV-2,2-week count of sequences,total,32,>15%
SARS-CoV-2 variant,GISAID,Italy,2025-W25,SARS-CoV-2,2-week count of sequences,total,33,>15%
SARS-CoV-2 variant,GISAID,Italy,2025-W24,SARS-CoV-2,2-week count of sequences,total,28,>15%
SARS-CoV-2 variant,GISAID,Italy,2025-W23,SARS-CoV-2,2-week count of sequences,total,24,>15%
SARS-CoV-2 variant,GISAID,Italy,2025-W22,SARS-CoV-2,2-week count of sequences,total,29,>15%
SARS-CoV-2 variant,GISAID,Italy,2025-W21,SARS-CoV-2,2-week count of sequences,total,30,>15%
SARS-CoV-2 variant,GISAID,Italy,2025-W20,SARS-CoV-2,2-week count of sequences,total,32,>15%
SARS-CoV-2 variant,GISAID,Italy,2025-W19,SARS-CoV-2,2-week count of sequences,total,31,>15%
SARS-CoV-2 variant,GISAID,Italy,2025-W18,SARS-CoV-2,2-week count of sequences,total,27,>15%
SARS-CoV-2 variant,GISAID,Italy,2025-W17,SARS-CoV-2,2-week count of sequences,total,24,>15%
SARS-CoV-2 variant,GISAID,Italy,2025-W16,SARS-CoV-2,2-week count of sequences,total,30,>15%
SARS-CoV-2 variant,GISAID,Italy,2025-W15,SARS-CoV-2,2-week count of sequences,total,31,>15%
SARS-CoV-2 variant,GISAID,Italy,2025-W14,SARS-CoV-2,2-week count of sequences,total,37,>10% to 15%
SARS-CoV-2 variant,GISAID,Italy,2025-W13,SARS-CoV-2,2-week count of sequences,total,39,>10% to 15%
SARS-CoV-2 variant,GISAID,Italy,2025-W12,SARS-CoV-2,2-week count of sequences,total,41,>10% to 15%
SARS-CoV-2 variant,GISAID,Italy,2025-W11,SARS-CoV-2,2-week count of sequences,total,45,>10% to 15%
SARS-CoV-2 variant,GISAID,Italy,2025-W10,SARS-CoV-2,2-week count of sequences,total,41,>10% to 15%
SARS-CoV-2 variant,GISAID,Italy,2025-W09,SARS-CoV-2,2-week count of sequences,total,30,>15%
SARS-CoV-2 variant,GISAID,Italy,2025-W08,SARS-CoV-2,2-week count of sequences,total,29,>15%
SARS-CoV-2 variant,GISAID,Italy,2025-W07,SARS-CoV-2,2-week count of sequences,total,33,>15%
SARS-CoV-2 variant,GISAID,Italy,2025-W06,SARS-CoV-2,2-week count of sequences,total,32,>15%
SARS-CoV-2 variant,GISAID,Italy,2025-W05,SARS-CoV-2,2-week count of sequences,total,63,>5% to 10%
SARS-CoV-2 variant,GISAID,Italy,2025-W04,SARS-CoV-2,2-week count of sequences,total,102,>5% to 10%
SARS-CoV-2 variant,GISAID,Italy,2025-W03,SARS-CoV-2,2-week count of sequences,total,118,>2.5% to 5%
SARS-CoV-2 variant,GISAID,Italy,2025-W02,SARS-CoV-2,2-week count of sequences,total,100,>5% to 10%
SARS-CoV-2 variant,GISAID,Italy,2025-W01,SARS-CoV-2,2-week count of sequences,total,73,>5% to 10%
SARS-CoV-2 variant,GISAID,Italy,2024-W52,SARS-CoV-2,2-week count of sequences,total,83,>5% to 10%
SARS-CoV-2 variant,GISAID,Italy,2024-W51,SARS-CoV-2,2-week count of sequences,total,98,>5% to 10%
SARS-CoV-2 variant,GISAID,Italy,2024-W50,SARS-CoV-2,2-week count of sequences,total,107,>5% to 10%
SARS-CoV-2 variant,GISAID,Italy,2024-W49,SARS-CoV-2,2-week count of sequences,total,100,>5% to 10%
SARS-CoV-2 variant,GISAID,Italy,2024-W48,SARS-CoV-2,2-week count of sequences,total,101,>5% to 10%
SARS-CoV-2 variant,GISAID,Italy,2024-W47,SARS-CoV-2,2-week count of sequences,total,117,>5% to 10%
SARS-CoV-2 variant,GISAID,Italy,2024-W46,SARS-CoV-2,2-week count of sequences,total,140,>2.5% to 5%
SARS-CoV-2 variant,GISAID,Italy,2024-W45,SARS-CoV-2,2-week count of sequences,total,155,>2.5% to 5%
SARS-CoV-2 variant,GISAID,Italy,2024-W44,SARS-CoV-2,2-week count of sequences,total,181,>2.5% to 5%
SARS-CoV-2 variant,GISAID,Italy,2024-W43,SARS-CoV-2,2-week count of sequences,total,301,>1% to 2.5%
SARS-CoV-2 variant,GISAID,Italy,2024-W42,SARS-CoV-2,2-week count of sequences,total,398,>1% to 2.5%
SARS-CoV-2 variant,GISAID,Italy,2024-W41,SARS-CoV-2,2-week count of sequences,total,412,>1% to 2.5%
SARS-CoV-2 variant,GISAID,Italy,2024-W40,SARS-CoV-2,2-week count of sequences,total,391,>1% to 2.5%
SARS-CoV-2 variant,GISAID,Italy,2024-W39,SARS-CoV-2,2-week count of sequences,total,353,>1% to 2.5%
SARS-CoV-2 variant,GISAID,Italy,2024-W38,SARS-CoV-2,2-week count of sequences,total,321,>1% to 2.5%
SARS-CoV-2 variant,GISAID,Italy,2024-W37,SARS-CoV-2,2-week count of sequences,total,313,>1% to 2.5%
SARS-CoV-2 variant,GISAID,Italy,2024-W36,SARS-CoV-2,2-week count of sequences,total,350,>1% to 2.5%
SARS-CoV-2 variant,GISAID,Italy,2024-W35,SARS-CoV-2,2-week count of sequences,total,434,>1% to 2.5%
SARS-CoV-2 variant,GISAID,Italy,2024-W34,SARS-CoV-2,2-week count of sequences,total,526,>1% to 2.5%
SARS-CoV-2 variant,GISAID,Italy,2024-W33,SARS-CoV-2,2-week count of sequences,total,549,>1% to 2.5%
SARS-CoV-2 variant,GISAID,Italy,2024-W32,SARS-CoV-2,2-week count of sequences,total,493,>1% to 2.5%
SARS-CoV-2 variant,GISAID,Italy,2024-W31,SARS-CoV-2,2-week count of sequences,total,389,>1% to 2.5%
SARS-CoV-2 variant,GISAID,Italy,2024-W30,SARS-CoV-2,2-week count of sequences,total,336,>1% to 2.5%
SARS-CoV-2 variant,GISAID,Italy,2024-W29,SARS-CoV-2,2-week count of sequences,total,307,>1% to 2.5%
SARS-CoV-2 variant,GISAID,Italy,2024-W28,SARS-CoV-2,2-week count of sequences,total,255,>1% to 2.5%
SARS-CoV-2 variant,GISAID,Italy,2024-W27,SARS-CoV-2,2-week count of sequences,total,252,>1% to 2.5%
SARS-CoV-2 variant,GISAID,Italy,2024-W26,SARS-CoV-2,2-week count of sequences,total,249,>1% to 2.5%
SARS-CoV-2 variant,GISAID,Italy,2024-W25,SARS-CoV-2,2-week count of sequences,total,197,>2.5% to 5%
SARS-CoV-2 variant,GISAID,Italy,2024-W24,SARS-CoV-2,2-week count of sequences,total,144,>2.5% to 5%
SARS-CoV-2 variant,GISAID,Italy,2024-W23,SARS-CoV-2,2-week count of sequences,total,124,>2.5% to 5%
SARS-CoV-2 variant,GISAID,Italy,2024-W22,SARS-CoV-2,2-week count of sequences,total,101,>5% to 10%
SARS-CoV-2 variant,GISAID,Italy,2024-W21,SARS-CoV-2,2-week count of sequences,total,94,>5% to 10%
SARS-CoV-2 variant,GISAID,Italy,2024-W20,SARS-CoV-2,2-week count of sequences,total,95,>5% to 10%
SARS-CoV-2 variant,GISAID,Italy,2024-W19,SARS-CoV-2,2-week count of sequences,total,61,>5% to 10%
SARS-CoV-2 variant,GISAID,Italy,2024-W18,SARS-CoV-2,2-week count of sequences,total,29,>15%
SARS-CoV-2 variant,GISAID,Italy,2024-W17,SARS-CoV-2,2-week count of sequences,total,23,>15%
SARS-CoV-2 variant,GISAID,Italy,2024-W16,SARS-CoV-2,2-week count of sequences,total,26,>15%
SARS-CoV-2 variant,GISAID,Italy,2024-W15,SARS-CoV-2,2-week count of sequences,total,25,>15%
SARS-CoV-2 variant,GISAID,Italy,2024-W14,SARS-CoV-2,2-week count of sequences,total,43,>10% to 15%
SARS-CoV-2 variant,GISAID,Italy,2024-W13,SARS-CoV-2,2-week count of sequences,total,44,>10% to 15%
SARS-CoV-2 variant,GISAID,Italy,2024-W12,SARS-CoV-2,2-week count of sequences,total,28,>15%
SARS-CoV-2 variant,GISAID,Italy,2024-W11,SARS-CoV-2,2-week count of sequences,total,45,>10% to 15%
SARS-CoV-2 variant,GISAID,Italy,2024-W10,SARS-CoV-2,2-week count of sequences,total,59,>5% to 10%
SARS-CoV-2 variant,GISAID,Italy,2024-W09,SARS-CoV-2,2-week count of sequences,total,64,>5% to 10%
SARS-CoV-2 variant,GISAID,Italy,2024-W08,SARS-CoV-2,2-week count of sequences,total,159,>2.5% to 5%
SARS-CoV-2 variant,GISAID,Italy,2024-W07,SARS-CoV-2,2-week count of sequences,total,213,>2.5% to 5%
SARS-CoV-2 variant,GISAID,Italy,2024-W06,SARS-CoV-2,2-week count of sequences,total,205,>2.5% to 5%
SARS-CoV-2 variant,GISAID,Italy,2024-W05,SARS-CoV-2,2-week count of sequences,total,236,>2.5% to 5%
SARS-CoV-2 variant,GISAID,Italy,2024-W04,SARS-CoV-2,2-week count of sequences,total,495,>1% to 2.5%
SARS-CoV-2 variant,GISAID,Italy,2024-W03,SARS-CoV-2,2-week count of sequences,total,632,≤1%
SARS-CoV-2 variant,GISAID,Italy,2024-W02,SARS-CoV-2,2-week count of sequences,total,562,>1% to 2.5%
SARS-CoV-2 variant,GISAID,Italy,2024-W01,SARS-CoV-2,2-week count of sequences,total,585,>1% to 2.5%
SARS-CoV-2 variant,GISAID,Italy,2023-W52,SARS-CoV-2,2-week count of sequences,total,574,>1% to 2.5%
SARS-CoV-2 variant,GISAID,Italy,2023-W51,SARS-CoV-2,2-week count of sequences,total,1148,≤1%
SARS-CoV-2 variant,GISAID,Italy,2023-W50,SARS-CoV-2,2-week count of sequences,total,1178,≤1%
SARS-CoV-2 variant,GISAID,Italy,2023-W49,SARS-CoV-2,2-week count of sequences,total,741,≤1%
SARS-CoV-2 variant,GISAID,Italy,2023-W48,SARS-CoV-2,2-week count of sequences,total,789,≤1%
SARS-CoV-2 variant,GISAID,Italy,2023-W47,SARS-CoV-2,2-week count of sequences,total,1070,≤1%
SARS-CoV-2 variant,GISAID,Italy,2023-W46,SARS-CoV-2,2-week count of sequences,total,951,≤1%
SARS-CoV-2 variant,GISAID,Italy,2023-W45,SARS-CoV-2,2-week count of sequences,total,618,≤1%
SARS-CoV-2 variant,GISAID,Italy,2023-W44,SARS-CoV-2,2-week count of sequences,total,602,>1% to 2.5%
SARS-CoV-2 variant,GISAID,Italy,2023-W43,SARS-CoV-2,2-week count of sequences,total,846,≤1%
SARS-CoV-2 variant,GISAID,Italy,2023-W42,SARS-CoV-2,2-week count of sequences,total,940,≤1%
SARS-CoV-2 variant,GISAID,Italy,2023-W41,SARS-CoV-2,2-week count of sequences,total,731,≤1%
SARS-CoV-2 variant,GISAID,Italy,2023-W40,SARS-CoV-2,2-week count of sequences,total,802,≤1%
SARS-CoV-2 variant,GISAID,Italy,2023-W39,SARS-CoV-2,2-week count of sequences,total,1039,≤1%
SARS-CoV-2 variant,GISAID,Italy,2023-W38,SARS-CoV-2,2-week count of sequences,total,1033,≤1%
SARS-CoV-2 variant,GISAID,Italy,2023-W37,SARS-CoV-2,2-week count of sequences,total,816,≤1%
SARS-CoV-2 variant,GISAID,Italy,2023-W36,SARS-CoV-2,2-week count of sequences,total,738,≤1%
SARS-CoV-2 variant,GISAID,Italy,2023-W35,SARS-CoV-2,2-week count of sequences,total,719,≤1%
SARS-CoV-2 variant,GISAID,Italy,2023-W34,SARS-CoV-2,2-week count of sequences,total,552,>1% to 2.5%
SARS-CoV-2 variant,GISAID,Italy,2023-W33,SARS-CoV-2,2-week count of sequences,total,308,>1% to 2.5%
SARS-CoV-2 variant,GISAID,Italy,2023-W32,SARS-CoV-2,2-week count of sequences,total,266,>1% to 2.5%
SARS-CoV-2 variant,GISAID,Italy,2023-W31,SARS-CoV-2,2-week count of sequences,total,212,>2.5% to 5%
SARS-CoV-2 variant,GISAID,Italy,2023-W30,SARS-CoV-2,2-week count of sequences,total,184,>2.5% to 5%
SARS-CoV-2 variant,GISAID,Italy,2023-W29,SARS-CoV-2,2-week count of sequences,total,243,>1% to 2.5%
SARS-CoV-2 variant,GISAID,Italy,2023-W28,SARS-CoV-2,2-week count of sequences,total,239,>2.5% to 5%
SARS-CoV-2 variant,GISAID,Italy,2023-W27,SARS-CoV-2,2-week count of sequences,total,151,>2.5% to 5%
SARS-CoV-2 variant,GISAID,Italy,2023-W26,SARS-CoV-2,2-week count of sequences,total,163,>2.5% to 5%
SARS-CoV-2 variant,GISAID,Italy,2023-W25,SARS-CoV-2,2-week count of sequences,total,197,>2.5% to 5%
SARS-CoV-2 variant,GISAID,Italy,2023-W24,SARS-CoV-2,2-week count of sequences,total,381,>1% to 2.5%
SARS-CoV-2 variant,GISAID,Italy,2023-W23,SARS-CoV-2,2-week count of sequences,total,453,>1% to 2.5%
SARS-CoV-2 variant,GISAID,Italy,2023-W22,SARS-CoV-2,2-week count of sequences,total,479,>1% to 2.5%
SARS-CoV-2 variant,GISAID,Italy,2023-W21,SARS-CoV-2,2-week count of sequences,total,571,>1% to 2.5%
SARS-CoV-2 variant,GISAID,Italy,2023-W20,SARS-CoV-2,2-week count of sequences,total,537,>1% to 2.5%
SARS-CoV-2 variant,GISAID,Italy,2023-W19,SARS-CoV-2,2-week count of sequences,total,622,≤1%
SARS-CoV-2 variant,GISAID,Italy,2023-W18,SARS-CoV-2,2-week count of sequences,total,681,≤1%
SARS-CoV-2 variant,GISAID,Italy,2023-W17,SARS-CoV-2,2-week count of sequences,total,750,≤1%
SARS-CoV-2 variant,GISAID,Italy,2023-W16,SARS-CoV-2,2-week count of sequences,total,915,≤1%
SARS-CoV-2 variant,GISAID,Italy,2023-W15,SARS-CoV-2,2-week count of sequences,total,1117,≤1%
SARS-CoV-2 variant,GISAID,Italy,2023-W14,SARS-CoV-2,2-week count of sequences,total,1065,≤1%
SARS-CoV-2 variant,GISAID,Italy,2023-W13,SARS-CoV-2,2-week count of sequences,total,914,≤1%
SARS-CoV-2 variant,GISAID,Italy,2023-W12,SARS-CoV-2,2-week count of sequences,total,993,≤1%
SARS-CoV-2 variant,GISAID,Italy,2023-W11,SARS-CoV-2,2-week count of sequences,total,1379,≤1%
SARS-CoV-2 variant,GISAID,Italy,2023-W10,SARS-CoV-2,2-week count of sequences,total,1327,≤1%
SARS-CoV-2 variant,GISAID,Italy,2023-W09,SARS-CoV-2,2-week count of sequences,total,1043,≤1%
SARS-CoV-2 variant,GISAID,Italy,2023-W08,SARS-CoV-2,2-week count of sequences,total,1387,≤1%
SARS-CoV-2 variant,GISAID,Italy,2023-W07,SARS-CoV-2,2-week count of sequences,total,1703,≤1%
SARS-CoV-2 variant,GISAID,Italy,2023-W06,SARS-CoV-2,2-week count of sequences,total,1486,≤1%
SARS-CoV-2 variant,GISAID,Italy,2023-W05,SARS-CoV-2,2-week count of sequences,total,1364,≤1%
SARS-CoV-2 variant,GISAID,Italy,2023-W04,SARS-CoV-2,2-week count of sequences,total,1563,≤1%
SARS-CoV-2 variant,GISAID,Italy,2023-W03,SARS-CoV-2,2-week count of sequences,total,2120,≤1%
SARS-CoV-2 variant,GISAID,Italy,2023-W02,SARS-CoV-2,2-week count of sequences,total,2287,≤1%
SARS-CoV-2 variant,GISAID,Italy,2023-W01,SARS-CoV-2,2-week count of sequences,total,1529,≤1%
SARS-CoV-2 variant,GISAID,Italy,2022-W52,SARS-CoV-2,2-week count of sequences,total,1532,≤1%
SARS-CoV-2 variant,GISAID,Italy,2022-W51,SARS-CoV-2,2-week count of sequences,total,2921,≤1%
SARS-CoV-2 variant,GISAID,Italy,2022-W50,SARS-CoV-2,2-week count of sequences,total,2795,≤1%
SARS-CoV-2 variant,GISAID,Italy,2022-W49,SARS-CoV-2,2-week count of sequences,total,1680,≤1%
SARS-CoV-2 variant,GISAID,Italy,2022-W48,SARS-CoV-2,2-week count of sequences,total,1609,≤1%
SARS-CoV-2 variant,GISAID,Italy,2022-W47,SARS-CoV-2,2-week count of sequences,total,1504,≤1%
SARS-CoV-2 variant,GISAID,Italy,2022-W46,SARS-CoV-2,2-week count of sequences,total,2317,≤1%
SARS-CoV-2 variant,GISAID,Italy,2022-W45,SARS-CoV-2,2-week count of sequences,total,2476,≤1%
SARS-CoV-2 variant,GISAID,Italy,2022-W44,SARS-CoV-2,2-week count of sequences,total,1880,≤1%
SARS-CoV-2 variant,GISAID,Italy,2022-W43,SARS-CoV-2,2-week count of sequences,total,2189,≤1%
SARS-CoV-2 variant,GISAID,Italy,2022-W42,SARS-CoV-2,2-week count of sequences,total,2099,≤1%
SARS-CoV-2 variant,GISAID,Italy,2022-W41,SARS-CoV-2,2-week count of sequences,total,2579,≤1%
SARS-CoV-2 variant,GISAID,Italy,2022-W40,SARS-CoV-2,2-week count of sequences,total,2308,≤1%
SARS-CoV-2 variant,GISAID,Italy,2022-W39,SARS-CoV-2,2-week count of sequences,total,1364,≤1%
SARS-CoV-2 variant,GISAID,Italy,2022-W38,SARS-CoV-2,2-week count of sequences,total,1380,≤1%
SARS-CoV-2 variant,GISAID,Italy,2022-W37,SARS-CoV-2,2-week count of sequences,total,1674,≤1%
SARS-CoV-2 variant,GISAID,Italy,2022-W36,SARS-CoV-2,2-week count of sequences,total,1547,≤1%
SARS-CoV-2 variant,GISAID,Italy,2022-W35,SARS-CoV-2,2-week count of sequences,total,1104,≤1%
SARS-CoV-2 variant,GISAID,Italy,2022-W34,SARS-CoV-2,2-week count of sequences,total,1072,≤1%
SARS-CoV-2 variant,GISAID,Italy,2022-W33,SARS-CoV-2,2-week count of sequences,total,1255,≤1%
SARS-CoV-2 variant,GISAID,Italy,2022-W32,SARS-CoV-2,2-week count of sequences,total,2455,≤1%
SARS-CoV-2 variant,GISAID,Italy,2022-W31,SARS-CoV-2,2-week count of sequences,total,2751,≤1%
SARS-CoV-2 variant,GISAID,Italy,2022-W30,SARS-CoV-2,2-week count of sequences,total,2583,≤1%
SARS-CoV-2 variant,GISAID,Italy,2022-W29,SARS-CoV-2,2-week count of sequences,total,3282,≤1%
SARS-CoV-2 variant,GISAID,Italy,2022-W28,SARS-CoV-2,2-week count of sequences,total,4226,≤1%
SARS-CoV-2 variant,GISAID,Italy,2022-W27,SARS-CoV-2,2-week count of sequences,total,3759,≤1%
SARS-CoV-2 variant,GISAID,Italy,2022-W26,SARS-CoV-2,2-week count of sequences,total,2409,≤1%
SARS-CoV-2 variant,GISAID,Italy,2022-W25,SARS-CoV-2,2-week count of sequences,total,1102,≤1%
SARS-CoV-2 variant,GISAID,Latvia,2026-W36,SARS-CoV-2,2-week count of sequences,total,0,No data
SARS-CoV-2 variant,GISAID,Latvia,2026-W35,SARS-CoV-2,2-week count of sequences,total,0,No data
SARS-CoV-2 variant,GISAID,Latvia,2026-W34,SARS-CoV-2,2-week count of sequences,total,0,No data
SARS-CoV-2 variant,GISAID,Latvia,2026-W33,SARS-CoV-2,2-week count of sequences,total,0,No data
SARS-CoV-2 variant,GISAID,Latvia,2026-W32,SARS-CoV-2,2-week count of sequences,total,0,No data
SARS-CoV-2 variant,GISAID,Latvia,2026-W31,SARS-CoV-2,2-week count of sequences,total,0,No data
SARS-CoV-2 variant,GISAID,Latvia,2026-W30,SARS-CoV-2,2-week count of sequences,total,0,No data
SARS-CoV-2 variant,GISAID,Latvia,2026-W29,SARS-CoV-2,2-week count of sequences,total,0,No data
SARS-CoV-2 variant,GISAID,Latvia,2026-W28,SARS-CoV-2,2-week count of sequences,total,0,No data
SARS-CoV-2 variant,GISAID,Latvia,2026-W27,SARS-CoV-2,2-week count of sequences,total,0,No data
SARS-CoV-2 variant,GISAID,Latvia,2026-W26,SARS-CoV-2,2-week count of sequences,total,0,No data
SARS-CoV-2 variant,GISAID,Latvia,2026-W25,SARS-CoV-2,2-week count of sequences,total,0,No data
SARS-CoV-2 variant,GISAID,Latvia,2026-W24,SARS-CoV-2,2-week count of sequences,total,0,No data
SARS-CoV-2 variant,GISAID,Latvia,2026-W23,SARS-CoV-2,2-week count of sequences,total,0,No data
SARS-CoV-2 variant,GISAID,Latvia,2026-W22,SARS-CoV-2,2-week count of sequences,total,0,No data
SARS-CoV-2 variant,GISAID,Latvia,2026-W21,SARS-CoV-2,2-week count of sequences,total,0,No data
SARS-CoV-2 variant,GISAID,Latvia,2026-W20,SARS-CoV-2,2-week count of sequences,total,0,No data
SARS-CoV-2 variant,GISAID,Latvia,2026-W19,SARS-CoV-2,2-week count of sequences,total,0,No data
SARS-CoV-2 variant,GISAID,Latvia,2026-W18,SARS-CoV-2,2-week count of sequences,total,0,No data
SARS-CoV-2 variant,GISAID,Latvia,2026-W17,SARS-CoV-2,2-week count of sequences,total,0,No data
SARS-CoV-2 variant,GISAID,Latvia,2026-W16,SARS-CoV-2,2-week count of sequences,total,0,No data
SARS-CoV-2 variant,GISAID,Latvia,2026-W15,SARS-CoV-2,2-week count of sequences,total,0,No data
SARS-CoV-2 variant,GISAID,Latvia,2026-W14,SARS-CoV-2,2-week count of sequences,total,0,No data
SARS-CoV-2 variant,GISAID,Latvia,2026-W13,SARS-CoV-2,2-week count of sequences,total,0,No data
SARS-CoV-2 variant,GISAID,Latvia,2026-W12,SARS-CoV-2,2-week count of sequences,total,0,No data
SARS-CoV-2 variant,GISAID,Latvia,2026-W11,SARS-CoV-2,2-week count of sequences,total,0,No data
SARS-CoV-2 variant,GISAID,Latvia,2026-W10,SARS-CoV-2,2-week count of sequences,total,0,No data
SARS-CoV-2 variant,GISAID,Latvia,2026-W09,SARS-CoV-2,2-week count of sequences,total,0,No data
SARS-CoV-2 variant,GISAID,Latvia,2026-W08,SARS-CoV-2,2-week count of sequences,total,0,No data
SARS-CoV-2 variant,GISAID,Latvia,2026-W07,SARS-CoV-2,2-week count of sequences,total,0,No data
SARS-CoV-2 variant,GISAID,Latvia,2026-W06,SARS-CoV-2,2-week count of sequences,total,0,No data
SARS-CoV-2 variant,GISAID,Latvia,2026-W05,SARS-CoV-2,2-week count of sequences,total,0,No data
SARS-CoV-2 variant,GISAID,Latvia,2026-W04,SARS-CoV-2,2-week count of sequences,total,0,No data
SARS-CoV-2 variant,GISAID,Latvia,2026-W03,SARS-CoV-2,2-week count of sequences,total,0,No data
SARS-CoV-2 variant,GISAID,Latvia,2026-W02,SARS-CoV-2,2-week count of sequences,total,0,No data
SARS-CoV-2 variant,GISAID,Latvia,2026-W01,SARS-CoV-2,2-week count of sequences,total,0,No data
SARS-CoV-2 variant,GISAID,Latvia,2025-W52,SARS-CoV-2,2-week count of sequences,total,0,No data
SARS-CoV-2 variant,GISAID,Latvia,2025-W51,SARS-CoV-2,2-week count of sequences,total,0,No data
SARS-CoV-2 variant,GISAID,Latvia,2025-W50,SARS-CoV-2,2-week count of sequences,total,0,No data
SARS-CoV-2 variant,GISAID,Latvia,2025-W49,SARS-CoV-2,2-week count of sequences,total,0,No data
SARS-CoV-2 variant,GISAID,Latvia,2025-W48,SARS-CoV-2,2-week count of sequences,total,0,No data
SARS-CoV-2 variant,GISAID,Latvia,2025-W47,SARS-CoV-2,2-week count of sequences,total,0,No data
SARS-CoV-2 variant,GISAID,Latvia,2025-W46,SARS-CoV-2,2-week count of sequences,total,0,No data
SARS-CoV-2 variant,GISAID,Latvia,2025-W45,SARS-CoV-2,2-week count of sequences,total,0,No data
SARS-CoV-2 variant,GISAID,Latvia,2025-W44,SARS-CoV-2,2-week count of sequences,total,0,No data
SARS-CoV-2 variant,GISAID,Latvia,2025-W43,SARS-CoV-2,2-week count of sequences,total,0,No data
SARS-CoV-2 variant,GISAID,Latvia,2025-W42,SARS-CoV-2,2-week count of sequences,total,0,No data
SARS-CoV-2 variant,GISAID,Latvia,2025-W41,SARS-CoV-2,2-week count of sequences,total,0,No data
SARS-CoV-2 variant,GISAID,Latvia,2025-W40,SARS-CoV-2,2-week count of sequences,total,0,No data
SARS-CoV-2 variant,GISAID,Latvia,2025-W39,SARS-CoV-2,2-week count of sequences,total,0,No data
SARS-CoV-2 variant,GISAID,Latvia,2025-W38,SARS-CoV-2,2-week count of sequences,total,0,No data
SARS-CoV-2 variant,GISAID,Latvia,2025-W37,SARS-CoV-2,2-week count of sequences,total,0,No data
SARS-CoV-2 variant,GISAID,Latvia,2025-W36,SARS-CoV-2,2-week count of sequences,total,0,No data
SARS-CoV-2 variant,GISAID,Latvia,2025-W35,SARS-CoV-2,2-week count of sequences,total,0,No data
SARS-CoV-2 variant,GISAID,Latvia,2025-W34,SARS-CoV-2,2-week count of sequences,total,0,No data
SARS-CoV-2 variant,GISAID,Latvia,2025-W33,SARS-CoV-2,2-week count of sequences,total,0,No data
SARS-CoV-2 variant,GISAID,Latvia,2025-W32,SARS-CoV-2,2-week count of sequences,total,0,No data
SARS-CoV-2 variant,GISAID,Latvia,2025-W31,SARS-CoV-2,2-week count of sequences,total,0,No data
SARS-CoV-2 variant,GISAID,Latvia,2025-W30,SARS-CoV-2,2-week count of sequences,total,0,No data
SARS-CoV-2 variant,GISAID,Latvia,2025-W29,SARS-CoV-2,2-week count of sequences,total,0,No data
SARS-CoV-2 variant,GISAID,Latvia,2025-W28,SARS-CoV-2,2-week count of sequences,total,0,No data
SARS-CoV-2 variant,GISAID,Latvia,2025-W27,SARS-CoV-2,2-week count of sequences,total,0,No data
SARS-CoV-2 variant,GISAID,Latvia,2025-W26,SARS-CoV-2,2-week count of sequences,total,0,No data
SARS-CoV-2 variant,GISAID,Latvia,2025-W25,SARS-CoV-2,2-week count of sequences,total,0,No data
SARS-CoV-2 variant,GISAID,Latvia,2025-W24,SARS-CoV-2,2-week count of sequences,total,0,No data
SARS-CoV-2 variant,GISAID,Latvia,2025-W23,SARS-CoV-2,2-week count of sequences,total,0,No data
SARS-CoV-2 variant,GISAID,Latvia,2025-W22,SARS-CoV-2,2-week count of sequences,total,0,No data
SARS-CoV-2 variant,GISAID,Latvia,2025-W21,SARS-CoV-2,2-week count of sequences,total,0,No data
SARS-CoV-2 variant,GISAID,Latvia,2025-W20,SARS-CoV-2,2-week count of sequences,total,0,No data
SARS-CoV-2 variant,GISAID,Latvia,2025-W19,SARS-CoV-2,2-week count of sequences,total,0,No data
SARS-CoV-2 variant,GISAID,Latvia,2025-W18,SARS-CoV-2,2-week count of sequences,total,0,No data
SARS-CoV-2 variant,GISAID,Latvia,2025-W17,SARS-CoV-2,2-week count of sequences,total,0,No data
SARS-CoV-2 variant,GISAID,Latvia,2025-W16,SARS-CoV-2,2-week count of sequences,total,0,No data
SARS-CoV-2 variant,GISAID,Latvia,2025-W15,SARS-CoV-2,2-week count of sequences,total,0,No data
SARS-CoV-2 variant,GISAID,Latvia,2025-W14,SARS-CoV-2,2-week count of sequences,total,0,No data
SARS-CoV-2 variant,GISAID,Latvia,2025-W13,SARS-CoV-2,2-week count of sequences,total,0,No data
SARS-CoV-2 variant,GISAID,Latvia,2025-W12,SARS-CoV-2,2-week count of sequences,total,0,No data
SARS-CoV-2 variant,GISAID,Latvia,2025-W11,SARS-CoV-2,2-week count of sequences,total,0,No data
SARS-CoV-2 variant,GISAID,Latvia,2025-W10,SARS-CoV-2,2-week count of sequences,total,0,No data
SARS-CoV-2 variant,GISAID,Latvia,2025-W09,SARS-CoV-2,2-week count of sequences,total,0,No data
SARS-CoV-2 variant,GISAID,Latvia,2025-W08,SARS-CoV-2,2-week count of sequences,total,0,No data
SARS-CoV-2 variant,GISAID,Latvia,2025-W07,SARS-CoV-2,2-week count of sequences,total,0,No data
SARS-CoV-2 variant,GISAID,Latvia,2025-W06,SARS-CoV-2,2-week count of sequences,total,0,No data
SARS-CoV-2 variant,GISAID,Latvia,2025-W05,SARS-CoV-2,2-week count of sequences,total,0,No data
SARS-CoV-2 variant,GISAID,Latvia,2025-W04,SARS-CoV-2,2-week count of sequences,total,0,No data
SARS-CoV-2 variant,GISAID,Latvia,2025-W03,SARS-CoV-2,2-week count of sequences,total,0,No data
SARS-CoV-2 variant,GISAID,Latvia,2025-W02,SARS-CoV-2,2-week count of sequences,total,0,No data
SARS-CoV-2 variant,GISAID,Latvia,2025-W01,SARS-CoV-2,2-week count of sequences,total,0,No data
SARS-CoV-2 variant,GISAID,Latvia,2024-W52,SARS-CoV-2,2-week count of sequences,total,0,No data
SARS-CoV-2 variant,GISAID,Latvia,2024-W51,SARS-CoV-2,2-week count of sequences,total,0,No data
SARS-CoV-2 variant,GISAID,Latvia,2024-W50,SARS-CoV-2,2-week count of sequences,total,0,No data
SARS-CoV-2 variant,GISAID,Latvia,2024-W49,SARS-CoV-2,2-week count of sequences,total,0,No data
SARS-CoV-2 variant,GISAID,Latvia,2024-W48,SARS-CoV-2,2-week count of sequences,total,0,No data
SARS-CoV-2 variant,GISAID,Latvia,2024-W47,SARS-CoV-2,2-week count of sequences,total,0,No data
SARS-CoV-2 variant,GISAID,Latvia,2024-W46,SARS-CoV-2,2-week count of sequences,total,0,No data
SARS-CoV-2 variant,GISAID,Latvia,2024-W45,SARS-CoV-2,2-week count of sequences,total,0,No data
SARS-CoV-2 variant,GISAID,Latvia,2024-W44,SARS-CoV-2,2-week count of sequences,total,0,No data
SARS-CoV-2 variant,GISAID,Latvia,2024-W43,SARS-CoV-2,2-week count of sequences,total,0,No data
SARS-CoV-2 variant,GISAID,Latvia,2024-W42,SARS-CoV-2,2-week count of sequences,total,0,No data
SARS-CoV-2 variant,GISAID,Latvia,2024-W41,SARS-CoV-2,2-week count of sequences,total,0,No data
SARS-CoV-2 variant,GISAID,Latvia,2024-W40,SARS-CoV-2,2-week count of sequences,total,0,No data
SARS-CoV-2 variant,GISAID,Latvia,2024-W39,SARS-CoV-2,2-week count of sequences,total,0,No data
SARS-CoV-2 variant,GISAID,Latvia,2024-W38,SARS-CoV-2,2-week count of sequences,total,0,No data
SARS-CoV-2 variant,GISAID,Latvia,2024-W37,SARS-CoV-2,2-week count of sequences,total,0,No data
SARS-CoV-2 variant,GISAID,Latvia,2024-W36,SARS-CoV-2,2-week count of sequences,total,0,No data
SARS-CoV-2 variant,GISAID,Latvia,2024-W35,SARS-CoV-2,2-week count of sequences,total,0,No data
SARS-CoV-2 variant,GISAID,Latvia,2024-W34,SARS-CoV-2,2-week count of sequences,total,0,No data
SARS-CoV-2 variant,GISAID,Latvia,2024-W33,SARS-CoV-2,2-week count of sequences,total,0,No data
SARS-CoV-2 variant,GISAID,Latvia,2024-W32,SARS-CoV-2,2-week count of sequences,total,0,No data
SARS-CoV-2 variant,GISAID,Latvia,2024-W31,SARS-CoV-2,2-week count of sequences,total,0,No data
SARS-CoV-2 variant,GISAID,Latvia,2024-W30,SARS-CoV-2,2-week count of sequences,total,0,No data
SARS-CoV-2 variant,GISAID,Latvia,2024-W29,SARS-CoV-2,2-week count of sequences,total,0,No data
SARS-CoV-2 variant,GISAID,Latvia,2024-W28,SARS-CoV-2,2-week count of sequences,total,0,No data
SARS-CoV-2 variant,GISAID,Latvia,2024-W27,SARS-CoV-2,2-week count of sequences,total,0,No data
SARS-CoV-2 variant,GISAID,Latvia,2024-W26,SARS-CoV-2,2-week count of sequences,total,0,No data
SARS-CoV-2 variant,GISAID,Latvia,2024-W25,SARS-CoV-2,2-week count of sequences,total,0,No data
SARS-CoV-2 variant,GISAID,Latvia,2024-W24,SARS-CoV-2,2-week count of sequences,total,0,No data
SARS-CoV-2 variant,GISAID,Latvia,2024-W23,SARS-CoV-2,2-week count of sequences,total,0,No data
SARS-CoV-2 variant,GISAID,Latvia,2024-W22,SARS-CoV-2,2-week count of sequences,total,0,No data
SARS-CoV-2 variant,GISAID,Latvia,2024-W21,SARS-CoV-2,2-week count of sequences,total,0,No data
SARS-CoV-2 variant,GISAID,Latvia,2024-W20,SARS-CoV-2,2-week count of sequences,total,0,No data
SARS-CoV-2 variant,GISAID,Latvia,2024-W19,SARS-CoV-2,2-week count of sequences,total,0,No data
SARS-CoV-2 variant,GISAID,Latvia,2024-W18,SARS-CoV-2,2-week count of sequences,total,0,No data
SARS-CoV-2 variant,GISAID,Latvia,2024-W17,SARS-CoV-2,2-week count of sequences,total,0,No data
SARS-CoV-2 variant,GISAID,Latvia,2024-W16,SARS-CoV-2,2-week count of sequences,total,0,No data
SARS-CoV-2 variant,GISAID,Latvia,2024-W15,SARS-CoV-2,2-week count of sequences,total,0,No data
SARS-CoV-2 variant,GISAID,Latvia,2024-W14,SARS-CoV-2,2-week count of sequences,total,0,No data
SARS-CoV-2 variant,GISAID,Latvia,2024-W13,SARS-CoV-2,2-week count of sequences,total,0,No data
SARS-CoV-2 variant,GISAID,Latvia,2024-W12,SARS-CoV-2,2-week count of sequences,total,0,No data
SARS-CoV-2 variant,GISAID,Latvia,2024-W11,SARS-CoV-2,2-week count of sequences,total,0,No data
SARS-CoV-2 variant,GISAID,Latvia,2024-W10,SARS-CoV-2,2-week count of sequences,total,0,No data
SARS-CoV-2 variant,GISAID,Latvia,2024-W09,SARS-CoV-2,2-week count of sequences,total,0,No data
SARS-CoV-2 variant,GISAID,Latvia,2024-W08,SARS-CoV-2,2-week count of sequences,total,0,No data
SARS-CoV-2 variant,GISAID,Latvia,2024-W07,SARS-CoV-2,2-week count of sequences,total,0,No data
SARS-CoV-2 variant,GISAID,Latvia,2024-W06,SARS-CoV-2,2-week count of sequences,total,0,No data
SARS-CoV-2 variant,GISAID,Latvia,2024-W05,SARS-CoV-2,2-week count of sequences,total,0,No data
SARS-CoV-2 variant,GISAID,Latvia,2024-W04,SARS-CoV-2,2-week count of sequences,total,0,No data
SARS-CoV-2 variant,GISAID,Latvia,2024-W03,SARS-CoV-2,2-week count of sequences,total,0,No data
SARS-CoV-2 variant,GISAID,Latvia,2024-W02,SARS-CoV-2,2-week count of sequences,total,0,No data
SARS-CoV-2 variant,GISAID,Latvia,2024-W01,SARS-CoV-2,2-week count of sequences,total,0,No data
SARS-CoV-2 variant,GISAID,Latvia,2023-W52,SARS-CoV-2,2-week count of sequences,total,0,No data
SARS-CoV-2 variant,GISAID,Latvia,2023-W51,SARS-CoV-2,2-week count of sequences,total,0,No data
SARS-CoV-2 variant,GISAID,Latvia,2023-W50,SARS-CoV-2,2-week count of sequences,total,0,No data
SARS-CoV-2 variant,GISAID,Latvia,2023-W49,SARS-CoV-2,2-week count of sequences,total,0,No data
SARS-CoV-2 variant,GISAID,Latvia,2023-W48,SARS-CoV-2,2-week count of sequences,total,0,No data
SARS-CoV-2 variant,GISAID,Latvia,2023-W47,SARS-CoV-2,2-week count of sequences,total,0,No data
SARS-CoV-2 variant,GISAID,Latvia,2023-W46,SARS-CoV-2,2-week count of sequences,total,0,No data
SARS-CoV-2 variant,GISAID,Latvia,2023-W45,SARS-CoV-2,2-week count of sequences,total,0,No data
SARS-CoV-2 variant,GISAID,Latvia,2023-W44,SARS-CoV-2,2-week count of sequences,total,0,No data
SARS-CoV-2 variant,GISAID,Latvia,2023-W43,SARS-CoV-2,2-week count of sequences,total,0,No data
SARS-CoV-2 variant,GISAID,Latvia,2023-W42,SARS-CoV-2,2-week count of sequences,total,0,No data
SARS-CoV-2 variant,GISAID,Latvia,2023-W41,SARS-CoV-2,2-week count of sequences,total,0,No data
SARS-CoV-2 variant,GISAID,Latvia,2023-W40,SARS-CoV-2,2-week count of sequences,total,0,No data
SARS-CoV-2 variant,GISAID,Latvia,2023-W39,SARS-CoV-2,2-week count of sequences,total,0,No data
SARS-CoV-2 variant,GISAID,Latvia,2023-W38,SARS-CoV-2,2-week count of sequences,total,0,No data
SARS-CoV-2 variant,GISAID,Latvia,2023-W37,SARS-CoV-2,2-week count of sequences,total,0,No data
SARS-CoV-2 variant,GISAID,Latvia,2023-W36,SARS-CoV-2,2-week count of sequences,total,0,No data
SARS-CoV-2 variant,GISAID,Latvia,2023-W35,SARS-CoV-2,2-week count of sequences,total,0,No data
SARS-CoV-2 variant,GISAID,Latvia,2023-W34,SARS-CoV-2,2-week count of sequences,total,0,No data
SARS-CoV-2 variant,GISAID,Latvia,2023-W33,SARS-CoV-2,2-week count of sequences,total,0,No data
SARS-CoV-2 variant,GISAID,Latvia,2023-W32,SARS-CoV-2,2-week count of sequences,total,0,No data
SARS-CoV-2 variant,GISAID,Latvia,2023-W31,SARS-CoV-2,2-week count of sequences,total,0,No data
SARS-CoV-2 variant,GISAID,Latvia,2023-W30,SARS-CoV-2,2-week count of sequences,total,0,No data
SARS-CoV-2 variant,GISAID,Latvia,2023-W29,SARS-CoV-2,2-week count of sequences,total,0,No data
SARS-CoV-2 variant,GISAID,Latvia,2023-W28,SARS-CoV-2,2-week count of sequences,total,0,No data
SARS-CoV-2 variant,GISAID,Latvia,2023-W27,SARS-CoV-2,2-week count of sequences,total,0,No data
SARS-CoV-2 variant,GISAID,Latvia,2023-W26,SARS-CoV-2,2-week count of sequences,total,0,No data
SARS-CoV-2 variant,GISAID,Latvia,2023-W25,SARS-CoV-2,2-week count of sequences,total,0,No data
SARS-CoV-2 variant,GISAID,Latvia,2023-W24,SARS-CoV-2,2-week count of sequences,total,0,No data
SARS-CoV-2 variant,GISAID,Latvia,2023-W23,SARS-CoV-2,2-week count of sequences,total,0,No data
SARS-CoV-2 variant,GISAID,Latvia,2023-W22,SARS-CoV-2,2-week count of sequences,total,0,No data
SARS-CoV-2 variant,GISAID,Latvia,2023-W21,SARS-CoV-2,2-week count of sequences,total,0,No data
SARS-CoV-2 variant,GISAID,Latvia,2023-W20,SARS-CoV-2,2-week count of sequences,total,0,No data
SARS-CoV-2 variant,GISAID,Latvia,2023-W19,SARS-CoV-2,2-week count of sequences,total,0,No data
SARS-CoV-2 variant,GISAID,Latvia,2023-W18,SARS-CoV-2,2-week count of sequences,total,0,No data
SARS-CoV-2 variant,GISAID,Latvia,2023-W17,SARS-CoV-2,2-week count of sequences,total,0,No data
SARS-CoV-2 variant,GISAID,Latvia,2023-W16,SARS-CoV-2,2-week count of sequences,total,0,No data
SARS-CoV-2 variant,GISAID,Latvia,2023-W15,SARS-CoV-2,2-week count of sequences,total,0,No data
SARS-CoV-2 variant,GISAID,Latvia,2023-W14,SARS-CoV-2,2-week count of sequences,total,0,No data
SARS-CoV-2 variant,GISAID,Latvia,2023-W13,SARS-CoV-2,2-week count of sequences,total,0,No data
SARS-CoV-2 variant,GISAID,Latvia,2023-W12,SARS-CoV-2,2-week count of sequences,total,0,No data
SARS-CoV-2 variant,GISAID,Latvia,2023-W11,SARS-CoV-2,2-week count of sequences,total,0,No data
SARS-CoV-2 variant,GISAID,Latvia,2023-W10,SARS-CoV-2,2-week count of sequences,total,0,No data
SARS-CoV-2 variant,GISAID,Latvia,2023-W09,SARS-CoV-2,2-week count of sequences,total,0,No data
SARS-CoV-2 variant,GISAID,Latvia,2023-W08,SARS-CoV-2,2-week count of sequences,total,0,No data
SARS-CoV-2 variant,GISAID,Latvia,2023-W07,SARS-CoV-2,2-week count of sequences,total,0,No data
SARS-CoV-2 variant,GISAID,Latvia,2023-W06,SARS-CoV-2,2-week count of sequences,total,0,No data
SARS-CoV-2 variant,GISAID,Latvia,2023-W05,SARS-CoV-2,2-week count of sequences,total,0,No data
SARS-CoV-2 variant,GISAID,Latvia,2023-W04,SARS-CoV-2,2-week count of sequences,total,0,No data
SARS-CoV-2 variant,GISAID,Latvia,2023-W03,SARS-CoV-2,2-week count of sequences,total,0,No data
SARS-CoV-2 variant,GISAID,Latvia,2023-W02,SARS-CoV-2,2-week count of sequences,total,0,No data
SARS-CoV-2 variant,GISAID,Latvia,2023-W01,SARS-CoV-2,2-week count of sequences,total,0,No data
SARS-CoV-2 variant,GISAID,Latvia,2022-W52,SARS-CoV-2,2-week count of sequences,total,22,>15%
SARS-CoV-2 variant,GISAID,Latvia,2022-W51,SARS-CoV-2,2-week count of sequences,total,74,>5% to 10%
SARS-CoV-2 variant,GISAID,Latvia,2022-W50,SARS-CoV-2,2-week count of sequences,total,142,>2.5% to 5%
SARS-CoV-2 variant,GISAID,Latvia,2022-W49,SARS-CoV-2,2-week count of sequences,total,203,>2.5% to 5%
SARS-CoV-2 variant,GISAID,Latvia,2022-W48,SARS-CoV-2,2-week count of sequences,total,144,>2.5% to 5%
SARS-CoV-2 variant,GISAID,Latvia,2022-W47,SARS-CoV-2,2-week count of sequences,total,239,>2.5% to 5%
SARS-CoV-2 variant,GISAID,Latvia,2022-W46,SARS-CoV-2,2-week count of sequences,total,603,>1% to 2.5%
SARS-CoV-2 variant,GISAID,Latvia,2022-W45,SARS-CoV-2,2-week count of sequences,total,792,≤1%
SARS-CoV-2 variant,GISAID,Latvia,2022-W44,SARS-CoV-2,2-week count of sequences,total,698,≤1%
SARS-CoV-2 variant,GISAID,Latvia,2022-W43,SARS-CoV-2,2-week count of sequences,total,924,≤1%
SARS-CoV-2 variant,GISAID,Latvia,2022-W42,SARS-CoV-2,2-week count of sequences,total,1234,≤1%
SARS-CoV-2 variant,GISAID,Latvia,2022-W41,SARS-CoV-2,2-week count of sequences,total,1013,≤1%
SARS-CoV-2 variant,GISAID,Latvia,2022-W40,SARS-CoV-2,2-week count of sequences,total,1110,≤1%
SARS-CoV-2 variant,GISAID,Latvia,2022-W39,SARS-CoV-2,2-week count of sequences,total,1381,≤1%
SARS-CoV-2 variant,GISAID,Latvia,2022-W38,SARS-CoV-2,2-week count of sequences,total,1534,≤1%
SARS-CoV-2 variant,GISAID,Latvia,2022-W37,SARS-CoV-2,2-week count of sequences,total,1471,≤1%
SARS-CoV-2 variant,GISAID,Latvia,2022-W36,SARS-CoV-2,2-week count of sequences,total,1036,≤1%
SARS-CoV-2 variant,GISAID,Latvia,2022-W35,SARS-CoV-2,2-week count of sequences,total,767,≤1%
SARS-CoV-2 variant,GISAID,Latvia,2022-W34,SARS-CoV-2,2-week count of sequences,total,721,≤1%
SARS-CoV-2 variant,GISAID,Latvia,2022-W33,SARS-CoV-2,2-week count of sequences,total,939,≤1%
SARS-CoV-2 variant,GISAID,Latvia,2022-W32,SARS-CoV-2,2-week count of sequences,total,857,≤1%
SARS-CoV-2 variant,GISAID,Latvia,2022-W31,SARS-CoV-2,2-week count of sequences,total,624,≤1%
SARS-CoV-2 variant,GISAID,Latvia,2022-W30,SARS-CoV-2,2-week count of sequences,total,552,>1% to 2.5%
SARS-CoV-2 variant,GISAID,Latvia,2022-W29,SARS-CoV-2,2-week count of sequences,total,314,>1% to 2.5%
SARS-CoV-2 variant,GISAID,Latvia,2022-W28,SARS-CoV-2,2-week count of sequences,total,219,>2.5% to 5%
SARS-CoV-2 variant,GISAID,Latvia,2022-W27,SARS-CoV-2,2-week count of sequences,total,183,>2.5% to 5%
SARS-CoV-2 variant,GISAID,Latvia,2022-W26,SARS-CoV-2,2-week count of sequences,total,97,>5% to 10%
SARS-CoV-2 variant,GISAID,Latvia,2022-W25,SARS-CoV-2,2-week count of sequences,total,45,>10% to 15%
SARS-CoV-2 variant,GISAID,Liechtenstein,2026-W36,SARS-CoV-2,2-week count of sequences,total,0,No data
SARS-CoV-2 variant,GISAID,Liechtenstein,2026-W35,SARS-CoV-2,2-week count of sequences,total,0,No data
SARS-CoV-2 variant,GISAID,Liechtenstein,2026-W34,SARS-CoV-2,2-week count of sequences,total,0,No data
SARS-CoV-2 variant,GISAID,Liechtenstein,2026-W33,SARS-CoV-2,2-week count of sequences,total,0,No data
SARS-CoV-2 variant,GISAID,Liechtenstein,2026-W32,SARS-CoV-2,2-week count of sequences,total,0,No data
SARS-CoV-2 variant,GISAID,Liechtenstein,2026-W31,SARS-CoV-2,2-week count of sequences,total,0,No data
SARS-CoV-2 variant,GISAID,Liechtenstein,2026-W30,SARS-CoV-2,2-week count of sequences,total,0,No data
SARS-CoV-2 variant,GISAID,Liechtenstein,2026-W29,SARS-CoV-2,2-week count of sequences,total,0,No data
SARS-CoV-2 variant,GISAID,Liechtenstein,2026-W28,SARS-CoV-2,2-week count of sequences,total,0,No data
SARS-CoV-2 variant,GISAID,Liechtenstein,2026-W27,SARS-CoV-2,2-week count of sequences,total,0,No data
SARS-CoV-2 variant,GISAID,Liechtenstein,2026-W26,SARS-CoV-2,2-week count of sequences,total,0,No data
SARS-CoV-2 variant,GISAID,Liechtenstein,2026-W25,SARS-CoV-2,2-week count of sequences,total,0,No data
SARS-CoV-2 variant,GISAID,Liechtenstein,2026-W24,SARS-CoV-2,2-week count of sequences,total,0,No data
SARS-CoV-2 variant,GISAID,Liechtenstein,2026-W23,SARS-CoV-2,2-week count of sequences,total,0,No data
SARS-CoV-2 variant,GISAID,Liechtenstein,2026-W22,SARS-CoV-2,2-week count of sequences,total,0,No data
SARS-CoV-2 variant,GISAID,Liechtenstein,2026-W21,SARS-CoV-2,2-week count of sequences,total,0,No data
SARS-CoV-2 variant,GISAID,Liechtenstein,2026-W20,SARS-CoV-2,2-week count of sequences,total,0,No data
SARS-CoV-2 variant,GISAID,Liechtenstein,2026-W19,SARS-CoV-2,2-week count of sequences,total,0,No data
SARS-CoV-2 variant,GISAID,Liechtenstein,2026-W18,SARS-CoV-2,2-week count of sequences,total,0,No data
SARS-CoV-2 variant,GISAID,Liechtenstein,2026-W17,SARS-CoV-2,2-week count of sequences,total,0,No data
SARS-CoV-2 variant,GISAID,Liechtenstein,2026-W16,SARS-CoV-2,2-week count of sequences,total,0,No data
SARS-CoV-2 variant,GISAID,Liechtenstein,2026-W15,SARS-CoV-2,2-week count of sequences,total,0,No data
SARS-CoV-2 variant,GISAID,Liechtenstein,2026-W14,SARS-CoV-2,2-week count of sequences,total,0,No data
SARS-CoV-2 variant,GISAID,Liechtenstein,2026-W13,SARS-CoV-2,2-week count of sequences,total,0,No data
SARS-CoV-2 variant,GISAID,Liechtenstein,2026-W12,SARS-CoV-2,2-week count of sequences,total,0,No data
SARS-CoV-2 variant,GISAID,Liechtenstein,2026-W11,SARS-CoV-2,2-week count of sequences,total,0,No data
SARS-CoV-2 variant,GISAID,Liechtenstein,2026-W10,SARS-CoV-2,2-week count of sequences,total,0,No data
SARS-CoV-2 variant,GISAID,Liechtenstein,2026-W09,SARS-CoV-2,2-week count of sequences,total,0,No data
SARS-CoV-2 variant,GISAID,Liechtenstein,2026-W08,SARS-CoV-2,2-week count of sequences,total,0,No data
SARS-CoV-2 variant,GISAID,Liechtenstein,2026-W07,SARS-CoV-2,2-week count of sequences,total,0,No data
SARS-CoV-2 variant,GISAID,Liechtenstein,2026-W06,SARS-CoV-2,2-week count of sequences,total,0,No data
SARS-CoV-2 variant,GISAID,Liechtenstein,2026-W05,SARS-CoV-2,2-week count of sequences,total,0,No data
SARS-CoV-2 variant,GISAID,Liechtenstein,2026-W04,SARS-CoV-2,2-week count of sequences,total,0,No data
SARS-CoV-2 variant,GISAID,Liechtenstein,2026-W03,SARS-CoV-2,2-week count of sequences,total,0,No data
SARS-CoV-2 variant,GISAID,Liechtenstein,2026-W02,SARS-CoV-2,2-week count of sequences,total,0,No data
SARS-CoV-2 variant,GISAID,Liechtenstein,2026-W01,SARS-CoV-2,2-week count of sequences,total,0,No data
SARS-CoV-2 variant,GISAID,Liechtenstein,2025-W52,SARS-CoV-2,2-week count of sequences,total,0,No data
SARS-CoV-2 variant,GISAID,Liechtenstein,2025-W51,SARS-CoV-2,2-week count of sequences,total,0,No data
SARS-CoV-2 variant,GISAID,Liechtenstein,2025-W50,SARS-CoV-2,2-week count of sequences,total,0,No data
SARS-CoV-2 variant,GISAID,Liechtenstein,2025-W49,SARS-CoV-2,2-week count of sequences,total,0,No data
SARS-CoV-2 variant,GISAID,Liechtenstein,2025-W48,SARS-CoV-2,2-week count of sequences,total,0,No data
SARS-CoV-2 variant,GISAID,Liechtenstein,2025-W47,SARS-CoV-2,2-week count of sequences,total,0,No data
SARS-CoV-2 variant,GISAID,Liechtenstein,2025-W46,SARS-CoV-2,2-week count of sequences,total,0,No data
SARS-CoV-2 variant,GISAID,Liechtenstein,2025-W45,SARS-CoV-2,2-week count of sequences,total,0,No data
SARS-CoV-2 variant,GISAID,Liechtenstein,2025-W44,SARS-CoV-2,2-week count of sequences,total,0,No data
SARS-CoV-2 variant,GISAID,Liechtenstein,2025-W43,SARS-CoV-2,2-week count of sequences,total,0,No data
SARS-CoV-2 variant,GISAID,Liechtenstein,2025-W42,SARS-CoV-2,2-week count of sequences,total,0,No data
SARS-CoV-2 variant,GISAID,Liechtenstein,2025-W41,SARS-CoV-2,2-week count of sequences,total,0,No data
SARS-CoV-2 variant,GISAID,Liechtenstein,2025-W40,SARS-CoV-2,2-week count of sequences,total,0,No data
SARS-CoV-2 variant,GISAID,Liechtenstein,2025-W39,SARS-CoV-2,2-week count of sequences,total,0,No data
SARS-CoV-2 variant,GISAID,Liechtenstein,2025-W38,SARS-CoV-2,2-week count of sequences,total,0,No data
SARS-CoV-2 variant,GISAID,Liechtenstein,2025-W37,SARS-CoV-2,2-week count of sequences,total,0,No data
SARS-CoV-2 variant,GISAID,Liechtenstein,2025-W36,SARS-CoV-2,2-week count of sequences,total,0,No data
SARS-CoV-2 variant,GISAID,Liechtenstein,2025-W35,SARS-CoV-2,2-week count of sequences,total,0,No data
SARS-CoV-2 variant,GISAID,Liechtenstein,2025-W34,SARS-CoV-2,2-week count of sequences,total,0,No data
SARS-CoV-2 variant,GISAID,Liechtenstein,2025-W33,SARS-CoV-2,2-week count of sequences,total,0,No data
SARS-CoV-2 variant,GISAID,Liechtenstein,2025-W32,SARS-CoV-2,2-week count of sequences,total,0,No data
SARS-CoV-2 variant,GISAID,Liechtenstein,2025-W31,SARS-CoV-2,2-week count of sequences,total,0,No data
SARS-CoV-2 variant,GISAID,Liechtenstein,2025-W30,SARS-CoV-2,2-week count of sequences,total,0,No data
SARS-CoV-2 variant,GISAID,Liechtenstein,2025-W29,SARS-CoV-2,2-week count of sequences,total,0,No data
SARS-CoV-2 variant,GISAID,Liechtenstein,2025-W28,SARS-CoV-2,2-week count of sequences,total,0,No data
SARS-CoV-2 variant,GISAID,Liechtenstein,2025-W27,SARS-CoV-2,2-week count of sequences,total,0,No data
SARS-CoV-2 variant,GISAID,Liechtenstein,2025-W26,SARS-CoV-2,2-week count of sequences,total,0,No data
SARS-CoV-2 variant,GISAID,Liechtenstein,2025-W25,SARS-CoV-2,2-week count of sequences,total,0,No data
SARS-CoV-2 variant,GISAID,Liechtenstein,2025-W24,SARS-CoV-2,2-week count of sequences,total,0,No data
SARS-CoV-2 variant,GISAID,Liechtenstein,2025-W23,SARS-CoV-2,2-week count of sequences,total,0,No data
SARS-CoV-2 variant,GISAID,Liechtenstein,2025-W22,SARS-CoV-2,2-week count of sequences,total,0,No data
SARS-CoV-2 variant,GISAID,Liechtenstein,2025-W21,SARS-CoV-2,2-week count of sequences,total,0,No data
SARS-CoV-2 variant,GISAID,Liechtenstein,2025-W20,SARS-CoV-2,2-week count of sequences,total,0,No data
SARS-CoV-2 variant,GISAID,Liechtenstein,2025-W19,SARS-CoV-2,2-week count of sequences,total,0,No data
SARS-CoV-2 variant,GISAID,Liechtenstein,2025-W18,SARS-CoV-2,2-week count of sequences,total,0,No data
SARS-CoV-2 variant,GISAID,Liechtenstein,2025-W17,SARS-CoV-2,2-week count of sequences,total,0,No data
SARS-CoV-2 variant,GISAID,Liechtenstein,2025-W16,SARS-CoV-2,2-week count of sequences,total,0,No data
SARS-CoV-2 variant,GISAID,Liechtenstein,2025-W15,SARS-CoV-2,2-week count of sequences,total,0,No data
SARS-CoV-2 variant,GISAID,Liechtenstein,2025-W14,SARS-CoV-2,2-week count of sequences,total,0,No data
SARS-CoV-2 variant,GISAID,Liechtenstein,2025-W13,SARS-CoV-2,2-week count of sequences,total,0,No data
SARS-CoV-2 variant,GISAID,Liechtenstein,2025-W12,SARS-CoV-2,2-week count of sequences,total,0,No data
SARS-CoV-2 variant,GISAID,Liechtenstein,2025-W11,SARS-CoV-2,2-week count of sequences,total,0,No data
SARS-CoV-2 variant,GISAID,Liechtenstein,2025-W10,SARS-CoV-2,2-week count of sequences,total,0,No data
SARS-CoV-2 variant,GISAID,Liechtenstein,2025-W09,SARS-CoV-2,2-week count of sequences,total,0,No data
SARS-CoV-2 variant,GISAID,Liechtenstein,2025-W08,SARS-CoV-2,2-week count of sequences,total,0,No data
SARS-CoV-2 variant,GISAID,Liechtenstein,2025-W07,SARS-CoV-2,2-week count of sequences,total,0,No data
SARS-CoV-2 variant,GISAID,Liechtenstein,2025-W06,SARS-CoV-2,2-week count of sequences,total,0,No data
SARS-CoV-2 variant,GISAID,Liechtenstein,2025-W05,SARS-CoV-2,2-week count of sequences,total,0,No data
SARS-CoV-2 variant,GISAID,Liechtenstein,2025-W04,SARS-CoV-2,2-week count of sequences,total,0,No data
SARS-CoV-2 variant,GISAID,Liechtenstein,2025-W03,SARS-CoV-2,2-week count of sequences,total,0,No data
SARS-CoV-2 variant,GISAID,Liechtenstein,2025-W02,SARS-CoV-2,2-week count of sequences,total,0,No data
SARS-CoV-2 variant,GISAID,Liechtenstein,2025-W01,SARS-CoV-2,2-week count of sequences,total,0,No data
SARS-CoV-2 variant,GISAID,Liechtenstein,2024-W52,SARS-CoV-2,2-week count of sequences,total,0,No data
SARS-CoV-2 variant,GISAID,Liechtenstein,2024-W51,SARS-CoV-2,2-week count of sequences,total,0,No data
SARS-CoV-2 variant,GISAID,Liechtenstein,2024-W50,SARS-CoV-2,2-week count of sequences,total,0,No data
SARS-CoV-2 variant,GISAID,Liechtenstein,2024-W49,SARS-CoV-2,2-week count of sequences,total,0,No data
SARS-CoV-2 variant,GISAID,Liechtenstein,2024-W48,SARS-CoV-2,2-week count of sequences,total,0,No data
SARS-CoV-2 variant,GISAID,Liechtenstein,2024-W47,SARS-CoV-2,2-week count of sequences,total,0,No data
SARS-CoV-2 variant,GISAID,Liechtenstein,2024-W46,SARS-CoV-2,2-week count of sequences,total,0,No data
SARS-CoV-2 variant,GISAID,Liechtenstein,2024-W45,SARS-CoV-2,2-week count of sequences,total,0,No data
SARS-CoV-2 variant,GISAID,Liechtenstein,2024-W44,SARS-CoV-2,2-week count of sequences,total,0,No data
SARS-CoV-2 variant,GISAID,Liechtenstein,2024-W43,SARS-CoV-2,2-week count of sequences,total,0,No data
SARS-CoV-2 variant,GISAID,Liechtenstein,2024-W42,SARS-CoV-2,2-week count of sequences,total,0,No data
SARS-CoV-2 variant,GISAID,Liechtenstein,2024-W41,SARS-CoV-2,2-week count of sequences,total,0,No data
SARS-CoV-2 variant,GISAID,Liechtenstein,2024-W40,SARS-CoV-2,2-week count of sequences,total,0,No data
SARS-CoV-2 variant,GISAID,Liechtenstein,2024-W39,SARS-CoV-2,2-week count of sequences,total,0,No data
SARS-CoV-2 variant,GISAID,Liechtenstein,2024-W38,SARS-CoV-2,2-week count of sequences,total,0,No data
SARS-CoV-2 variant,GISAID,Liechtenstein,2024-W37,SARS-CoV-2,2-week count of sequences,total,0,No data
SARS-CoV-2 variant,GISAID,Liechtenstein,2024-W36,SARS-CoV-2,2-week count of sequences,total,0,No data
SARS-CoV-2 variant,GISAID,Liechtenstein,2024-W35,SARS-CoV-2,2-week count of sequences,total,0,No data
SARS-CoV-2 variant,GISAID,Liechtenstein,2024-W34,SARS-CoV-2,2-week count of sequences,total,0,No data
SARS-CoV-2 variant,GISAID,Liechtenstein,2024-W33,SARS-CoV-2,2-week count of sequences,total,0,No data
SARS-CoV-2 variant,GISAID,Liechtenstein,2024-W32,SARS-CoV-2,2-week count of sequences,total,0,No data
SARS-CoV-2 variant,GISAID,Liechtenstein,2024-W31,SARS-CoV-2,2-week count of sequences,total,0,No data
SARS-CoV-2 variant,GISAID,Liechtenstein,2024-W30,SARS-CoV-2,2-week count of sequences,total,0,No data
SARS-CoV-2 variant,GISAID,Liechtenstein,2024-W29,SARS-CoV-2,2-week count of sequences,total,0,No data
SARS-CoV-2 variant,GISAID,Liechtenstein,2024-W28,SARS-CoV-2,2-week count of sequences,total,0,No data
SARS-CoV-2 variant,GISAID,Liechtenstein,2024-W27,SARS-CoV-2,2-week count of sequences,total,0,No data
SARS-CoV-2 variant,GISAID,Liechtenstein,2024-W26,SARS-CoV-2,2-week count of sequences,total,0,No data
SARS-CoV-2 variant,GISAID,Liechtenstein,2024-W25,SARS-CoV-2,2-week count of sequences,total,0,No data
SARS-CoV-2 variant,GISAID,Liechtenstein,2024-W24,SARS-CoV-2,2-week count of sequences,total,0,No data
SARS-CoV-2 variant,GISAID,Liechtenstein,2024-W23,SARS-CoV-2,2-week count of sequences,total,0,No data
SARS-CoV-2 variant,GISAID,Liechtenstein,2024-W22,SARS-CoV-2,2-week count of sequences,total,0,No data
SARS-CoV-2 variant,GISAID,Liechtenstein,2024-W21,SARS-CoV-2,2-week count of sequences,total,0,No data
SARS-CoV-2 variant,GISAID,Liechtenstein,2024-W20,SARS-CoV-2,2-week count of sequences,total,0,No data
SARS-CoV-2 variant,GISAID,Liechtenstein,2024-W19,SARS-CoV-2,2-week count of sequences,total,0,No data
SARS-CoV-2 variant,GISAID,Liechtenstein,2024-W18,SARS-CoV-2,2-week count of sequences,total,0,No data
SARS-CoV-2 variant,GISAID,Liechtenstein,2024-W17,SARS-CoV-2,2-week count of sequences,total,0,No data
SARS-CoV-2 variant,GISAID,Liechtenstein,2024-W16,SARS-CoV-2,2-week count of sequences,total,0,No data
SARS-CoV-2 variant,GISAID,Liechtenstein,2024-W15,SARS-CoV-2,2-week count of sequences,total,0,No data
SARS-CoV-2 variant,GISAID,Liechtenstein,2024-W14,SARS-CoV-2,2-week count of sequences,total,0,No data
SARS-CoV-2 variant,GISAID,Liechtenstein,2024-W13,SARS-CoV-2,2-week count of sequences,total,0,No data
SARS-CoV-2 variant,GISAID,Liechtenstein,2024-W12,SARS-CoV-2,2-week count of sequences,total,0,No data
SARS-CoV-2 variant,GISAID,Liechtenstein,2024-W11,SARS-CoV-2,2-week count of sequences,total,0,No data
SARS-CoV-2 variant,GISAID,Liechtenstein,2024-W10,SARS-CoV-2,2-week count of sequences,total,0,No data
SARS-CoV-2 variant,GISAID,Liechtenstein,2024-W09,SARS-CoV-2,2-week count of sequences,total,0,No data
SARS-CoV-2 variant,GISAID,Liechtenstein,2024-W08,SARS-CoV-2,2-week count of sequences,total,0,No data
SARS-CoV-2 variant,GISAID,Liechtenstein,2024-W07,SARS-CoV-2,2-week count of sequences,total,0,No data
SARS-CoV-2 variant,GISAID,Liechtenstein,2024-W06,SARS-CoV-2,2-week count of sequences,total,0,No data
SARS-CoV-2 variant,GISAID,Liechtenstein,2024-W05,SARS-CoV-2,2-week count of sequences,total,0,No data
SARS-CoV-2 variant,GISAID,Liechtenstein,2024-W04,SARS-CoV-2,2-week count of sequences,total,0,No data
SARS-CoV-2 variant,GISAID,Liechtenstein,2024-W03,SARS-CoV-2,2-week count of sequences,total,0,No data
SARS-CoV-2 variant,GISAID,Liechtenstein,2024-W02,SARS-CoV-2,2-week count of sequences,total,0,No data
SARS-CoV-2 variant,GISAID,Liechtenstein,2024-W01,SARS-CoV-2,2-week count of sequences,total,0,No data
SARS-CoV-2 variant,GISAID,Liechtenstein,2023-W52,SARS-CoV-2,2-week count of sequences,total,0,No data
SARS-CoV-2 variant,GISAID,Liechtenstein,2023-W51,SARS-CoV-2,2-week count of sequences,total,0,No data
SARS-CoV-2 variant,GISAID,Liechtenstein,2023-W50,SARS-CoV-2,2-week count of sequences,total,0,No data
SARS-CoV-2 variant,GISAID,Liechtenstein,2023-W49,SARS-CoV-2,2-week count of sequences,total,0,No data
SARS-CoV-2 variant,GISAID,Liechtenstein,2023-W48,SARS-CoV-2,2-week count of sequences,total,0,No data
SARS-CoV-2 variant,GISAID,Liechtenstein,2023-W47,SARS-CoV-2,2-week count of sequences,total,0,No data
SARS-CoV-2 variant,GISAID,Liechtenstein,2023-W46,SARS-CoV-2,2-week count of sequences,total,0,No data
SARS-CoV-2 variant,GISAID,Liechtenstein,2023-W45,SARS-CoV-2,2-week count of sequences,total,0,No data
SARS-CoV-2 variant,GISAID,Liechtenstein,2023-W44,SARS-CoV-2,2-week count of sequences,total,0,No data
SARS-CoV-2 variant,GISAID,Liechtenstein,2023-W43,SARS-CoV-2,2-week count of sequences,total,0,No data
SARS-CoV-2 variant,GISAID,Liechtenstein,2023-W42,SARS-CoV-2,2-week count of sequences,total,0,No data
SARS-CoV-2 variant,GISAID,Liechtenstein,2023-W41,SARS-CoV-2,2-week count of sequences,total,0,No data
SARS-CoV-2 variant,GISAID,Liechtenstein,2023-W40,SARS-CoV-2,2-week count of sequences,total,0,No data
SARS-CoV-2 variant,GISAID,Liechtenstein,2023-W39,SARS-CoV-2,2-week count of sequences,total,0,No data
SARS-CoV-2 variant,GISAID,Liechtenstein,2023-W38,SARS-CoV-2,2-week count of sequences,total,0,No data
SARS-CoV-2 variant,GISAID,Liechtenstein,2023-W37,SARS-CoV-2,2-week count of sequences,total,0,No data
SARS-CoV-2 variant,GISAID,Liechtenstein,2023-W36,SARS-CoV-2,2-week count of sequences,total,0,No data
SARS-CoV-2 variant,GISAID,Liechtenstein,2023-W35,SARS-CoV-2,2-week count of sequences,total,0,No data
SARS-CoV-2 variant,GISAID,Liechtenstein,2023-W34,SARS-CoV-2,2-week count of sequences,total,0,No data
SARS-CoV-2 variant,GISAID,Liechtenstein,2023-W33,SARS-CoV-2,2-week count of sequences,total,0,No data
SARS-CoV-2 variant,GISAID,Liechtenstein,2023-W32,SARS-CoV-2,2-week count of sequences,total,0,No data
SARS-CoV-2 variant,GISAID,Liechtenstein,2023-W31,SARS-CoV-2,2-week count of sequences,total,0,No data
SARS-CoV-2 variant,GISAID,Liechtenstein,2023-W30,SARS-CoV-2,2-week count of sequences,total,0,No data
SARS-CoV-2 variant,GISAID,Liechtenstein,2023-W29,SARS-CoV-2,2-week count of sequences,total,0,No data
SARS-CoV-2 variant,GISAID,Liechtenstein,2023-W28,SARS-CoV-2,2-week count of sequences,total,0,No data
SARS-CoV-2 variant,GISAID,Liechtenstein,2023-W27,SARS-CoV-2,2-week count of sequences,total,0,No data
SARS-CoV-2 variant,GISAID,Liechtenstein,2023-W26,SARS-CoV-2,2-week count of sequences,total,0,No data
SARS-CoV-2 variant,GISAID,Liechtenstein,2023-W25,SARS-CoV-2,2-week count of sequences,total,0,No data
SARS-CoV-2 variant,GISAID,Liechtenstein,2023-W24,SARS-CoV-2,2-week count of sequences,total,0,No data
SARS-CoV-2 variant,GISAID,Liechtenstein,2023-W23,SARS-CoV-2,2-week count of sequences,total,0,No data
SARS-CoV-2 variant,GISAID,Liechtenstein,2023-W22,SARS-CoV-2,2-week count of sequences,total,0,No data
SARS-CoV-2 variant,GISAID,Liechtenstein,2023-W21,SARS-CoV-2,2-week count of sequences,total,0,No data
SARS-CoV-2 variant,GISAID,Liechtenstein,2023-W20,SARS-CoV-2,2-week count of sequences,total,0,No data
SARS-CoV-2 variant,GISAID,Liechtenstein,2023-W19,SARS-CoV-2,2-week count of sequences,total,0,No data
SARS-CoV-2 variant,GISAID,Liechtenstein,2023-W18,SARS-CoV-2,2-week count of sequences,total,0,No data
SARS-CoV-2 variant,GISAID,Liechtenstein,2023-W17,SARS-CoV-2,2-week count of sequences,total,0,No data
SARS-CoV-2 variant,GISAID,Liechtenstein,2023-W16,SARS-CoV-2,2-week count of sequences,total,0,No data
SARS-CoV-2 variant,GISAID,Liechtenstein,2023-W15,SARS-CoV-2,2-week count of sequences,total,0,No data
SARS-CoV-2 variant,GISAID,Liechtenstein,2023-W14,SARS-CoV-2,2-week count of sequences,total,0,No data
SARS-CoV-2 variant,GISAID,Liechtenstein,2023-W13,SARS-CoV-2,2-week count of sequences,total,0,No data
SARS-CoV-2 variant,GISAID,Liechtenstein,2023-W12,SARS-CoV-2,2-week count of sequences,total,0,No data
SARS-CoV-2 variant,GISAID,Liechtenstein,2023-W11,SARS-CoV-2,2-week count of sequences,total,0,No data
SARS-CoV-2 variant,GISAID,Liechtenstein,2023-W10,SARS-CoV-2,2-week count of sequences,total,0,No data
SARS-CoV-2 variant,GISAID,Liechtenstein,2023-W09,SARS-CoV-2,2-week count of sequences,total,0,No data
SARS-CoV-2 variant,GISAID,Liechtenstein,2023-W08,SARS-CoV-2,2-week count of sequences,total,0,No data
SARS-CoV-2 variant,GISAID,Liechtenstein,2023-W07,SARS-CoV-2,2-week count of sequences,total,0,No data
SARS-CoV-2 variant,GISAID,Liechtenstein,2023-W06,SARS-CoV-2,2-week count of sequences,total,0,No data
SARS-CoV-2 variant,GISAID,Liechtenstein,2023-W05,SARS-CoV-2,2-week count of sequences,total,0,No data
SARS-CoV-2 variant,GISAID,Liechtenstein,2023-W04,SARS-CoV-2,2-week count of sequences,total,0,No data
SARS-CoV-2 variant,GISAID,Liechtenstein,2023-W03,SARS-CoV-2,2-week count of sequences,total,0,No data
SARS-CoV-2 variant,GISAID,Liechtenstein,2023-W02,SARS-CoV-2,2-week count of sequences,total,0,No data
SARS-CoV-2 variant,GISAID,Liechtenstein,2023-W01,SARS-CoV-2,2-week count of sequences,total,11,>15%
SARS-CoV-2 variant,GISAID,Liechtenstein,2022-W52,SARS-CoV-2,2-week count of sequences,total,26,>15%
SARS-CoV-2 variant,GISAID,Liechtenstein,2022-W51,SARS-CoV-2,2-week count of sequences,total,41,>10% to 15%
SARS-CoV-2 variant,GISAID,Liechtenstein,2022-W50,SARS-CoV-2,2-week count of sequences,total,47,>10% to 15%
SARS-CoV-2 variant,GISAID,Liechtenstein,2022-W49,SARS-CoV-2,2-week count of sequences,total,36,>15%
SARS-CoV-2 variant,GISAID,Liechtenstein,2022-W48,SARS-CoV-2,2-week count of sequences,total,27,>15%
SARS-CoV-2 variant,GISAID,Liechtenstein,2022-W47,SARS-CoV-2,2-week count of sequences,total,26,>15%
SARS-CoV-2 variant,GISAID,Liechtenstein,2022-W46,SARS-CoV-2,2-week count of sequences,total,25,>15%
SARS-CoV-2 variant,GISAID,Liechtenstein,2022-W45,SARS-CoV-2,2-week count of sequences,total,24,>15%
SARS-CoV-2 variant,GISAID,Liechtenstein,2022-W44,SARS-CoV-2,2-week count of sequences,total,24,>15%
SARS-CoV-2 variant,GISAID,Liechtenstein,2022-W43,SARS-CoV-2,2-week count of sequences,total,24,>15%
SARS-CoV-2 variant,GISAID,Liechtenstein,2022-W42,SARS-CoV-2,2-week count of sequences,total,29,>15%
SARS-CoV-2 variant,GISAID,Liechtenstein,2022-W41,SARS-CoV-2,2-week count of sequences,total,29,>15%
SARS-CoV-2 variant,GISAID,Liechtenstein,2022-W40,SARS-CoV-2,2-week count of sequences,total,31,>15%
SARS-CoV-2 variant,GISAID,Liechtenstein,2022-W39,SARS-CoV-2,2-week count of sequences,total,42,>10% to 15%
SARS-CoV-2 variant,GISAID,Liechtenstein,2022-W38,SARS-CoV-2,2-week count of sequences,total,52,>10% to 15%
SARS-CoV-2 variant,GISAID,Liechtenstein,2022-W37,SARS-CoV-2,2-week count of sequences,total,46,>10% to 15%
SARS-CoV-2 variant,GISAID,Liechtenstein,2022-W36,SARS-CoV-2,2-week count of sequences,total,50,>10% to 15%
SARS-CoV-2 variant,GISAID,Liechtenstein,2022-W35,SARS-CoV-2,2-week count of sequences,total,45,>10% to 15%
SARS-CoV-2 variant,GISAID,Liechtenstein,2022-W34,SARS-CoV-2,2-week count of sequences,total,26,>15%
SARS-CoV-2 variant,GISAID,Liechtenstein,2022-W33,SARS-CoV-2,2-week count of sequences,total,33,>15%
SARS-CoV-2 variant,GISAID,Liechtenstein,2022-W32,SARS-CoV-2,2-week count of sequences,total,36,>15%
SARS-CoV-2 variant,GISAID,Liechtenstein,2022-W31,SARS-CoV-2,2-week count of sequences,total,34,>15%
SARS-CoV-2 variant,GISAID,Liechtenstein,2022-W30,SARS-CoV-2,2-week count of sequences,total,38,>10% to 15%
SARS-CoV-2 variant,GISAID,Liechtenstein,2022-W29,SARS-CoV-2,2-week count of sequences,total,39,>10% to 15%
SARS-CoV-2 variant,GISAID,Liechtenstein,2022-W28,SARS-CoV-2,2-week count of sequences,total,34,>15%
SARS-CoV-2 variant,GISAID,Liechtenstein,2022-W27,SARS-CoV-2,2-week count of sequences,total,38,>10% to 15%
SARS-CoV-2 variant,GISAID,Liechtenstein,2022-W26,SARS-CoV-2,2-week count of sequences,total,34,>15%
SARS-CoV-2 variant,GISAID,Liechtenstein,2022-W25,SARS-CoV-2,2-week count of sequences,total,11,>15%
SARS-CoV-2 variant,GISAID,Lithuania,2026-W36,SARS-CoV-2,2-week count of sequences,total,0,No data
SARS-CoV-2 variant,GISAID,Lithuania,2026-W35,SARS-CoV-2,2-week count of sequences,total,0,No data
SARS-CoV-2 variant,GISAID,Lithuania,2026-W34,SARS-CoV-2,2-week count of sequences,total,0,No data
SARS-CoV-2 variant,GISAID,Lithuania,2026-W33,SARS-CoV-2,2-week count of sequences,total,0,No data
SARS-CoV-2 variant,GISAID,Lithuania,2026-W32,SARS-CoV-2,2-week count of sequences,total,0,No data
SARS-CoV-2 variant,GISAID,Lithuania,2026-W31,SARS-CoV-2,2-week count of sequences,total,0,No data
SARS-CoV-2 variant,GISAID,Lithuania,2026-W30,SARS-CoV-2,2-week count of sequences,total,0,No data
SARS-CoV-2 variant,GISAID,Lithuania,2026-W29,SARS-CoV-2,2-week count of sequences,total,0,No data
SARS-CoV-2 variant,GISAID,Lithuania,2026-W28,SARS-CoV-2,2-week count of sequences,total,0,No data
SARS-CoV-2 variant,GISAID,Lithuania,2026-W27,SARS-CoV-2,2-week count of sequences,total,0,No data
SARS-CoV-2 variant,GISAID,Lithuania,2026-W26,SARS-CoV-2,2-week count of sequences,total,0,No data
SARS-CoV-2 variant,GISAID,Lithuania,2026-W25,SARS-CoV-2,2-week count of sequences,total,0,No data
SARS-CoV-2 variant,GISAID,Lithuania,2026-W24,SARS-CoV-2,2-week count of sequences,total,0,No data
SARS-CoV-2 variant,GISAID,Lithuania,2026-W23,SARS-CoV-2,2-week count of sequences,total,0,No data
SARS-CoV-2 variant,GISAID,Lithuania,2026-W22,SARS-CoV-2,2-week count of sequences,total,0,No data
SARS-CoV-2 variant,GISAID,Lithuania,2026-W21,SARS-CoV-2,2-week count of sequences,total,0,No data
SARS-CoV-2 variant,GISAID,Lithuania,2026-W20,SARS-CoV-2,2-week count of sequences,total,0,No data
SARS-CoV-2 variant,GISAID,Lithuania,2026-W19,SARS-CoV-2,2-week count of sequences,total,0,No data
SARS-CoV-2 variant,GISAID,Lithuania,2026-W18,SARS-CoV-2,2-week count of sequences,total,0,No data
SARS-CoV-2 variant,GISAID,Lithuania,2026-W17,SARS-CoV-2,2-week count of sequences,total,0,No data
SARS-CoV-2 variant,GISAID,Lithuania,2026-W16,SARS-CoV-2,2-week count of sequences,total,0,No data
SARS-CoV-2 variant,GISAID,Lithuania,2026-W15,SARS-CoV-2,2-week count of sequences,total,0,No data
SARS-CoV-2 variant,GISAID,Lithuania,2026-W14,SARS-CoV-2,2-week count of sequences,total,0,No data
SARS-CoV-2 variant,GISAID,Lithuania,2026-W13,SARS-CoV-2,2-week count of sequences,total,1,>15%
SARS-CoV-2 variant,GISAID,Lithuania,2026-W12,SARS-CoV-2,2-week count of sequences,total,1,>15%
SARS-CoV-2 variant,GISAID,Lithuania,2026-W11,SARS-CoV-2,2-week count of sequences,total,3,>15%
SARS-CoV-2 variant,GISAID,Lithuania,2026-W10,SARS-CoV-2,2-week count of sequences,total,19,>15%
SARS-CoV-2 variant,GISAID,Lithuania,2026-W09,SARS-CoV-2,2-week count of sequences,total,43,>10% to 15%
SARS-CoV-2 variant,GISAID,Lithuania,2026-W08,SARS-CoV-2,2-week count of sequences,total,55,>10% to 15%
SARS-CoV-2 variant,GISAID,Lithuania,2026-W07,SARS-CoV-2,2-week count of sequences,total,47,>10% to 15%
SARS-CoV-2 variant,GISAID,Lithuania,2026-W06,SARS-CoV-2,2-week count of sequences,total,34,>15%
SARS-CoV-2 variant,GISAID,Lithuania,2026-W05,SARS-CoV-2,2-week count of sequences,total,29,>15%
SARS-CoV-2 variant,GISAID,Lithuania,2026-W04,SARS-CoV-2,2-week count of sequences,total,27,>15%
SARS-CoV-2 variant,GISAID,Lithuania,2026-W03,SARS-CoV-2,2-week count of sequences,total,30,>15%
SARS-CoV-2 variant,GISAID,Lithuania,2026-W02,SARS-CoV-2,2-week count of sequences,total,29,>15%
SARS-CoV-2 variant,GISAID,Lithuania,2026-W01,SARS-CoV-2,2-week count of sequences,total,26,>15%
SARS-CoV-2 variant,GISAID,Lithuania,2025-W52,SARS-CoV-2,2-week count of sequences,total,37,>10% to 15%
SARS-CoV-2 variant,GISAID,Lithuania,2025-W51,SARS-CoV-2,2-week count of sequences,total,50,>10% to 15%
SARS-CoV-2 variant,GISAID,Lithuania,2025-W50,SARS-CoV-2,2-week count of sequences,total,69,>5% to 10%
SARS-CoV-2 variant,GISAID,Lithuania,2025-W49,SARS-CoV-2,2-week count of sequences,total,90,>5% to 10%
SARS-CoV-2 variant,GISAID,Lithuania,2025-W48,SARS-CoV-2,2-week count of sequences,total,72,>5% to 10%
SARS-CoV-2 variant,GISAID,Lithuania,2025-W47,SARS-CoV-2,2-week count of sequences,total,47,>10% to 15%
SARS-CoV-2 variant,GISAID,Lithuania,2025-W46,SARS-CoV-2,2-week count of sequences,total,57,>5% to 10%
SARS-CoV-2 variant,GISAID,Lithuania,2025-W45,SARS-CoV-2,2-week count of sequences,total,81,>5% to 10%
SARS-CoV-2 variant,GISAID,Lithuania,2025-W44,SARS-CoV-2,2-week count of sequences,total,111,>5% to 10%
SARS-CoV-2 variant,GISAID,Lithuania,2025-W43,SARS-CoV-2,2-week count of sequences,total,101,>5% to 10%
SARS-CoV-2 variant,GISAID,Lithuania,2025-W42,SARS-CoV-2,2-week count of sequences,total,70,>5% to 10%
SARS-CoV-2 variant,GISAID,Lithuania,2025-W41,SARS-CoV-2,2-week count of sequences,total,85,>5% to 10%
SARS-CoV-2 variant,GISAID,Lithuania,2025-W40,SARS-CoV-2,2-week count of sequences,total,88,>5% to 10%
SARS-CoV-2 variant,GISAID,Lithuania,2025-W39,SARS-CoV-2,2-week count of sequences,total,86,>5% to 10%
SARS-CoV-2 variant,GISAID,Lithuania,2025-W38,SARS-CoV-2,2-week count of sequences,total,126,>2.5% to 5%
SARS-CoV-2 variant,GISAID,Lithuania,2025-W37,SARS-CoV-2,2-week count of sequences,total,156,>2.5% to 5%
SARS-CoV-2 variant,GISAID,Lithuania,2025-W36,SARS-CoV-2,2-week count of sequences,total,126,>2.5% to 5%
SARS-CoV-2 variant,GISAID,Lithuania,2025-W35,SARS-CoV-2,2-week count of sequences,total,64,>5% to 10%
SARS-CoV-2 variant,GISAID,Lithuania,2025-W34,SARS-CoV-2,2-week count of sequences,total,48,>10% to 15%
SARS-CoV-2 variant,GISAID,Lithuania,2025-W33,SARS-CoV-2,2-week count of sequences,total,44,>10% to 15%
SARS-CoV-2 variant,GISAID,Lithuania,2025-W32,SARS-CoV-2,2-week count of sequences,total,24,>15%
SARS-CoV-2 variant,GISAID,Lithuania,2025-W31,SARS-CoV-2,2-week count of sequences,total,18,>15%
SARS-CoV-2 variant,GISAID,Lithuania,2025-W30,SARS-CoV-2,2-week count of sequences,total,22,>15%
SARS-CoV-2 variant,GISAID,Lithuania,2025-W29,SARS-CoV-2,2-week count of sequences,total,24,>15%
SARS-CoV-2 variant,GISAID,Lithuania,2025-W28,SARS-CoV-2,2-week count of sequences,total,20,>15%
SARS-CoV-2 variant,GISAID,Lithuania,2025-W27,SARS-CoV-2,2-week count of sequences,total,16,>15%
SARS-CoV-2 variant,GISAID,Lithuania,2025-W26,SARS-CoV-2,2-week count of sequences,total,10,>15%
SARS-CoV-2 variant,GISAID,Lithuania,2025-W25,SARS-CoV-2,2-week count of sequences,total,16,>15%
SARS-CoV-2 variant,GISAID,Lithuania,2025-W24,SARS-CoV-2,2-week count of sequences,total,14,>15%
SARS-CoV-2 variant,GISAID,Lithuania,2025-W23,SARS-CoV-2,2-week count of sequences,total,6,>15%
SARS-CoV-2 variant,GISAID,Lithuania,2025-W22,SARS-CoV-2,2-week count of sequences,total,6,>15%
SARS-CoV-2 variant,GISAID,Lithuania,2025-W21,SARS-CoV-2,2-week count of sequences,total,3,>15%
SARS-CoV-2 variant,GISAID,Lithuania,2025-W20,SARS-CoV-2,2-week count of sequences,total,3,>15%
SARS-CoV-2 variant,GISAID,Lithuania,2025-W19,SARS-CoV-2,2-week count of sequences,total,3,>15%
SARS-CoV-2 variant,GISAID,Lithuania,2025-W18,SARS-CoV-2,2-week count of sequences,total,6,>15%
SARS-CoV-2 variant,GISAID,Lithuania,2025-W17,SARS-CoV-2,2-week count of sequences,total,9,>15%
SARS-CoV-2 variant,GISAID,Lithuania,2025-W16,SARS-CoV-2,2-week count of sequences,total,7,>15%
SARS-CoV-2 variant,GISAID,Lithuania,2025-W15,SARS-CoV-2,2-week count of sequences,total,3,>15%
SARS-CoV-2 variant,GISAID,Lithuania,2025-W14,SARS-CoV-2,2-week count of sequences,total,0,No data
SARS-CoV-2 variant,GISAID,Lithuania,2025-W13,SARS-CoV-2,2-week count of sequences,total,0,No data
SARS-CoV-2 variant,GISAID,Lithuania,2025-W12,SARS-CoV-2,2-week count of sequences,total,3,>15%
SARS-CoV-2 variant,GISAID,Lithuania,2025-W11,SARS-CoV-2,2-week count of sequences,total,3,>15%
SARS-CoV-2 variant,GISAID,Lithuania,2025-W10,SARS-CoV-2,2-week count of sequences,total,0,No data
SARS-CoV-2 variant,GISAID,Lithuania,2025-W09,SARS-CoV-2,2-week count of sequences,total,0,No data
SARS-CoV-2 variant,GISAID,Lithuania,2025-W08,SARS-CoV-2,2-week count of sequences,total,0,No data
SARS-CoV-2 variant,GISAID,Lithuania,2025-W07,SARS-CoV-2,2-week count of sequences,total,0,No data
SARS-CoV-2 variant,GISAID,Lithuania,2025-W06,SARS-CoV-2,2-week count of sequences,total,0,No data
SARS-CoV-2 variant,GISAID,Lithuania,2025-W05,SARS-CoV-2,2-week count of sequences,total,1,>15%
SARS-CoV-2 variant,GISAID,Lithuania,2025-W04,SARS-CoV-2,2-week count of sequences,total,2,>15%
SARS-CoV-2 variant,GISAID,Lithuania,2025-W03,SARS-CoV-2,2-week count of sequences,total,2,>15%
SARS-CoV-2 variant,GISAID,Lithuania,2025-W02,SARS-CoV-2,2-week count of sequences,total,1,>15%
SARS-CoV-2 variant,GISAID,Lithuania,2025-W01,SARS-CoV-2,2-week count of sequences,total,1,>15%
SARS-CoV-2 variant,GISAID,Lithuania,2024-W52,SARS-CoV-2,2-week count of sequences,total,3,>15%
SARS-CoV-2 variant,GISAID,Lithuania,2024-W51,SARS-CoV-2,2-week count of sequences,total,3,>15%
SARS-CoV-2 variant,GISAID,Lithuania,2024-W50,SARS-CoV-2,2-week count of sequences,total,2,>15%
SARS-CoV-2 variant,GISAID,Lithuania,2024-W49,SARS-CoV-2,2-week count of sequences,total,1,>15%
SARS-CoV-2 variant,GISAID,Lithuania,2024-W48,SARS-CoV-2,2-week count of sequences,total,0,No data
SARS-CoV-2 variant,GISAID,Lithuania,2024-W47,SARS-CoV-2,2-week count of sequences,total,0,No data
SARS-CoV-2 variant,GISAID,Lithuania,2024-W46,SARS-CoV-2,2-week count of sequences,total,3,>15%
SARS-CoV-2 variant,GISAID,Lithuania,2024-W45,SARS-CoV-2,2-week count of sequences,total,4,>15%
SARS-CoV-2 variant,GISAID,Lithuania,2024-W44,SARS-CoV-2,2-week count of sequences,total,1,>15%
SARS-CoV-2 variant,GISAID,Lithuania,2024-W43,SARS-CoV-2,2-week count of sequences,total,0,No data
SARS-CoV-2 variant,GISAID,Lithuania,2024-W42,SARS-CoV-2,2-week count of sequences,total,0,No data
SARS-CoV-2 variant,GISAID,Lithuania,2024-W41,SARS-CoV-2,2-week count of sequences,total,0,No data
SARS-CoV-2 variant,GISAID,Lithuania,2024-W40,SARS-CoV-2,2-week count of sequences,total,0,No data
SARS-CoV-2 variant,GISAID,Lithuania,2024-W39,SARS-CoV-2,2-week count of sequences,total,0,No data
SARS-CoV-2 variant,GISAID,Lithuania,2024-W38,SARS-CoV-2,2-week count of sequences,total,0,No data
SARS-CoV-2 variant,GISAID,Lithuania,2024-W37,SARS-CoV-2,2-week count of sequences,total,0,No data
SARS-CoV-2 variant,GISAID,Lithuania,2024-W36,SARS-CoV-2,2-week count of sequences,total,0,No data
SARS-CoV-2 variant,GISAID,Lithuania,2024-W35,SARS-CoV-2,2-week count of sequences,total,0,No data
SARS-CoV-2 variant,GISAID,Lithuania,2024-W34,SARS-CoV-2,2-week count of sequences,total,0,No data
SARS-CoV-2 variant,GISAID,Lithuania,2024-W33,SARS-CoV-2,2-week count of sequences,total,0,No data
SARS-CoV-2 variant,GISAID,Lithuania,2024-W32,SARS-CoV-2,2-week count of sequences,total,0,No data
SARS-CoV-2 variant,GISAID,Lithuania,2024-W31,SARS-CoV-2,2-week count of sequences,total,0,No data
SARS-CoV-2 variant,GISAID,Lithuania,2024-W30,SARS-CoV-2,2-week count of sequences,total,0,No data
SARS-CoV-2 variant,GISAID,Lithuania,2024-W29,SARS-CoV-2,2-week count of sequences,total,0,No data
SARS-CoV-2 variant,GISAID,Lithuania,2024-W28,SARS-CoV-2,2-week count of sequences,total,0,No data
SARS-CoV-2 variant,GISAID,Lithuania,2024-W27,SARS-CoV-2,2-week count of sequences,total,0,No data
SARS-CoV-2 variant,GISAID,Lithuania,2024-W26,SARS-CoV-2,2-week count of sequences,total,0,No data
SARS-CoV-2 variant,GISAID,Lithuania,2024-W25,SARS-CoV-2,2-week count of sequences,total,0,No data
SARS-CoV-2 variant,GISAID,Lithuania,2024-W24,SARS-CoV-2,2-week count of sequences,total,0,No data
SARS-CoV-2 variant,GISAID,Lithuania,2024-W23,SARS-CoV-2,2-week count of sequences,total,0,No data
SARS-CoV-2 variant,GISAID,Lithuania,2024-W22,SARS-CoV-2,2-week count of sequences,total,0,No data
SARS-CoV-2 variant,GISAID,Lithuania,2024-W21,SARS-CoV-2,2-week count of sequences,total,0,No data
SARS-CoV-2 variant,GISAID,Lithuania,2024-W20,SARS-CoV-2,2-week count of sequences,total,0,No data
SARS-CoV-2 variant,GISAID,Lithuania,2024-W19,SARS-CoV-2,2-week count of sequences,total,0,No data
SARS-CoV-2 variant,GISAID,Lithuania,2024-W18,SARS-CoV-2,2-week count of sequences,total,0,No data
SARS-CoV-2 variant,GISAID,Lithuania,2024-W17,SARS-CoV-2,2-week count of sequences,total,0,No data
SARS-CoV-2 variant,GISAID,Lithuania,2024-W16,SARS-CoV-2,2-week count of sequences,total,2,>15%
SARS-CoV-2 variant,GISAID,Lithuania,2024-W15,SARS-CoV-2,2-week count of sequences,total,2,>15%
SARS-CoV-2 variant,GISAID,Lithuania,2024-W14,SARS-CoV-2,2-week count of sequences,total,0,No data
SARS-CoV-2 variant,GISAID,Lithuania,2024-W13,SARS-CoV-2,2-week count of sequences,total,1,>15%
SARS-CoV-2 variant,GISAID,Lithuania,2024-W12,SARS-CoV-2,2-week count of sequences,total,3,>15%
SARS-CoV-2 variant,GISAID,Lithuania,2024-W11,SARS-CoV-2,2-week count of sequences,total,3,>15%
SARS-CoV-2 variant,GISAID,Lithuania,2024-W10,SARS-CoV-2,2-week count of sequences,total,4,>15%
SARS-CoV-2 variant,GISAID,Lithuania,2024-W09,SARS-CoV-2,2-week count of sequences,total,4,>15%
SARS-CoV-2 variant,GISAID,Lithuania,2024-W08,SARS-CoV-2,2-week count of sequences,total,4,>15%
SARS-CoV-2 variant,GISAID,Lithuania,2024-W07,SARS-CoV-2,2-week count of sequences,total,4,>15%
SARS-CoV-2 variant,GISAID,Lithuania,2024-W06,SARS-CoV-2,2-week count of sequences,total,8,>15%
SARS-CoV-2 variant,GISAID,Lithuania,2024-W05,SARS-CoV-2,2-week count of sequences,total,11,>15%
SARS-CoV-2 variant,GISAID,Lithuania,2024-W04,SARS-CoV-2,2-week count of sequences,total,19,>15%
SARS-CoV-2 variant,GISAID,Lithuania,2024-W03,SARS-CoV-2,2-week count of sequences,total,35,>15%
SARS-CoV-2 variant,GISAID,Lithuania,2024-W02,SARS-CoV-2,2-week count of sequences,total,43,>10% to 15%
SARS-CoV-2 variant,GISAID,Lithuania,2024-W01,SARS-CoV-2,2-week count of sequences,total,103,>5% to 10%
SARS-CoV-2 variant,GISAID,Lithuania,2023-W52,SARS-CoV-2,2-week count of sequences,total,227,>2.5% to 5%
SARS-CoV-2 variant,GISAID,Lithuania,2023-W51,SARS-CoV-2,2-week count of sequences,total,332,>1% to 2.5%
SARS-CoV-2 variant,GISAID,Lithuania,2023-W50,SARS-CoV-2,2-week count of sequences,total,426,>1% to 2.5%
SARS-CoV-2 variant,GISAID,Lithuania,2023-W49,SARS-CoV-2,2-week count of sequences,total,467,>1% to 2.5%
SARS-CoV-2 variant,GISAID,Lithuania,2023-W48,SARS-CoV-2,2-week count of sequences,total,380,>1% to 2.5%
SARS-CoV-2 variant,GISAID,Lithuania,2023-W47,SARS-CoV-2,2-week count of sequences,total,277,>1% to 2.5%
SARS-CoV-2 variant,GISAID,Lithuania,2023-W46,SARS-CoV-2,2-week count of sequences,total,289,>1% to 2.5%
SARS-CoV-2 variant,GISAID,Lithuania,2023-W45,SARS-CoV-2,2-week count of sequences,total,341,>1% to 2.5%
SARS-CoV-2 variant,GISAID,Lithuania,2023-W44,SARS-CoV-2,2-week count of sequences,total,381,>1% to 2.5%
SARS-CoV-2 variant,GISAID,Lithuania,2023-W43,SARS-CoV-2,2-week count of sequences,total,351,>1% to 2.5%
SARS-CoV-2 variant,GISAID,Lithuania,2023-W42,SARS-CoV-2,2-week count of sequences,total,239,>2.5% to 5%
SARS-CoV-2 variant,GISAID,Lithuania,2023-W41,SARS-CoV-2,2-week count of sequences,total,197,>2.5% to 5%
SARS-CoV-2 variant,GISAID,Lithuania,2023-W40,SARS-CoV-2,2-week count of sequences,total,143,>2.5% to 5%
SARS-CoV-2 variant,GISAID,Lithuania,2023-W39,SARS-CoV-2,2-week count of sequences,total,123,>2.5% to 5%
SARS-CoV-2 variant,GISAID,Lithuania,2023-W38,SARS-CoV-2,2-week count of sequences,total,178,>2.5% to 5%
SARS-CoV-2 variant,GISAID,Lithuania,2023-W37,SARS-CoV-2,2-week count of sequences,total,165,>2.5% to 5%
SARS-CoV-2 variant,GISAID,Lithuania,2023-W36,SARS-CoV-2,2-week count of sequences,total,101,>5% to 10%
SARS-CoV-2 variant,GISAID,Lithuania,2023-W35,SARS-CoV-2,2-week count of sequences,total,47,>10% to 15%
SARS-CoV-2 variant,GISAID,Lithuania,2023-W34,SARS-CoV-2,2-week count of sequences,total,24,>15%
SARS-CoV-2 variant,GISAID,Lithuania,2023-W33,SARS-CoV-2,2-week count of sequences,total,20,>15%
SARS-CoV-2 variant,GISAID,Lithuania,2023-W32,SARS-CoV-2,2-week count of sequences,total,20,>15%
SARS-CoV-2 variant,GISAID,Lithuania,2023-W31,SARS-CoV-2,2-week count of sequences,total,16,>15%
SARS-CoV-2 variant,GISAID,Lithuania,2023-W30,SARS-CoV-2,2-week count of sequences,total,14,>15%
SARS-CoV-2 variant,GISAID,Lithuania,2023-W29,SARS-CoV-2,2-week count of sequences,total,12,>15%
SARS-CoV-2 variant,GISAID,Lithuania,2023-W28,SARS-CoV-2,2-week count of sequences,total,8,>15%
SARS-CoV-2 variant,GISAID,Lithuania,2023-W27,SARS-CoV-2,2-week count of sequences,total,12,>15%
SARS-CoV-2 variant,GISAID,Lithuania,2023-W26,SARS-CoV-2,2-week count of sequences,total,18,>15%
SARS-CoV-2 variant,GISAID,Lithuania,2023-W25,SARS-CoV-2,2-week count of sequences,total,8,>15%
SARS-CoV-2 variant,GISAID,Lithuania,2023-W24,SARS-CoV-2,2-week count of sequences,total,0,No data
SARS-CoV-2 variant,GISAID,Lithuania,2023-W23,SARS-CoV-2,2-week count of sequences,total,12,>15%
SARS-CoV-2 variant,GISAID,Lithuania,2023-W22,SARS-CoV-2,2-week count of sequences,total,32,>15%
SARS-CoV-2 variant,GISAID,Lithuania,2023-W21,SARS-CoV-2,2-week count of sequences,total,58,>5% to 10%
SARS-CoV-2 variant,GISAID,Lithuania,2023-W20,SARS-CoV-2,2-week count of sequences,total,96,>5% to 10%
SARS-CoV-2 variant,GISAID,Lithuania,2023-W19,SARS-CoV-2,2-week count of sequences,total,94,>5% to 10%
SARS-CoV-2 variant,GISAID,Lithuania,2023-W18,SARS-CoV-2,2-week count of sequences,total,93,>5% to 10%
SARS-CoV-2 variant,GISAID,Lithuania,2023-W17,SARS-CoV-2,2-week count of sequences,total,100,>5% to 10%
SARS-CoV-2 variant,GISAID,Lithuania,2023-W16,SARS-CoV-2,2-week count of sequences,total,67,>5% to 10%
SARS-CoV-2 variant,GISAID,Lithuania,2023-W15,SARS-CoV-2,2-week count of sequences,total,90,>5% to 10%
SARS-CoV-2 variant,GISAID,Lithuania,2023-W14,SARS-CoV-2,2-week count of sequences,total,152,>2.5% to 5%
SARS-CoV-2 variant,GISAID,Lithuania,2023-W13,SARS-CoV-2,2-week count of sequences,total,183,>2.5% to 5%
SARS-CoV-2 variant,GISAID,Lithuania,2023-W12,SARS-CoV-2,2-week count of sequences,total,229,>2.5% to 5%
SARS-CoV-2 variant,GISAID,Lithuania,2023-W11,SARS-CoV-2,2-week count of sequences,total,254,>1% to 2.5%
SARS-CoV-2 variant,GISAID,Lithuania,2023-W10,SARS-CoV-2,2-week count of sequences,total,257,>1% to 2.5%
SARS-CoV-2 variant,GISAID,Lithuania,2023-W09,SARS-CoV-2,2-week count of sequences,total,297,>1% to 2.5%
SARS-CoV-2 variant,GISAID,Lithuania,2023-W08,SARS-CoV-2,2-week count of sequences,total,289,>1% to 2.5%
SARS-CoV-2 variant,GISAID,Lithuania,2023-W07,SARS-CoV-2,2-week count of sequences,total,288,>1% to 2.5%
SARS-CoV-2 variant,GISAID,Lithuania,2023-W06,SARS-CoV-2,2-week count of sequences,total,311,>1% to 2.5%
SARS-CoV-2 variant,GISAID,Lithuania,2023-W05,SARS-CoV-2,2-week count of sequences,total,266,>1% to 2.5%
SARS-CoV-2 variant,GISAID,Lithuania,2023-W04,SARS-CoV-2,2-week count of sequences,total,194,>2.5% to 5%
SARS-CoV-2 variant,GISAID,Lithuania,2023-W03,SARS-CoV-2,2-week count of sequences,total,130,>2.5% to 5%
SARS-CoV-2 variant,GISAID,Lithuania,2023-W02,SARS-CoV-2,2-week count of sequences,total,129,>2.5% to 5%
SARS-CoV-2 variant,GISAID,Lithuania,2023-W01,SARS-CoV-2,2-week count of sequences,total,126,>2.5% to 5%
SARS-CoV-2 variant,GISAID,Lithuania,2022-W52,SARS-CoV-2,2-week count of sequences,total,137,>2.5% to 5%
SARS-CoV-2 variant,GISAID,Lithuania,2022-W51,SARS-CoV-2,2-week count of sequences,total,186,>2.5% to 5%
SARS-CoV-2 variant,GISAID,Lithuania,2022-W50,SARS-CoV-2,2-week count of sequences,total,166,>2.5% to 5%
SARS-CoV-2 variant,GISAID,Lithuania,2022-W49,SARS-CoV-2,2-week count of sequences,total,160,>2.5% to 5%
SARS-CoV-2 variant,GISAID,Lithuania,2022-W48,SARS-CoV-2,2-week count of sequences,total,172,>2.5% to 5%
SARS-CoV-2 variant,GISAID,Lithuania,2022-W47,SARS-CoV-2,2-week count of sequences,total,202,>2.5% to 5%
SARS-CoV-2 variant,GISAID,Lithuania,2022-W46,SARS-CoV-2,2-week count of sequences,total,198,>2.5% to 5%
SARS-CoV-2 variant,GISAID,Lithuania,2022-W45,SARS-CoV-2,2-week count of sequences,total,102,>5% to 10%
SARS-CoV-2 variant,GISAID,Lithuania,2022-W44,SARS-CoV-2,2-week count of sequences,total,28,>15%
SARS-CoV-2 variant,GISAID,Lithuania,2022-W43,SARS-CoV-2,2-week count of sequences,total,5,>15%
SARS-CoV-2 variant,GISAID,Lithuania,2022-W42,SARS-CoV-2,2-week count of sequences,total,5,>15%
SARS-CoV-2 variant,GISAID,Lithuania,2022-W41,SARS-CoV-2,2-week count of sequences,total,2,>15%
SARS-CoV-2 variant,GISAID,Lithuania,2022-W40,SARS-CoV-2,2-week count of sequences,total,1,>15%
SARS-CoV-2 variant,GISAID,Lithuania,2022-W39,SARS-CoV-2,2-week count of sequences,total,1,>15%
SARS-CoV-2 variant,GISAID,Lithuania,2022-W38,SARS-CoV-2,2-week count of sequences,total,0,No data
SARS-CoV-2 variant,GISAID,Lithuania,2022-W37,SARS-CoV-2,2-week count of sequences,total,0,No data
SARS-CoV-2 variant,GISAID,Lithuania,2022-W36,SARS-CoV-2,2-week count of sequences,total,0,No data
SARS-CoV-2 variant,GISAID,Lithuania,2022-W35,SARS-CoV-2,2-week count of sequences,total,0,No data
SARS-CoV-2 variant,GISAID,Lithuania,2022-W34,SARS-CoV-2,2-week count of sequences,total,0,No data
SARS-CoV-2 variant,GISAID,Lithuania,2022-W33,SARS-CoV-2,2-week count of sequences,total,0,No data
SARS-CoV-2 variant,GISAID,Lithuania,2022-W32,SARS-CoV-2,2-week count of sequences,total,0,No data
SARS-CoV-2 variant,GISAID,Lithuania,2022-W31,SARS-CoV-2,2-week count of sequences,total,0,No data
SARS-CoV-2 variant,GISAID,Lithuania,2022-W30,SARS-CoV-2,2-week count of sequences,total,0,No data
SARS-CoV-2 variant,GISAID,Lithuania,2022-W29,SARS-CoV-2,2-week count of sequences,total,0,No data
SARS-CoV-2 variant,GISAID,Lithuania,2022-W28,SARS-CoV-2,2-week count of sequences,total,0,No data
SARS-CoV-2 variant,GISAID,Lithuania,2022-W27,SARS-CoV-2,2-week count of sequences,total,0,No data
SARS-CoV-2 variant,GISAID,Lithuania,2022-W26,SARS-CoV-2,2-week count of sequences,total,0,No data
SARS-CoV-2 variant,GISAID,Lithuania,2022-W25,SARS-CoV-2,2-week count of sequences,total,0,No data
SARS-CoV-2 variant,GISAID,Luxembourg,2026-W36,SARS-CoV-2,2-week count of sequences,total,0,No data
SARS-CoV-2 variant,GISAID,Luxembourg,2026-W35,SARS-CoV-2,2-week count of sequences,total,0,No data
SARS-CoV-2 variant,GISAID,Luxembourg,2026-W34,SARS-CoV-2,2-week count of sequences,total,0,No data
SARS-CoV-2 variant,GISAID,Luxembourg,2026-W33,SARS-CoV-2,2-week count of sequences,total,0,No data
SARS-CoV-2 variant,GISAID,Luxembourg,2026-W32,SARS-CoV-2,2-week count of sequences,total,0,No data
SARS-CoV-2 variant,GISAID,Luxembourg,2026-W31,SARS-CoV-2,2-week count of sequences,total,0,No data
SARS-CoV-2 variant,GISAID,Luxembourg,2026-W30,SARS-CoV-2,2-week count of sequences,total,0,No data
SARS-CoV-2 variant,GISAID,Luxembourg,2026-W29,SARS-CoV-2,2-week count of sequences,total,0,No data
SARS-CoV-2 variant,GISAID,Luxembourg,2026-W28,SARS-CoV-2,2-week count of sequences,total,0,No data
SARS-CoV-2 variant,GISAID,Luxembourg,2026-W27,SARS-CoV-2,2-week count of sequences,total,0,No data
SARS-CoV-2 variant,GISAID,Luxembourg,2026-W26,SARS-CoV-2,2-week count of sequences,total,0,No data
SARS-CoV-2 variant,GISAID,Luxembourg,2026-W25,SARS-CoV-2,2-week count of sequences,total,0,No data
SARS-CoV-2 variant,GISAID,Luxembourg,2026-W24,SARS-CoV-2,2-week count of sequences,total,1,>15%
SARS-CoV-2 variant,GISAID,Luxembourg,2026-W23,SARS-CoV-2,2-week count of sequences,total,3,>15%
SARS-CoV-2 variant,GISAID,Luxembourg,2026-W22,SARS-CoV-2,2-week count of sequences,total,3,>15%
SARS-CoV-2 variant,GISAID,Luxembourg,2026-W21,SARS-CoV-2,2-week count of sequences,total,2,>15%
SARS-CoV-2 variant,GISAID,Luxembourg,2026-W20,SARS-CoV-2,2-week count of sequences,total,3,>15%
SARS-CoV-2 variant,GISAID,Luxembourg,2026-W19,SARS-CoV-2,2-week count of sequences,total,4,>15%
SARS-CoV-2 variant,GISAID,Luxembourg,2026-W18,SARS-CoV-2,2-week count of sequences,total,2,>15%
SARS-CoV-2 variant,GISAID,Luxembourg,2026-W17,SARS-CoV-2,2-week count of sequences,total,4,>15%
SARS-CoV-2 variant,GISAID,Luxembourg,2026-W16,SARS-CoV-2,2-week count of sequences,total,6,>15%
SARS-CoV-2 variant,GISAID,Luxembourg,2026-W15,SARS-CoV-2,2-week count of sequences,total,8,>15%
SARS-CoV-2 variant,GISAID,Luxembourg,2026-W14,SARS-CoV-2,2-week count of sequences,total,14,>15%
SARS-CoV-2 variant,GISAID,Luxembourg,2026-W13,SARS-CoV-2,2-week count of sequences,total,15,>15%
SARS-CoV-2 variant,GISAID,Luxembourg,2026-W12,SARS-CoV-2,2-week count of sequences,total,19,>15%
SARS-CoV-2 variant,GISAID,Luxembourg,2026-W11,SARS-CoV-2,2-week count of sequences,total,20,>15%
SARS-CoV-2 variant,GISAID,Luxembourg,2026-W10,SARS-CoV-2,2-week count of sequences,total,31,>15%
SARS-CoV-2 variant,GISAID,Luxembourg,2026-W09,SARS-CoV-2,2-week count of sequences,total,54,>10% to 15%
SARS-CoV-2 variant,GISAID,Luxembourg,2026-W08,SARS-CoV-2,2-week count of sequences,total,76,>5% to 10%
SARS-CoV-2 variant,GISAID,Luxembourg,2026-W07,SARS-CoV-2,2-week count of sequences,total,95,>5% to 10%
SARS-CoV-2 variant,GISAID,Luxembourg,2026-W06,SARS-CoV-2,2-week count of sequences,total,96,>5% to 10%
SARS-CoV-2 variant,GISAID,Luxembourg,2026-W05,SARS-CoV-2,2-week count of sequences,total,91,>5% to 10%
SARS-CoV-2 variant,GISAID,Luxembourg,2026-W04,SARS-CoV-2,2-week count of sequences,total,78,>5% to 10%
SARS-CoV-2 variant,GISAID,Luxembourg,2026-W03,SARS-CoV-2,2-week count of sequences,total,84,>5% to 10%
SARS-CoV-2 variant,GISAID,Luxembourg,2026-W02,SARS-CoV-2,2-week count of sequences,total,78,>5% to 10%
SARS-CoV-2 variant,GISAID,Luxembourg,2026-W01,SARS-CoV-2,2-week count of sequences,total,60,>5% to 10%
SARS-CoV-2 variant,GISAID,Luxembourg,2025-W52,SARS-CoV-2,2-week count of sequences,total,77,>5% to 10%
SARS-CoV-2 variant,GISAID,Luxembourg,2025-W51,SARS-CoV-2,2-week count of sequences,total,98,>5% to 10%
SARS-CoV-2 variant,GISAID,Luxembourg,2025-W50,SARS-CoV-2,2-week count of sequences,total,106,>5% to 10%
SARS-CoV-2 variant,GISAID,Luxembourg,2025-W49,SARS-CoV-2,2-week count of sequences,total,92,>5% to 10%
SARS-CoV-2 variant,GISAID,Luxembourg,2025-W48,SARS-CoV-2,2-week count of sequences,total,90,>5% to 10%
SARS-CoV-2 variant,GISAID,Luxembourg,2025-W47,SARS-CoV-2,2-week count of sequences,total,96,>5% to 10%
SARS-CoV-2 variant,GISAID,Luxembourg,2025-W46,SARS-CoV-2,2-week count of sequences,total,86,>5% to 10%
SARS-CoV-2 variant,GISAID,Luxembourg,2025-W45,SARS-CoV-2,2-week count of sequences,total,93,>5% to 10%
SARS-CoV-2 variant,GISAID,Luxembourg,2025-W44,SARS-CoV-2,2-week count of sequences,total,134,>2.5% to 5%
SARS-CoV-2 variant,GISAID,Luxembourg,2025-W43,SARS-CoV-2,2-week count of sequences,total,161,>2.5% to 5%
SARS-CoV-2 variant,GISAID,Luxembourg,2025-W42,SARS-CoV-2,2-week count of sequences,total,169,>2.5% to 5%
SARS-CoV-2 variant,GISAID,Luxembourg,2025-W41,SARS-CoV-2,2-week count of sequences,total,173,>2.5% to 5%
SARS-CoV-2 variant,GISAID,Luxembourg,2025-W40,SARS-CoV-2,2-week count of sequences,total,167,>2.5% to 5%
SARS-CoV-2 variant,GISAID,Luxembourg,2025-W39,SARS-CoV-2,2-week count of sequences,total,178,>2.5% to 5%
SARS-CoV-2 variant,GISAID,Luxembourg,2025-W38,SARS-CoV-2,2-week count of sequences,total,136,>2.5% to 5%
SARS-CoV-2 variant,GISAID,Luxembourg,2025-W37,SARS-CoV-2,2-week count of sequences,total,80,>5% to 10%
SARS-CoV-2 variant,GISAID,Luxembourg,2025-W36,SARS-CoV-2,2-week count of sequences,total,86,>5% to 10%
SARS-CoV-2 variant,GISAID,Luxembourg,2025-W35,SARS-CoV-2,2-week count of sequences,total,88,>5% to 10%
SARS-CoV-2 variant,GISAID,Luxembourg,2025-W34,SARS-CoV-2,2-week count of sequences,total,85,>5% to 10%
SARS-CoV-2 variant,GISAID,Luxembourg,2025-W33,SARS-CoV-2,2-week count of sequences,total,90,>5% to 10%
SARS-CoV-2 variant,GISAID,Luxembourg,2025-W32,SARS-CoV-2,2-week count of sequences,total,87,>5% to 10%
SARS-CoV-2 variant,GISAID,Luxembourg,2025-W31,SARS-CoV-2,2-week count of sequences,total,87,>5% to 10%
SARS-CoV-2 variant,GISAID,Luxembourg,2025-W30,SARS-CoV-2,2-week count of sequences,total,96,>5% to 10%
SARS-CoV-2 variant,GISAID,Luxembourg,2025-W29,SARS-CoV-2,2-week count of sequences,total,95,>5% to 10%
SARS-CoV-2 variant,GISAID,Luxembourg,2025-W28,SARS-CoV-2,2-week count of sequences,total,74,>5% to 10%
SARS-CoV-2 variant,GISAID,Luxembourg,2025-W27,SARS-CoV-2,2-week count of sequences,total,60,>5% to 10%
SARS-CoV-2 variant,GISAID,Luxembourg,2025-W26,SARS-CoV-2,2-week count of sequences,total,61,>5% to 10%
SARS-CoV-2 variant,GISAID,Luxembourg,2025-W25,SARS-CoV-2,2-week count of sequences,total,64,>5% to 10%
SARS-CoV-2 variant,GISAID,Luxembourg,2025-W24,SARS-CoV-2,2-week count of sequences,total,67,>5% to 10%
SARS-CoV-2 variant,GISAID,Luxembourg,2025-W23,SARS-CoV-2,2-week count of sequences,total,73,>5% to 10%
SARS-CoV-2 variant,GISAID,Luxembourg,2025-W22,SARS-CoV-2,2-week count of sequences,total,67,>5% to 10%
SARS-CoV-2 variant,GISAID,Luxembourg,2025-W21,SARS-CoV-2,2-week count of sequences,total,44,>10% to 15%
SARS-CoV-2 variant,GISAID,Luxembourg,2025-W20,SARS-CoV-2,2-week count of sequences,total,33,>15%
SARS-CoV-2 variant,GISAID,Luxembourg,2025-W19,SARS-CoV-2,2-week count of sequences,total,33,>15%
SARS-CoV-2 variant,GISAID,Luxembourg,2025-W18,SARS-CoV-2,2-week count of sequences,total,35,>15%
SARS-CoV-2 variant,GISAID,Luxembourg,2025-W17,SARS-CoV-2,2-week count of sequences,total,31,>15%
SARS-CoV-2 variant,GISAID,Luxembourg,2025-W16,SARS-CoV-2,2-week count of sequences,total,36,>15%
SARS-CoV-2 variant,GISAID,Luxembourg,2025-W15,SARS-CoV-2,2-week count of sequences,total,36,>15%
SARS-CoV-2 variant,GISAID,Luxembourg,2025-W14,SARS-CoV-2,2-week count of sequences,total,24,>15%
SARS-CoV-2 variant,GISAID,Luxembourg,2025-W13,SARS-CoV-2,2-week count of sequences,total,20,>15%
SARS-CoV-2 variant,GISAID,Luxembourg,2025-W12,SARS-CoV-2,2-week count of sequences,total,23,>15%
SARS-CoV-2 variant,GISAID,Luxembourg,2025-W11,SARS-CoV-2,2-week count of sequences,total,21,>15%
SARS-CoV-2 variant,GISAID,Luxembourg,2025-W10,SARS-CoV-2,2-week count of sequences,total,24,>15%
SARS-CoV-2 variant,GISAID,Luxembourg,2025-W09,SARS-CoV-2,2-week count of sequences,total,21,>15%
SARS-CoV-2 variant,GISAID,Luxembourg,2025-W08,SARS-CoV-2,2-week count of sequences,total,25,>15%
SARS-CoV-2 variant,GISAID,Luxembourg,2025-W07,SARS-CoV-2,2-week count of sequences,total,44,>10% to 15%
SARS-CoV-2 variant,GISAID,Luxembourg,2025-W06,SARS-CoV-2,2-week count of sequences,total,37,>10% to 15%
SARS-CoV-2 variant,GISAID,Luxembourg,2025-W05,SARS-CoV-2,2-week count of sequences,total,34,>15%
SARS-CoV-2 variant,GISAID,Luxembourg,2025-W04,SARS-CoV-2,2-week count of sequences,total,42,>10% to 15%
SARS-CoV-2 variant,GISAID,Luxembourg,2025-W03,SARS-CoV-2,2-week count of sequences,total,37,>10% to 15%
SARS-CoV-2 variant,GISAID,Luxembourg,2025-W02,SARS-CoV-2,2-week count of sequences,total,26,>15%
SARS-CoV-2 variant,GISAID,Luxembourg,2025-W01,SARS-CoV-2,2-week count of sequences,total,21,>15%
SARS-CoV-2 variant,GISAID,Luxembourg,2024-W52,SARS-CoV-2,2-week count of sequences,total,28,>15%
SARS-CoV-2 variant,GISAID,Luxembourg,2024-W51,SARS-CoV-2,2-week count of sequences,total,18,>15%
SARS-CoV-2 variant,GISAID,Luxembourg,2024-W50,SARS-CoV-2,2-week count of sequences,total,0,No data
SARS-CoV-2 variant,GISAID,Luxembourg,2024-W49,SARS-CoV-2,2-week count of sequences,total,16,>15%
SARS-CoV-2 variant,GISAID,Luxembourg,2024-W48,SARS-CoV-2,2-week count of sequences,total,37,>10% to 15%
SARS-CoV-2 variant,GISAID,Luxembourg,2024-W47,SARS-CoV-2,2-week count of sequences,total,53,>10% to 15%
SARS-CoV-2 variant,GISAID,Luxembourg,2024-W46,SARS-CoV-2,2-week count of sequences,total,49,>10% to 15%
SARS-CoV-2 variant,GISAID,Luxembourg,2024-W45,SARS-CoV-2,2-week count of sequences,total,28,>15%
SARS-CoV-2 variant,GISAID,Luxembourg,2024-W44,SARS-CoV-2,2-week count of sequences,total,46,>10% to 15%
SARS-CoV-2 variant,GISAID,Luxembourg,2024-W43,SARS-CoV-2,2-week count of sequences,total,74,>5% to 10%
SARS-CoV-2 variant,GISAID,Luxembourg,2024-W42,SARS-CoV-2,2-week count of sequences,total,72,>5% to 10%
SARS-CoV-2 variant,GISAID,Luxembourg,2024-W41,SARS-CoV-2,2-week count of sequences,total,61,>5% to 10%
SARS-CoV-2 variant,GISAID,Luxembourg,2024-W40,SARS-CoV-2,2-week count of sequences,total,58,>5% to 10%
SARS-CoV-2 variant,GISAID,Luxembourg,2024-W39,SARS-CoV-2,2-week count of sequences,total,66,>5% to 10%
SARS-CoV-2 variant,GISAID,Luxembourg,2024-W38,SARS-CoV-2,2-week count of sequences,total,80,>5% to 10%
SARS-CoV-2 variant,GISAID,Luxembourg,2024-W37,SARS-CoV-2,2-week count of sequences,total,90,>5% to 10%
SARS-CoV-2 variant,GISAID,Luxembourg,2024-W36,SARS-CoV-2,2-week count of sequences,total,92,>5% to 10%
SARS-CoV-2 variant,GISAID,Luxembourg,2024-W35,SARS-CoV-2,2-week count of sequences,total,78,>5% to 10%
SARS-CoV-2 variant,GISAID,Luxembourg,2024-W34,SARS-CoV-2,2-week count of sequences,total,42,>10% to 15%
SARS-CoV-2 variant,GISAID,Luxembourg,2024-W33,SARS-CoV-2,2-week count of sequences,total,41,>10% to 15%
SARS-CoV-2 variant,GISAID,Luxembourg,2024-W32,SARS-CoV-2,2-week count of sequences,total,53,>10% to 15%
SARS-CoV-2 variant,GISAID,Luxembourg,2024-W31,SARS-CoV-2,2-week count of sequences,total,50,>10% to 15%
SARS-CoV-2 variant,GISAID,Luxembourg,2024-W30,SARS-CoV-2,2-week count of sequences,total,74,>5% to 10%
SARS-CoV-2 variant,GISAID,Luxembourg,2024-W29,SARS-CoV-2,2-week count of sequences,total,96,>5% to 10%
SARS-CoV-2 variant,GISAID,Luxembourg,2024-W28,SARS-CoV-2,2-week count of sequences,total,90,>5% to 10%
SARS-CoV-2 variant,GISAID,Luxembourg,2024-W27,SARS-CoV-2,2-week count of sequences,total,132,>2.5% to 5%
SARS-CoV-2 variant,GISAID,Luxembourg,2024-W26,SARS-CoV-2,2-week count of sequences,total,185,>2.5% to 5%
SARS-CoV-2 variant,GISAID,Luxembourg,2024-W25,SARS-CoV-2,2-week count of sequences,total,148,>2.5% to 5%
SARS-CoV-2 variant,GISAID,Luxembourg,2024-W24,SARS-CoV-2,2-week count of sequences,total,102,>5% to 10%
SARS-CoV-2 variant,GISAID,Luxembourg,2024-W23,SARS-CoV-2,2-week count of sequences,total,77,>5% to 10%
SARS-CoV-2 variant,GISAID,Luxembourg,2024-W22,SARS-CoV-2,2-week count of sequences,total,63,>5% to 10%
SARS-CoV-2 variant,GISAID,Luxembourg,2024-W21,SARS-CoV-2,2-week count of sequences,total,59,>5% to 10%
SARS-CoV-2 variant,GISAID,Luxembourg,2024-W20,SARS-CoV-2,2-week count of sequences,total,34,>15%
SARS-CoV-2 variant,GISAID,Luxembourg,2024-W19,SARS-CoV-2,2-week count of sequences,total,29,>15%
SARS-CoV-2 variant,GISAID,Luxembourg,2024-W18,SARS-CoV-2,2-week count of sequences,total,41,>10% to 15%
SARS-CoV-2 variant,GISAID,Luxembourg,2024-W17,SARS-CoV-2,2-week count of sequences,total,31,>15%
SARS-CoV-2 variant,GISAID,Luxembourg,2024-W16,SARS-CoV-2,2-week count of sequences,total,26,>15%
SARS-CoV-2 variant,GISAID,Luxembourg,2024-W15,SARS-CoV-2,2-week count of sequences,total,25,>15%
SARS-CoV-2 variant,GISAID,Luxembourg,2024-W14,SARS-CoV-2,2-week count of sequences,total,19,>15%
SARS-CoV-2 variant,GISAID,Luxembourg,2024-W13,SARS-CoV-2,2-week count of sequences,total,16,>15%
SARS-CoV-2 variant,GISAID,Luxembourg,2024-W12,SARS-CoV-2,2-week count of sequences,total,15,>15%
SARS-CoV-2 variant,GISAID,Luxembourg,2024-W11,SARS-CoV-2,2-week count of sequences,total,22,>15%
SARS-CoV-2 variant,GISAID,Luxembourg,2024-W10,SARS-CoV-2,2-week count of sequences,total,30,>15%
SARS-CoV-2 variant,GISAID,Luxembourg,2024-W09,SARS-CoV-2,2-week count of sequences,total,39,>10% to 15%
SARS-CoV-2 variant,GISAID,Luxembourg,2024-W08,SARS-CoV-2,2-week count of sequences,total,53,>10% to 15%
SARS-CoV-2 variant,GISAID,Luxembourg,2024-W07,SARS-CoV-2,2-week count of sequences,total,97,>5% to 10%
SARS-CoV-2 variant,GISAID,Luxembourg,2024-W06,SARS-CoV-2,2-week count of sequences,total,126,>2.5% to 5%
SARS-CoV-2 variant,GISAID,Luxembourg,2024-W05,SARS-CoV-2,2-week count of sequences,total,94,>5% to 10%
SARS-CoV-2 variant,GISAID,Luxembourg,2024-W04,SARS-CoV-2,2-week count of sequences,total,121,>2.5% to 5%
SARS-CoV-2 variant,GISAID,Luxembourg,2024-W03,SARS-CoV-2,2-week count of sequences,total,185,>2.5% to 5%
SARS-CoV-2 variant,GISAID,Luxembourg,2024-W02,SARS-CoV-2,2-week count of sequences,total,161,>2.5% to 5%
SARS-CoV-2 variant,GISAID,Luxembourg,2024-W01,SARS-CoV-2,2-week count of sequences,total,94,>5% to 10%
SARS-CoV-2 variant,GISAID,Luxembourg,2023-W52,SARS-CoV-2,2-week count of sequences,total,99,>5% to 10%
SARS-CoV-2 variant,GISAID,Luxembourg,2023-W51,SARS-CoV-2,2-week count of sequences,total,116,>5% to 10%
SARS-CoV-2 variant,GISAID,Luxembourg,2023-W50,SARS-CoV-2,2-week count of sequences,total,136,>2.5% to 5%
SARS-CoV-2 variant,GISAID,Luxembourg,2023-W49,SARS-CoV-2,2-week count of sequences,total,179,>2.5% to 5%
SARS-CoV-2 variant,GISAID,Luxembourg,2023-W48,SARS-CoV-2,2-week count of sequences,total,166,>2.5% to 5%
SARS-CoV-2 variant,GISAID,Luxembourg,2023-W47,SARS-CoV-2,2-week count of sequences,total,176,>2.5% to 5%
SARS-CoV-2 variant,GISAID,Luxembourg,2023-W46,SARS-CoV-2,2-week count of sequences,total,198,>2.5% to 5%
SARS-CoV-2 variant,GISAID,Luxembourg,2023-W45,SARS-CoV-2,2-week count of sequences,total,147,>2.5% to 5%
SARS-CoV-2 variant,GISAID,Luxembourg,2023-W44,SARS-CoV-2,2-week count of sequences,total,101,>5% to 10%
SARS-CoV-2 variant,GISAID,Luxembourg,2023-W43,SARS-CoV-2,2-week count of sequences,total,131,>2.5% to 5%
SARS-CoV-2 variant,GISAID,Luxembourg,2023-W42,SARS-CoV-2,2-week count of sequences,total,187,>2.5% to 5%
SARS-CoV-2 variant,GISAID,Luxembourg,2023-W41,SARS-CoV-2,2-week count of sequences,total,223,>2.5% to 5%
SARS-CoV-2 variant,GISAID,Luxembourg,2023-W40,SARS-CoV-2,2-week count of sequences,total,175,>2.5% to 5%
SARS-CoV-2 variant,GISAID,Luxembourg,2023-W39,SARS-CoV-2,2-week count of sequences,total,175,>2.5% to 5%
SARS-CoV-2 variant,GISAID,Luxembourg,2023-W38,SARS-CoV-2,2-week count of sequences,total,182,>2.5% to 5%
SARS-CoV-2 variant,GISAID,Luxembourg,2023-W37,SARS-CoV-2,2-week count of sequences,total,138,>2.5% to 5%
SARS-CoV-2 variant,GISAID,Luxembourg,2023-W36,SARS-CoV-2,2-week count of sequences,total,228,>2.5% to 5%
SARS-CoV-2 variant,GISAID,Luxembourg,2023-W35,SARS-CoV-2,2-week count of sequences,total,247,>1% to 2.5%
SARS-CoV-2 variant,GISAID,Luxembourg,2023-W34,SARS-CoV-2,2-week count of sequences,total,169,>2.5% to 5%
SARS-CoV-2 variant,GISAID,Luxembourg,2023-W33,SARS-CoV-2,2-week count of sequences,total,133,>2.5% to 5%
SARS-CoV-2 variant,GISAID,Luxembourg,2023-W32,SARS-CoV-2,2-week count of sequences,total,112,>5% to 10%
SARS-CoV-2 variant,GISAID,Luxembourg,2023-W31,SARS-CoV-2,2-week count of sequences,total,110,>5% to 10%
SARS-CoV-2 variant,GISAID,Luxembourg,2023-W30,SARS-CoV-2,2-week count of sequences,total,82,>5% to 10%
SARS-CoV-2 variant,GISAID,Luxembourg,2023-W29,SARS-CoV-2,2-week count of sequences,total,52,>10% to 15%
SARS-CoV-2 variant,GISAID,Luxembourg,2023-W28,SARS-CoV-2,2-week count of sequences,total,47,>10% to 15%
SARS-CoV-2 variant,GISAID,Luxembourg,2023-W27,SARS-CoV-2,2-week count of sequences,total,44,>10% to 15%
SARS-CoV-2 variant,GISAID,Luxembourg,2023-W26,SARS-CoV-2,2-week count of sequences,total,41,>10% to 15%
SARS-CoV-2 variant,GISAID,Luxembourg,2023-W25,SARS-CoV-2,2-week count of sequences,total,42,>10% to 15%
SARS-CoV-2 variant,GISAID,Luxembourg,2023-W24,SARS-CoV-2,2-week count of sequences,total,55,>10% to 15%
SARS-CoV-2 variant,GISAID,Luxembourg,2023-W23,SARS-CoV-2,2-week count of sequences,total,56,>10% to 15%
SARS-CoV-2 variant,GISAID,Luxembourg,2023-W22,SARS-CoV-2,2-week count of sequences,total,93,>5% to 10%
SARS-CoV-2 variant,GISAID,Luxembourg,2023-W21,SARS-CoV-2,2-week count of sequences,total,152,>2.5% to 5%
SARS-CoV-2 variant,GISAID,Luxembourg,2023-W20,SARS-CoV-2,2-week count of sequences,total,182,>2.5% to 5%
SARS-CoV-2 variant,GISAID,Luxembourg,2023-W19,SARS-CoV-2,2-week count of sequences,total,255,>1% to 2.5%
SARS-CoV-2 variant,GISAID,Luxembourg,2023-W18,SARS-CoV-2,2-week count of sequences,total,278,>1% to 2.5%
SARS-CoV-2 variant,GISAID,Luxembourg,2023-W17,SARS-CoV-2,2-week count of sequences,total,288,>1% to 2.5%
SARS-CoV-2 variant,GISAID,Luxembourg,2023-W16,SARS-CoV-2,2-week count of sequences,total,298,>1% to 2.5%
SARS-CoV-2 variant,GISAID,Luxembourg,2023-W15,SARS-CoV-2,2-week count of sequences,total,297,>1% to 2.5%
SARS-CoV-2 variant,GISAID,Luxembourg,2023-W14,SARS-CoV-2,2-week count of sequences,total,408,>1% to 2.5%
SARS-CoV-2 variant,GISAID,Luxembourg,2023-W13,SARS-CoV-2,2-week count of sequences,total,467,>1% to 2.5%
SARS-CoV-2 variant,GISAID,Luxembourg,2023-W12,SARS-CoV-2,2-week count of sequences,total,551,>1% to 2.5%
SARS-CoV-2 variant,GISAID,Luxembourg,2023-W11,SARS-CoV-2,2-week count of sequences,total,672,≤1%
SARS-CoV-2 variant,GISAID,Luxembourg,2023-W10,SARS-CoV-2,2-week count of sequences,total,671,≤1%
SARS-CoV-2 variant,GISAID,Luxembourg,2023-W09,SARS-CoV-2,2-week count of sequences,total,575,>1% to 2.5%
SARS-CoV-2 variant,GISAID,Luxembourg,2023-W08,SARS-CoV-2,2-week count of sequences,total,490,>1% to 2.5%
SARS-CoV-2 variant,GISAID,Luxembourg,2023-W07,SARS-CoV-2,2-week count of sequences,total,489,>1% to 2.5%
SARS-CoV-2 variant,GISAID,Luxembourg,2023-W06,SARS-CoV-2,2-week count of sequences,total,500,>1% to 2.5%
SARS-CoV-2 variant,GISAID,Luxembourg,2023-W05,SARS-CoV-2,2-week count of sequences,total,493,>1% to 2.5%
SARS-CoV-2 variant,GISAID,Luxembourg,2023-W04,SARS-CoV-2,2-week count of sequences,total,406,>1% to 2.5%
SARS-CoV-2 variant,GISAID,Luxembourg,2023-W03,SARS-CoV-2,2-week count of sequences,total,380,>1% to 2.5%
SARS-CoV-2 variant,GISAID,Luxembourg,2023-W02,SARS-CoV-2,2-week count of sequences,total,551,>1% to 2.5%
SARS-CoV-2 variant,GISAID,Luxembourg,2023-W01,SARS-CoV-2,2-week count of sequences,total,630,≤1%
SARS-CoV-2 variant,GISAID,Luxembourg,2022-W52,SARS-CoV-2,2-week count of sequences,total,641,≤1%
SARS-CoV-2 variant,GISAID,Luxembourg,2022-W51,SARS-CoV-2,2-week count of sequences,total,672,≤1%
SARS-CoV-2 variant,GISAID,Luxembourg,2022-W50,SARS-CoV-2,2-week count of sequences,total,638,≤1%
SARS-CoV-2 variant,GISAID,Luxembourg,2022-W49,SARS-CoV-2,2-week count of sequences,total,559,>1% to 2.5%
SARS-CoV-2 variant,GISAID,Luxembourg,2022-W48,SARS-CoV-2,2-week count of sequences,total,487,>1% to 2.5%
SARS-CoV-2 variant,GISAID,Luxembourg,2022-W47,SARS-CoV-2,2-week count of sequences,total,648,≤1%
SARS-CoV-2 variant,GISAID,Luxembourg,2022-W46,SARS-CoV-2,2-week count of sequences,total,920,≤1%
SARS-CoV-2 variant,GISAID,Luxembourg,2022-W45,SARS-CoV-2,2-week count of sequences,total,1011,≤1%
SARS-CoV-2 variant,GISAID,Luxembourg,2022-W44,SARS-CoV-2,2-week count of sequences,total,1053,≤1%
SARS-CoV-2 variant,GISAID,Luxembourg,2022-W43,SARS-CoV-2,2-week count of sequences,total,1176,≤1%
SARS-CoV-2 variant,GISAID,Luxembourg,2022-W42,SARS-CoV-2,2-week count of sequences,total,1191,≤1%
SARS-CoV-2 variant,GISAID,Luxembourg,2022-W41,SARS-CoV-2,2-week count of sequences,total,1139,≤1%
SARS-CoV-2 variant,GISAID,Luxembourg,2022-W40,SARS-CoV-2,2-week count of sequences,total,1076,≤1%
SARS-CoV-2 variant,GISAID,Luxembourg,2022-W39,SARS-CoV-2,2-week count of sequences,total,974,≤1%
SARS-CoV-2 variant,GISAID,Luxembourg,2022-W38,SARS-CoV-2,2-week count of sequences,total,863,≤1%
SARS-CoV-2 variant,GISAID,Luxembourg,2022-W37,SARS-CoV-2,2-week count of sequences,total,821,≤1%
SARS-CoV-2 variant,GISAID,Luxembourg,2022-W36,SARS-CoV-2,2-week count of sequences,total,921,≤1%
SARS-CoV-2 variant,GISAID,Luxembourg,2022-W35,SARS-CoV-2,2-week count of sequences,total,912,≤1%
SARS-CoV-2 variant,GISAID,Luxembourg,2022-W34,SARS-CoV-2,2-week count of sequences,total,1027,≤1%
SARS-CoV-2 variant,GISAID,Luxembourg,2022-W33,SARS-CoV-2,2-week count of sequences,total,1266,≤1%
SARS-CoV-2 variant,GISAID,Luxembourg,2022-W32,SARS-CoV-2,2-week count of sequences,total,1326,≤1%
SARS-CoV-2 variant,GISAID,Luxembourg,2022-W31,SARS-CoV-2,2-week count of sequences,total,1355,≤1%
SARS-CoV-2 variant,GISAID,Luxembourg,2022-W30,SARS-CoV-2,2-week count of sequences,total,1348,≤1%
SARS-CoV-2 variant,GISAID,Luxembourg,2022-W29,SARS-CoV-2,2-week count of sequences,total,1379,≤1%
SARS-CoV-2 variant,GISAID,Luxembourg,2022-W28,SARS-CoV-2,2-week count of sequences,total,1338,≤1%
SARS-CoV-2 variant,GISAID,Luxembourg,2022-W27,SARS-CoV-2,2-week count of sequences,total,1312,≤1%
SARS-CoV-2 variant,GISAID,Luxembourg,2022-W26,SARS-CoV-2,2-week count of sequences,total,1311,≤1%
SARS-CoV-2 variant,GISAID,Luxembourg,2022-W25,SARS-CoV-2,2-week count of sequences,total,623,≤1%
SARS-CoV-2 variant,TESSy,Malta,2026-W36,SARS-CoV-2,2-week count of sequences,total,0,No data
SARS-CoV-2 variant,TESSy,Malta,2026-W35,SARS-CoV-2,2-week count of sequences,total,0,No data
SARS-CoV-2 variant,TESSy,Malta,2026-W34,SARS-CoV-2,2-week count of sequences,total,0,No data
SARS-CoV-2 variant,TESSy,Malta,2026-W33,SARS-CoV-2,2-week count of sequences,total,0,No data
SARS-CoV-2 variant,TESSy,Malta,2026-W32,SARS-CoV-2,2-week count of sequences,total,0,No data
SARS-CoV-2 variant,TESSy,Malta,2026-W31,SARS-CoV-2,2-week count of sequences,total,0,No data
SARS-CoV-2 variant,TESSy,Malta,2026-W30,SARS-CoV-2,2-week count of sequences,total,0,No data
SARS-CoV-2 variant,TESSy,Malta,2026-W29,SARS-CoV-2,2-week count of sequences,total,0,No data
SARS-CoV-2 variant,TESSy,Malta,2026-W28,SARS-CoV-2,2-week count of sequences,total,0,No data
SARS-CoV-2 variant,TESSy,Malta,2026-W27,SARS-CoV-2,2-week count of sequences,total,0,No data
SARS-CoV-2 variant,TESSy,Malta,2026-W26,SARS-CoV-2,2-week count of sequences,total,0,No data
SARS-CoV-2 variant,TESSy,Malta,2026-W25,SARS-CoV-2,2-week count of sequences,total,0,No data
SARS-CoV-2 variant,TESSy,Malta,2026-W24,SARS-CoV-2,2-week count of sequences,total,0,No data
SARS-CoV-2 variant,TESSy,Malta,2026-W23,SARS-CoV-2,2-week count of sequences,total,0,No data
SARS-CoV-2 variant,TESSy,Malta,2026-W22,SARS-CoV-2,2-week count of sequences,total,0,No data
SARS-CoV-2 variant,TESSy,Malta,2026-W21,SARS-CoV-2,2-week count of sequences,total,0,No data
SARS-CoV-2 variant,TESSy,Malta,2026-W20,SARS-CoV-2,2-week count of sequences,total,0,No data
SARS-CoV-2 variant,TESSy,Malta,2026-W19,SARS-CoV-2,2-week count of sequences,total,0,No data
SARS-CoV-2 variant,TESSy,Malta,2026-W18,SARS-CoV-2,2-week count of sequences,total,0,No data
SARS-CoV-2 variant,TESSy,Malta,2026-W17,SARS-CoV-2,2-week count of sequences,total,0,No data
SARS-CoV-2 variant,TESSy,Malta,2026-W16,SARS-CoV-2,2-week count of sequences,total,0,No data
SARS-CoV-2 variant,TESSy,Malta,2026-W15,SARS-CoV-2,2-week count of sequences,total,0,No data
SARS-CoV-2 variant,TESSy,Malta,2026-W14,SARS-CoV-2,2-week count of sequences,total,0,No data
SARS-CoV-2 variant,TESSy,Malta,2026-W13,SARS-CoV-2,2-week count of sequences,total,0,No data
SARS-CoV-2 variant,TESSy,Malta,2026-W12,SARS-CoV-2,2-week count of sequences,total,0,No data
SARS-CoV-2 variant,TESSy,Malta,2026-W11,SARS-CoV-2,2-week count of sequences,total,0,No data
SARS-CoV-2 variant,TESSy,Malta,2026-W10,SARS-CoV-2,2-week count of sequences,total,0,No data
SARS-CoV-2 variant,TESSy,Malta,2026-W09,SARS-CoV-2,2-week count of sequences,total,0,No data
SARS-CoV-2 variant,TESSy,Malta,2026-W08,SARS-CoV-2,2-week count of sequences,total,0,No data
SARS-CoV-2 variant,TESSy,Malta,2026-W07,SARS-CoV-2,2-week count of sequences,total,0,No data
SARS-CoV-2 variant,TESSy,Malta,2026-W06,SARS-CoV-2,2-week count of sequences,total,0,No data
SARS-CoV-2 variant,TESSy,Malta,2026-W05,SARS-CoV-2,2-week count of sequences,total,0,No data
SARS-CoV-2 variant,TESSy,Malta,2026-W04,SARS-CoV-2,2-week count of sequences,total,0,No data
SARS-CoV-2 variant,TESSy,Malta,2026-W03,SARS-CoV-2,2-week count of sequences,total,0,No data
SARS-CoV-2 variant,TESSy,Malta,2026-W02,SARS-CoV-2,2-week count of sequences,total,0,No data
SARS-CoV-2 variant,TESSy,Malta,2026-W01,SARS-CoV-2,2-week count of sequences,total,0,No data
SARS-CoV-2 variant,TESSy,Malta,2025-W52,SARS-CoV-2,2-week count of sequences,total,0,No data
SARS-CoV-2 variant,TESSy,Malta,2025-W51,SARS-CoV-2,2-week count of sequences,total,0,No data
SARS-CoV-2 variant,TESSy,Malta,2025-W50,SARS-CoV-2,2-week count of sequences,total,0,No data
SARS-CoV-2 variant,TESSy,Malta,2025-W49,SARS-CoV-2,2-week count of sequences,total,0,No data
SARS-CoV-2 variant,TESSy,Malta,2025-W48,SARS-CoV-2,2-week count of sequences,total,0,No data
SARS-CoV-2 variant,TESSy,Malta,2025-W47,SARS-CoV-2,2-week count of sequences,total,0,No data
SARS-CoV-2 variant,TESSy,Malta,2025-W46,SARS-CoV-2,2-week count of sequences,total,0,No data
SARS-CoV-2 variant,TESSy,Malta,2025-W45,SARS-CoV-2,2-week count of sequences,total,0,No data
SARS-CoV-2 variant,TESSy,Malta,2025-W44,SARS-CoV-2,2-week count of sequences,total,0,No data
SARS-CoV-2 variant,TESSy,Malta,2025-W43,SARS-CoV-2,2-week count of sequences,total,0,No data
SARS-CoV-2 variant,TESSy,Malta,2025-W42,SARS-CoV-2,2-week count of sequences,total,0,No data
SARS-CoV-2 variant,TESSy,Malta,2025-W41,SARS-CoV-2,2-week count of sequences,total,0,No data
SARS-CoV-2 variant,TESSy,Malta,2025-W40,SARS-CoV-2,2-week count of sequences,total,0,No data
SARS-CoV-2 variant,TESSy,Malta,2025-W39,SARS-CoV-2,2-week count of sequences,total,0,No data
SARS-CoV-2 variant,TESSy,Malta,2025-W38,SARS-CoV-2,2-week count of sequences,total,0,No data
SARS-CoV-2 variant,TESSy,Malta,2025-W37,SARS-CoV-2,2-week count of sequences,total,0,No data
SARS-CoV-2 variant,TESSy,Malta,2025-W36,SARS-CoV-2,2-week count of sequences,total,0,No data
SARS-CoV-2 variant,TESSy,Malta,2025-W35,SARS-CoV-2,2-week count of sequences,total,0,No data
SARS-CoV-2 variant,TESSy,Malta,2025-W34,SARS-CoV-2,2-week count of sequences,total,0,No data
SARS-CoV-2 variant,TESSy,Malta,2025-W33,SARS-CoV-2,2-week count of sequences,total,0,No data
SARS-CoV-2 variant,TESSy,Malta,2025-W32,SARS-CoV-2,2-week count of sequences,total,0,No data
SARS-CoV-2 variant,TESSy,Malta,2025-W31,SARS-CoV-2,2-week count of sequences,total,0,No data
SARS-CoV-2 variant,TESSy,Malta,2025-W30,SARS-CoV-2,2-week count of sequences,total,32,>15%
SARS-CoV-2 variant,TESSy,Malta,2025-W29,SARS-CoV-2,2-week count of sequences,total,57,>5% to 10%
SARS-CoV-2 variant,TESSy,Malta,2025-W28,SARS-CoV-2,2-week count of sequences,total,62,>5% to 10%
SARS-CoV-2 variant,TESSy,Malta,2025-W27,SARS-CoV-2,2-week count of sequences,total,38,>10% to 15%
SARS-CoV-2 variant,TESSy,Malta,2025-W26,SARS-CoV-2,2-week count of sequences,total,24,>15%
SARS-CoV-2 variant,TESSy,Malta,2025-W25,SARS-CoV-2,2-week count of sequences,total,54,>10% to 15%
SARS-CoV-2 variant,TESSy,Malta,2025-W24,SARS-CoV-2,2-week count of sequences,total,43,>10% to 15%
SARS-CoV-2 variant,TESSy,Malta,2025-W23,SARS-CoV-2,2-week count of sequences,total,17,>15%
SARS-CoV-2 variant,TESSy,Malta,2025-W22,SARS-CoV-2,2-week count of sequences,total,9,>15%
SARS-CoV-2 variant,TESSy,Malta,2025-W21,SARS-CoV-2,2-week count of sequences,total,10,>15%
SARS-CoV-2 variant,TESSy,Malta,2025-W20,SARS-CoV-2,2-week count of sequences,total,6,>15%
SARS-CoV-2 variant,TESSy,Malta,2025-W19,SARS-CoV-2,2-week count of sequences,total,0,No data
SARS-CoV-2 variant,TESSy,Malta,2025-W18,SARS-CoV-2,2-week count of sequences,total,0,No data
SARS-CoV-2 variant,TESSy,Malta,2025-W17,SARS-CoV-2,2-week count of sequences,total,0,No data
SARS-CoV-2 variant,TESSy,Malta,2025-W16,SARS-CoV-2,2-week count of sequences,total,0,No data
SARS-CoV-2 variant,TESSy,Malta,2025-W15,SARS-CoV-2,2-week count of sequences,total,0,No data
SARS-CoV-2 variant,TESSy,Malta,2025-W14,SARS-CoV-2,2-week count of sequences,total,0,No data
SARS-CoV-2 variant,TESSy,Malta,2025-W13,SARS-CoV-2,2-week count of sequences,total,0,No data
SARS-CoV-2 variant,TESSy,Malta,2025-W12,SARS-CoV-2,2-week count of sequences,total,0,No data
SARS-CoV-2 variant,TESSy,Malta,2025-W11,SARS-CoV-2,2-week count of sequences,total,0,No data
SARS-CoV-2 variant,TESSy,Malta,2025-W10,SARS-CoV-2,2-week count of sequences,total,0,No data
SARS-CoV-2 variant,TESSy,Malta,2025-W09,SARS-CoV-2,2-week count of sequences,total,0,No data
SARS-CoV-2 variant,TESSy,Malta,2025-W08,SARS-CoV-2,2-week count of sequences,total,0,No data
SARS-CoV-2 variant,TESSy,Malta,2025-W07,SARS-CoV-2,2-week count of sequences,total,0,No data
SARS-CoV-2 variant,TESSy,Malta,2025-W06,SARS-CoV-2,2-week count of sequences,total,0,No data
SARS-CoV-2 variant,TESSy,Malta,2025-W05,SARS-CoV-2,2-week count of sequences,total,0,No data
SARS-CoV-2 variant,TESSy,Malta,2025-W04,SARS-CoV-2,2-week count of sequences,total,0,No data
SARS-CoV-2 variant,TESSy,Malta,2025-W03,SARS-CoV-2,2-week count of sequences,total,0,No data
SARS-CoV-2 variant,TESSy,Malta,2025-W02,SARS-CoV-2,2-week count of sequences,total,0,No data
SARS-CoV-2 variant,TESSy,Malta,2025-W01,SARS-CoV-2,2-week count of sequences,total,0,No data
SARS-CoV-2 variant,TESSy,Malta,2024-W52,SARS-CoV-2,2-week count of sequences,total,0,No data
SARS-CoV-2 variant,TESSy,Malta,2024-W51,SARS-CoV-2,2-week count of sequences,total,0,No data
SARS-CoV-2 variant,TESSy,Malta,2024-W50,SARS-CoV-2,2-week count of sequences,total,0,No data
SARS-CoV-2 variant,TESSy,Malta,2024-W49,SARS-CoV-2,2-week count of sequences,total,0,No data
SARS-CoV-2 variant,TESSy,Malta,2024-W48,SARS-CoV-2,2-week count of sequences,total,0,No data
SARS-CoV-2 variant,TESSy,Malta,2024-W47,SARS-CoV-2,2-week count of sequences,total,0,No data
SARS-CoV-2 variant,TESSy,Malta,2024-W46,SARS-CoV-2,2-week count of sequences,total,0,No data
SARS-CoV-2 variant,TESSy,Malta,2024-W45,SARS-CoV-2,2-week count of sequences,total,0,No data
SARS-CoV-2 variant,TESSy,Malta,2024-W44,SARS-CoV-2,2-week count of sequences,total,0,No data
SARS-CoV-2 variant,TESSy,Malta,2024-W43,SARS-CoV-2,2-week count of sequences,total,0,No data
SARS-CoV-2 variant,TESSy,Malta,2024-W42,SARS-CoV-2,2-week count of sequences,total,0,No data
SARS-CoV-2 variant,TESSy,Malta,2024-W41,SARS-CoV-2,2-week count of sequences,total,0,No data
SARS-CoV-2 variant,TESSy,Malta,2024-W40,SARS-CoV-2,2-week count of sequences,total,0,No data
SARS-CoV-2 variant,TESSy,Malta,2024-W39,SARS-CoV-2,2-week count of sequences,total,0,No data
SARS-CoV-2 variant,TESSy,Malta,2024-W38,SARS-CoV-2,2-week count of sequences,total,0,No data
SARS-CoV-2 variant,TESSy,Malta,2024-W37,SARS-CoV-2,2-week count of sequences,total,0,No data
SARS-CoV-2 variant,TESSy,Malta,2024-W36,SARS-CoV-2,2-week count of sequences,total,0,No data
SARS-CoV-2 variant,TESSy,Malta,2024-W35,SARS-CoV-2,2-week count of sequences,total,0,No data
SARS-CoV-2 variant,TESSy,Malta,2024-W34,SARS-CoV-2,2-week count of sequences,total,0,No data
SARS-CoV-2 variant,TESSy,Malta,2024-W33,SARS-CoV-2,2-week count of sequences,total,0,No data
SARS-CoV-2 variant,TESSy,Malta,2024-W32,SARS-CoV-2,2-week count of sequences,total,0,No data
SARS-CoV-2 variant,TESSy,Malta,2024-W31,SARS-CoV-2,2-week count of sequences,total,0,No data
SARS-CoV-2 variant,TESSy,Malta,2024-W30,SARS-CoV-2,2-week count of sequences,total,15,>15%
SARS-CoV-2 variant,TESSy,Malta,2024-W29,SARS-CoV-2,2-week count of sequences,total,39,>10% to 15%
SARS-CoV-2 variant,TESSy,Malta,2024-W28,SARS-CoV-2,2-week count of sequences,total,52,>10% to 15%
SARS-CoV-2 variant,TESSy,Malta,2024-W27,SARS-CoV-2,2-week count of sequences,total,85,>5% to 10%
SARS-CoV-2 variant,TESSy,Malta,2024-W26,SARS-CoV-2,2-week count of sequences,total,99,>5% to 10%
SARS-CoV-2 variant,TESSy,Malta,2024-W25,SARS-CoV-2,2-week count of sequences,total,70,>5% to 10%
SARS-CoV-2 variant,TESSy,Malta,2024-W24,SARS-CoV-2,2-week count of sequences,total,60,>5% to 10%
SARS-CoV-2 variant,TESSy,Malta,2024-W23,SARS-CoV-2,2-week count of sequences,total,57,>5% to 10%
SARS-CoV-2 variant,TESSy,Malta,2024-W22,SARS-CoV-2,2-week count of sequences,total,32,>15%
SARS-CoV-2 variant,TESSy,Malta,2024-W21,SARS-CoV-2,2-week count of sequences,total,13,>15%
SARS-CoV-2 variant,TESSy,Malta,2024-W20,SARS-CoV-2,2-week count of sequences,total,13,>15%
SARS-CoV-2 variant,TESSy,Malta,2024-W19,SARS-CoV-2,2-week count of sequences,total,8,>15%
SARS-CoV-2 variant,TESSy,Malta,2024-W18,SARS-CoV-2,2-week count of sequences,total,5,>15%
SARS-CoV-2 variant,TESSy,Malta,2024-W17,SARS-CoV-2,2-week count of sequences,total,7,>15%
SARS-CoV-2 variant,TESSy,Malta,2024-W16,SARS-CoV-2,2-week count of sequences,total,3,>15%
SARS-CoV-2 variant,TESSy,Malta,2024-W15,SARS-CoV-2,2-week count of sequences,total,0,No data
SARS-CoV-2 variant,TESSy,Malta,2024-W14,SARS-CoV-2,2-week count of sequences,total,1,>15%
SARS-CoV-2 variant,TESSy,Malta,2024-W13,SARS-CoV-2,2-week count of sequences,total,1,>15%
SARS-CoV-2 variant,TESSy,Malta,2024-W12,SARS-CoV-2,2-week count of sequences,total,0,No data
SARS-CoV-2 variant,TESSy,Malta,2024-W11,SARS-CoV-2,2-week count of sequences,total,0,No data
SARS-CoV-2 variant,TESSy,Malta,2024-W10,SARS-CoV-2,2-week count of sequences,total,0,No data
SARS-CoV-2 variant,TESSy,Malta,2024-W09,SARS-CoV-2,2-week count of sequences,total,3,>15%
SARS-CoV-2 variant,TESSy,Malta,2024-W08,SARS-CoV-2,2-week count of sequences,total,3,>15%
SARS-CoV-2 variant,TESSy,Malta,2024-W07,SARS-CoV-2,2-week count of sequences,total,1,>15%
SARS-CoV-2 variant,TESSy,Malta,2024-W06,SARS-CoV-2,2-week count of sequences,total,2,>15%
SARS-CoV-2 variant,TESSy,Malta,2024-W05,SARS-CoV-2,2-week count of sequences,total,1,>15%
SARS-CoV-2 variant,TESSy,Malta,2024-W04,SARS-CoV-2,2-week count of sequences,total,2,>15%
SARS-CoV-2 variant,TESSy,Malta,2024-W03,SARS-CoV-2,2-week count of sequences,total,11,>15%
SARS-CoV-2 variant,TESSy,Malta,2024-W02,SARS-CoV-2,2-week count of sequences,total,14,>15%
SARS-CoV-2 variant,TESSy,Malta,2024-W01,SARS-CoV-2,2-week count of sequences,total,8,>15%
SARS-CoV-2 variant,TESSy,Malta,2023-W52,SARS-CoV-2,2-week count of sequences,total,10,>15%
SARS-CoV-2 variant,TESSy,Malta,2023-W51,SARS-CoV-2,2-week count of sequences,total,7,>15%
SARS-CoV-2 variant,TESSy,Malta,2023-W50,SARS-CoV-2,2-week count of sequences,total,1,>15%
SARS-CoV-2 variant,TESSy,Malta,2023-W49,SARS-CoV-2,2-week count of sequences,total,1,>15%
SARS-CoV-2 variant,TESSy,Malta,2023-W48,SARS-CoV-2,2-week count of sequences,total,0,No data
SARS-CoV-2 variant,TESSy,Malta,2023-W47,SARS-CoV-2,2-week count of sequences,total,1,>15%
SARS-CoV-2 variant,TESSy,Malta,2023-W46,SARS-CoV-2,2-week count of sequences,total,3,>15%
SARS-CoV-2 variant,TESSy,Malta,2023-W45,SARS-CoV-2,2-week count of sequences,total,2,>15%
SARS-CoV-2 variant,TESSy,Malta,2023-W44,SARS-CoV-2,2-week count of sequences,total,2,>15%
SARS-CoV-2 variant,TESSy,Malta,2023-W43,SARS-CoV-2,2-week count of sequences,total,2,>15%
SARS-CoV-2 variant,TESSy,Malta,2023-W42,SARS-CoV-2,2-week count of sequences,total,6,>15%
SARS-CoV-2 variant,TESSy,Malta,2023-W41,SARS-CoV-2,2-week count of sequences,total,7,>15%
SARS-CoV-2 variant,TESSy,Malta,2023-W40,SARS-CoV-2,2-week count of sequences,total,1,>15%
SARS-CoV-2 variant,TESSy,Malta,2023-W39,SARS-CoV-2,2-week count of sequences,total,3,>15%
SARS-CoV-2 variant,TESSy,Malta,2023-W38,SARS-CoV-2,2-week count of sequences,total,8,>15%
SARS-CoV-2 variant,TESSy,Malta,2023-W37,SARS-CoV-2,2-week count of sequences,total,11,>15%
SARS-CoV-2 variant,TESSy,Malta,2023-W36,SARS-CoV-2,2-week count of sequences,total,13,>15%
SARS-CoV-2 variant,TESSy,Malta,2023-W35,SARS-CoV-2,2-week count of sequences,total,18,>15%
SARS-CoV-2 variant,TESSy,Malta,2023-W34,SARS-CoV-2,2-week count of sequences,total,13,>15%
SARS-CoV-2 variant,TESSy,Malta,2023-W33,SARS-CoV-2,2-week count of sequences,total,6,>15%
SARS-CoV-2 variant,TESSy,Malta,2023-W32,SARS-CoV-2,2-week count of sequences,total,9,>15%
SARS-CoV-2 variant,TESSy,Malta,2023-W31,SARS-CoV-2,2-week count of sequences,total,16,>15%
SARS-CoV-2 variant,TESSy,Malta,2023-W30,SARS-CoV-2,2-week count of sequences,total,20,>15%
SARS-CoV-2 variant,TESSy,Malta,2023-W29,SARS-CoV-2,2-week count of sequences,total,22,>15%
SARS-CoV-2 variant,TESSy,Malta,2023-W28,SARS-CoV-2,2-week count of sequences,total,19,>15%
SARS-CoV-2 variant,TESSy,Malta,2023-W27,SARS-CoV-2,2-week count of sequences,total,14,>15%
SARS-CoV-2 variant,TESSy,Malta,2023-W26,SARS-CoV-2,2-week count of sequences,total,13,>15%
SARS-CoV-2 variant,TESSy,Malta,2023-W25,SARS-CoV-2,2-week count of sequences,total,17,>15%
SARS-CoV-2 variant,TESSy,Malta,2023-W24,SARS-CoV-2,2-week count of sequences,total,13,>15%
SARS-CoV-2 variant,TESSy,Malta,2023-W23,SARS-CoV-2,2-week count of sequences,total,2,>15%
SARS-CoV-2 variant,TESSy,Malta,2023-W22,SARS-CoV-2,2-week count of sequences,total,1,>15%
SARS-CoV-2 variant,TESSy,Malta,2023-W21,SARS-CoV-2,2-week count of sequences,total,2,>15%
SARS-CoV-2 variant,TESSy,Malta,2023-W20,SARS-CoV-2,2-week count of sequences,total,8,>15%
SARS-CoV-2 variant,TESSy,Malta,2023-W19,SARS-CoV-2,2-week count of sequences,total,9,>15%
SARS-CoV-2 variant,TESSy,Malta,2023-W18,SARS-CoV-2,2-week count of sequences,total,4,>15%
SARS-CoV-2 variant,TESSy,Malta,2023-W17,SARS-CoV-2,2-week count of sequences,total,4,>15%
SARS-CoV-2 variant,TESSy,Malta,2023-W16,SARS-CoV-2,2-week count of sequences,total,4,>15%
SARS-CoV-2 variant,TESSy,Malta,2023-W15,SARS-CoV-2,2-week count of sequences,total,5,>15%
SARS-CoV-2 variant,TESSy,Malta,2023-W14,SARS-CoV-2,2-week count of sequences,total,12,>15%
SARS-CoV-2 variant,TESSy,Malta,2023-W13,SARS-CoV-2,2-week count of sequences,total,14,>15%
SARS-CoV-2 variant,TESSy,Malta,2023-W12,SARS-CoV-2,2-week count of sequences,total,15,>15%
SARS-CoV-2 variant,TESSy,Malta,2023-W11,SARS-CoV-2,2-week count of sequences,total,26,>15%
SARS-CoV-2 variant,TESSy,Malta,2023-W10,SARS-CoV-2,2-week count of sequences,total,26,>15%
SARS-CoV-2 variant,TESSy,Malta,2023-W09,SARS-CoV-2,2-week count of sequences,total,20,>15%
SARS-CoV-2 variant,TESSy,Malta,2023-W08,SARS-CoV-2,2-week count of sequences,total,12,>15%
SARS-CoV-2 variant,TESSy,Malta,2023-W07,SARS-CoV-2,2-week count of sequences,total,12,>15%
SARS-CoV-2 variant,TESSy,Malta,2023-W06,SARS-CoV-2,2-week count of sequences,total,18,>15%
SARS-CoV-2 variant,TESSy,Malta,2023-W05,SARS-CoV-2,2-week count of sequences,total,11,>15%
SARS-CoV-2 variant,TESSy,Malta,2023-W04,SARS-CoV-2,2-week count of sequences,total,18,>15%
SARS-CoV-2 variant,TESSy,Malta,2023-W03,SARS-CoV-2,2-week count of sequences,total,21,>15%
SARS-CoV-2 variant,TESSy,Malta,2023-W02,SARS-CoV-2,2-week count of sequences,total,20,>15%
SARS-CoV-2 variant,TESSy,Malta,2023-W01,SARS-CoV-2,2-week count of sequences,total,17,>15%
SARS-CoV-2 variant,TESSy,Malta,2022-W52,SARS-CoV-2,2-week count of sequences,total,9,>15%
SARS-CoV-2 variant,TESSy,Malta,2022-W51,SARS-CoV-2,2-week count of sequences,total,15,>15%
SARS-CoV-2 variant,TESSy,Malta,2022-W50,SARS-CoV-2,2-week count of sequences,total,13,>15%
SARS-CoV-2 variant,TESSy,Malta,2022-W49,SARS-CoV-2,2-week count of sequences,total,8,>15%
SARS-CoV-2 variant,TESSy,Malta,2022-W48,SARS-CoV-2,2-week count of sequences,total,6,>15%
SARS-CoV-2 variant,TESSy,Malta,2022-W47,SARS-CoV-2,2-week count of sequences,total,8,>15%
SARS-CoV-2 variant,TESSy,Malta,2022-W46,SARS-CoV-2,2-week count of sequences,total,17,>15%
SARS-CoV-2 variant,TESSy,Malta,2022-W45,SARS-CoV-2,2-week count of sequences,total,14,>15%
SARS-CoV-2 variant,TESSy,Malta,2022-W44,SARS-CoV-2,2-week count of sequences,total,7,>15%
SARS-CoV-2 variant,TESSy,Malta,2022-W43,SARS-CoV-2,2-week count of sequences,total,16,>15%
SARS-CoV-2 variant,TESSy,Malta,2022-W42,SARS-CoV-2,2-week count of sequences,total,21,>15%
SARS-CoV-2 variant,TESSy,Malta,2022-W41,SARS-CoV-2,2-week count of sequences,total,17,>15%
SARS-CoV-2 variant,TESSy,Malta,2022-W40,SARS-CoV-2,2-week count of sequences,total,9,>15%
SARS-CoV-2 variant,TESSy,Malta,2022-W39,SARS-CoV-2,2-week count of sequences,total,0,No data
SARS-CoV-2 variant,TESSy,Malta,2022-W38,SARS-CoV-2,2-week count of sequences,total,0,No data
SARS-CoV-2 variant,TESSy,Malta,2022-W37,SARS-CoV-2,2-week count of sequences,total,0,No data
SARS-CoV-2 variant,TESSy,Malta,2022-W36,SARS-CoV-2,2-week count of sequences,total,0,No data
SARS-CoV-2 variant,TESSy,Malta,2022-W35,SARS-CoV-2,2-week count of sequences,total,0,No data
SARS-CoV-2 variant,TESSy,Malta,2022-W34,SARS-CoV-2,2-week count of sequences,total,0,No data
SARS-CoV-2 variant,TESSy,Malta,2022-W33,SARS-CoV-2,2-week count of sequences,total,0,No data
SARS-CoV-2 variant,TESSy,Malta,2022-W32,SARS-CoV-2,2-week count of sequences,total,0,No data
SARS-CoV-2 variant,TESSy,Malta,2022-W31,SARS-CoV-2,2-week count of sequences,total,0,No data
SARS-CoV-2 variant,TESSy,Malta,2022-W30,SARS-CoV-2,2-week count of sequences,total,0,No data
SARS-CoV-2 variant,TESSy,Malta,2022-W29,SARS-CoV-2,2-week count of sequences,total,2,>15%
SARS-CoV-2 variant,TESSy,Malta,2022-W28,SARS-CoV-2,2-week count of sequences,total,61,>5% to 10%
SARS-CoV-2 variant,TESSy,Malta,2022-W27,SARS-CoV-2,2-week count of sequences,total,731,≤1%
SARS-CoV-2 variant,TESSy,Malta,2022-W26,SARS-CoV-2,2-week count of sequences,total,1091,≤1%
SARS-CoV-2 variant,TESSy,Malta,2022-W25,SARS-CoV-2,2-week count of sequences,total,419,>1% to 2.5%
SARS-CoV-2 variant,GISAID,Netherlands,2026-W36,SARS-CoV-2,2-week count of sequences,total,0,No data
SARS-CoV-2 variant,GISAID,Netherlands,2026-W35,SARS-CoV-2,2-week count of sequences,total,0,No data
SARS-CoV-2 variant,GISAID,Netherlands,2026-W34,SARS-CoV-2,2-week count of sequences,total,0,No data
SARS-CoV-2 variant,GISAID,Netherlands,2026-W33,SARS-CoV-2,2-week count of sequences,total,0,No data
SARS-CoV-2 variant,GISAID,Netherlands,2026-W32,SARS-CoV-2,2-week count of sequences,total,2,>15%
SARS-CoV-2 variant,GISAID,Netherlands,2026-W31,SARS-CoV-2,2-week count of sequences,total,3,>15%
SARS-CoV-2 variant,GISAID,Netherlands,2026-W30,SARS-CoV-2,2-week count of sequences,total,3,>15%
SARS-CoV-2 variant,GISAID,Netherlands,2026-W29,SARS-CoV-2,2-week count of sequences,total,2,>15%
SARS-CoV-2 variant,GISAID,Netherlands,2026-W28,SARS-CoV-2,2-week count of sequences,total,0,No data
SARS-CoV-2 variant,GISAID,Netherlands,2026-W27,SARS-CoV-2,2-week count of sequences,total,1,>15%
SARS-CoV-2 variant,GISAID,Netherlands,2026-W26,SARS-CoV-2,2-week count of sequences,total,3,>15%
SARS-CoV-2 variant,GISAID,Netherlands,2026-W25,SARS-CoV-2,2-week count of sequences,total,4,>15%
SARS-CoV-2 variant,GISAID,Netherlands,2026-W24,SARS-CoV-2,2-week count of sequences,total,5,>15%
SARS-CoV-2 variant,GISAID,Netherlands,2026-W23,SARS-CoV-2,2-week count of sequences,total,8,>15%
SARS-CoV-2 variant,GISAID,Netherlands,2026-W22,SARS-CoV-2,2-week count of sequences,total,6,>15%
SARS-CoV-2 variant,GISAID,Netherlands,2026-W21,SARS-CoV-2,2-week count of sequences,total,2,>15%
SARS-CoV-2 variant,GISAID,Netherlands,2026-W20,SARS-CoV-2,2-week count of sequences,total,1,>15%
SARS-CoV-2 variant,GISAID,Netherlands,2026-W19,SARS-CoV-2,2-week count of sequences,total,2,>15%
SARS-CoV-2 variant,GISAID,Netherlands,2026-W18,SARS-CoV-2,2-week count of sequences,total,6,>15%
SARS-CoV-2 variant,GISAID,Netherlands,2026-W17,SARS-CoV-2,2-week count of sequences,total,7,>15%
SARS-CoV-2 variant,GISAID,Netherlands,2026-W16,SARS-CoV-2,2-week count of sequences,total,12,>15%
SARS-CoV-2 variant,GISAID,Netherlands,2026-W15,SARS-CoV-2,2-week count of sequences,total,16,>15%
SARS-CoV-2 variant,GISAID,Netherlands,2026-W14,SARS-CoV-2,2-week count of sequences,total,11,>15%
SARS-CoV-2 variant,GISAID,Netherlands,2026-W13,SARS-CoV-2,2-week count of sequences,total,12,>15%
SARS-CoV-2 variant,GISAID,Netherlands,2026-W12,SARS-CoV-2,2-week count of sequences,total,16,>15%
SARS-CoV-2 variant,GISAID,Netherlands,2026-W11,SARS-CoV-2,2-week count of sequences,total,16,>15%
SARS-CoV-2 variant,GISAID,Netherlands,2026-W10,SARS-CoV-2,2-week count of sequences,total,15,>15%
SARS-CoV-2 variant,GISAID,Netherlands,2026-W09,SARS-CoV-2,2-week count of sequences,total,23,>15%
SARS-CoV-2 variant,GISAID,Netherlands,2026-W08,SARS-CoV-2,2-week count of sequences,total,34,>15%
SARS-CoV-2 variant,GISAID,Netherlands,2026-W07,SARS-CoV-2,2-week count of sequences,total,44,>10% to 15%
SARS-CoV-2 variant,GISAID,Netherlands,2026-W06,SARS-CoV-2,2-week count of sequences,total,50,>10% to 15%
SARS-CoV-2 variant,GISAID,Netherlands,2026-W05,SARS-CoV-2,2-week count of sequences,total,47,>10% to 15%
SARS-CoV-2 variant,GISAID,Netherlands,2026-W04,SARS-CoV-2,2-week count of sequences,total,54,>10% to 15%
SARS-CoV-2 variant,GISAID,Netherlands,2026-W03,SARS-CoV-2,2-week count of sequences,total,71,>5% to 10%
SARS-CoV-2 variant,GISAID,Netherlands,2026-W02,SARS-CoV-2,2-week count of sequences,total,108,>5% to 10%
SARS-CoV-2 variant,GISAID,Netherlands,2026-W01,SARS-CoV-2,2-week count of sequences,total,146,>2.5% to 5%
SARS-CoV-2 variant,GISAID,Netherlands,2025-W52,SARS-CoV-2,2-week count of sequences,total,175,>2.5% to 5%
SARS-CoV-2 variant,GISAID,Netherlands,2025-W51,SARS-CoV-2,2-week count of sequences,total,188,>2.5% to 5%
SARS-CoV-2 variant,GISAID,Netherlands,2025-W50,SARS-CoV-2,2-week count of sequences,total,197,>2.5% to 5%
SARS-CoV-2 variant,GISAID,Netherlands,2025-W49,SARS-CoV-2,2-week count of sequences,total,186,>2.5% to 5%
SARS-CoV-2 variant,GISAID,Netherlands,2025-W48,SARS-CoV-2,2-week count of sequences,total,165,>2.5% to 5%
SARS-CoV-2 variant,GISAID,Netherlands,2025-W47,SARS-CoV-2,2-week count of sequences,total,181,>2.5% to 5%
SARS-CoV-2 variant,GISAID,Netherlands,2025-W46,SARS-CoV-2,2-week count of sequences,total,205,>2.5% to 5%
SARS-CoV-2 variant,GISAID,Netherlands,2025-W45,SARS-CoV-2,2-week count of sequences,total,181,>2.5% to 5%
SARS-CoV-2 variant,GISAID,Netherlands,2025-W44,SARS-CoV-2,2-week count of sequences,total,213,>2.5% to 5%
SARS-CoV-2 variant,GISAID,Netherlands,2025-W43,SARS-CoV-2,2-week count of sequences,total,337,>1% to 2.5%
SARS-CoV-2 variant,GISAID,Netherlands,2025-W42,SARS-CoV-2,2-week count of sequences,total,359,>1% to 2.5%
SARS-CoV-2 variant,GISAID,Netherlands,2025-W41,SARS-CoV-2,2-week count of sequences,total,358,>1% to 2.5%
SARS-CoV-2 variant,GISAID,Netherlands,2025-W40,SARS-CoV-2,2-week count of sequences,total,356,>1% to 2.5%
SARS-CoV-2 variant,GISAID,Netherlands,2025-W39,SARS-CoV-2,2-week count of sequences,total,342,>1% to 2.5%
SARS-CoV-2 variant,GISAID,Netherlands,2025-W38,SARS-CoV-2,2-week count of sequences,total,276,>1% to 2.5%
SARS-CoV-2 variant,GISAID,Netherlands,2025-W37,SARS-CoV-2,2-week count of sequences,total,199,>2.5% to 5%
SARS-CoV-2 variant,GISAID,Netherlands,2025-W36,SARS-CoV-2,2-week count of sequences,total,213,>2.5% to 5%
SARS-CoV-2 variant,GISAID,Netherlands,2025-W35,SARS-CoV-2,2-week count of sequences,total,175,>2.5% to 5%
SARS-CoV-2 variant,GISAID,Netherlands,2025-W34,SARS-CoV-2,2-week count of sequences,total,119,>2.5% to 5%
SARS-CoV-2 variant,GISAID,Netherlands,2025-W33,SARS-CoV-2,2-week count of sequences,total,122,>2.5% to 5%
SARS-CoV-2 variant,GISAID,Netherlands,2025-W32,SARS-CoV-2,2-week count of sequences,total,118,>2.5% to 5%
SARS-CoV-2 variant,GISAID,Netherlands,2025-W31,SARS-CoV-2,2-week count of sequences,total,75,>5% to 10%
SARS-CoV-2 variant,GISAID,Netherlands,2025-W30,SARS-CoV-2,2-week count of sequences,total,47,>10% to 15%
SARS-CoV-2 variant,GISAID,Netherlands,2025-W29,SARS-CoV-2,2-week count of sequences,total,40,>10% to 15%
SARS-CoV-2 variant,GISAID,Netherlands,2025-W28,SARS-CoV-2,2-week count of sequences,total,38,>10% to 15%
SARS-CoV-2 variant,GISAID,Netherlands,2025-W27,SARS-CoV-2,2-week count of sequences,total,47,>10% to 15%
SARS-CoV-2 variant,GISAID,Netherlands,2025-W26,SARS-CoV-2,2-week count of sequences,total,79,>5% to 10%
SARS-CoV-2 variant,GISAID,Netherlands,2025-W25,SARS-CoV-2,2-week count of sequences,total,111,>5% to 10%
SARS-CoV-2 variant,GISAID,Netherlands,2025-W24,SARS-CoV-2,2-week count of sequences,total,116,>5% to 10%
SARS-CoV-2 variant,GISAID,Netherlands,2025-W23,SARS-CoV-2,2-week count of sequences,total,104,>5% to 10%
SARS-CoV-2 variant,GISAID,Netherlands,2025-W22,SARS-CoV-2,2-week count of sequences,total,77,>5% to 10%
SARS-CoV-2 variant,GISAID,Netherlands,2025-W21,SARS-CoV-2,2-week count of sequences,total,54,>10% to 15%
SARS-CoV-2 variant,GISAID,Netherlands,2025-W20,SARS-CoV-2,2-week count of sequences,total,44,>10% to 15%
SARS-CoV-2 variant,GISAID,Netherlands,2025-W19,SARS-CoV-2,2-week count of sequences,total,37,>10% to 15%
SARS-CoV-2 variant,GISAID,Netherlands,2025-W18,SARS-CoV-2,2-week count of sequences,total,38,>10% to 15%
SARS-CoV-2 variant,GISAID,Netherlands,2025-W17,SARS-CoV-2,2-week count of sequences,total,39,>10% to 15%
SARS-CoV-2 variant,GISAID,Netherlands,2025-W16,SARS-CoV-2,2-week count of sequences,total,39,>10% to 15%
SARS-CoV-2 variant,GISAID,Netherlands,2025-W15,SARS-CoV-2,2-week count of sequences,total,51,>10% to 15%
SARS-CoV-2 variant,GISAID,Netherlands,2025-W14,SARS-CoV-2,2-week count of sequences,total,59,>5% to 10%
SARS-CoV-2 variant,GISAID,Netherlands,2025-W13,SARS-CoV-2,2-week count of sequences,total,41,>10% to 15%
SARS-CoV-2 variant,GISAID,Netherlands,2025-W12,SARS-CoV-2,2-week count of sequences,total,24,>15%
SARS-CoV-2 variant,GISAID,Netherlands,2025-W11,SARS-CoV-2,2-week count of sequences,total,26,>15%
SARS-CoV-2 variant,GISAID,Netherlands,2025-W10,SARS-CoV-2,2-week count of sequences,total,31,>15%
SARS-CoV-2 variant,GISAID,Netherlands,2025-W09,SARS-CoV-2,2-week count of sequences,total,27,>15%
SARS-CoV-2 variant,GISAID,Netherlands,2025-W08,SARS-CoV-2,2-week count of sequences,total,28,>15%
SARS-CoV-2 variant,GISAID,Netherlands,2025-W07,SARS-CoV-2,2-week count of sequences,total,36,>15%
SARS-CoV-2 variant,GISAID,Netherlands,2025-W06,SARS-CoV-2,2-week count of sequences,total,40,>10% to 15%
SARS-CoV-2 variant,GISAID,Netherlands,2025-W05,SARS-CoV-2,2-week count of sequences,total,51,>10% to 15%
SARS-CoV-2 variant,GISAID,Netherlands,2025-W04,SARS-CoV-2,2-week count of sequences,total,60,>5% to 10%
SARS-CoV-2 variant,GISAID,Netherlands,2025-W03,SARS-CoV-2,2-week count of sequences,total,63,>5% to 10%
SARS-CoV-2 variant,GISAID,Netherlands,2025-W02,SARS-CoV-2,2-week count of sequences,total,78,>5% to 10%
SARS-CoV-2 variant,GISAID,Netherlands,2025-W01,SARS-CoV-2,2-week count of sequences,total,81,>5% to 10%
SARS-CoV-2 variant,GISAID,Netherlands,2024-W52,SARS-CoV-2,2-week count of sequences,total,96,>5% to 10%
SARS-CoV-2 variant,GISAID,Netherlands,2024-W51,SARS-CoV-2,2-week count of sequences,total,125,>2.5% to 5%
SARS-CoV-2 variant,GISAID,Netherlands,2024-W50,SARS-CoV-2,2-week count of sequences,total,139,>2.5% to 5%
SARS-CoV-2 variant,GISAID,Netherlands,2024-W49,SARS-CoV-2,2-week count of sequences,total,149,>2.5% to 5%
SARS-CoV-2 variant,GISAID,Netherlands,2024-W48,SARS-CoV-2,2-week count of sequences,total,164,>2.5% to 5%
SARS-CoV-2 variant,GISAID,Netherlands,2024-W47,SARS-CoV-2,2-week count of sequences,total,192,>2.5% to 5%
SARS-CoV-2 variant,GISAID,Netherlands,2024-W46,SARS-CoV-2,2-week count of sequences,total,200,>2.5% to 5%
SARS-CoV-2 variant,GISAID,Netherlands,2024-W45,SARS-CoV-2,2-week count of sequences,total,237,>2.5% to 5%
SARS-CoV-2 variant,GISAID,Netherlands,2024-W44,SARS-CoV-2,2-week count of sequences,total,292,>1% to 2.5%
SARS-CoV-2 variant,GISAID,Netherlands,2024-W43,SARS-CoV-2,2-week count of sequences,total,325,>1% to 2.5%
SARS-CoV-2 variant,GISAID,Netherlands,2024-W42,SARS-CoV-2,2-week count of sequences,total,365,>1% to 2.5%
SARS-CoV-2 variant,GISAID,Netherlands,2024-W41,SARS-CoV-2,2-week count of sequences,total,394,>1% to 2.5%
SARS-CoV-2 variant,GISAID,Netherlands,2024-W40,SARS-CoV-2,2-week count of sequences,total,435,>1% to 2.5%
SARS-CoV-2 variant,GISAID,Netherlands,2024-W39,SARS-CoV-2,2-week count of sequences,total,516,>1% to 2.5%
SARS-CoV-2 variant,GISAID,Netherlands,2024-W38,SARS-CoV-2,2-week count of sequences,total,457,>1% to 2.5%
SARS-CoV-2 variant,GISAID,Netherlands,2024-W37,SARS-CoV-2,2-week count of sequences,total,383,>1% to 2.5%
SARS-CoV-2 variant,GISAID,Netherlands,2024-W36,SARS-CoV-2,2-week count of sequences,total,382,>1% to 2.5%
SARS-CoV-2 variant,GISAID,Netherlands,2024-W35,SARS-CoV-2,2-week count of sequences,total,365,>1% to 2.5%
SARS-CoV-2 variant,GISAID,Netherlands,2024-W34,SARS-CoV-2,2-week count of sequences,total,355,>1% to 2.5%
SARS-CoV-2 variant,GISAID,Netherlands,2024-W33,SARS-CoV-2,2-week count of sequences,total,328,>1% to 2.5%
SARS-CoV-2 variant,GISAID,Netherlands,2024-W32,SARS-CoV-2,2-week count of sequences,total,405,>1% to 2.5%
SARS-CoV-2 variant,GISAID,Netherlands,2024-W31,SARS-CoV-2,2-week count of sequences,total,602,>1% to 2.5%
SARS-CoV-2 variant,GISAID,Netherlands,2024-W30,SARS-CoV-2,2-week count of sequences,total,770,≤1%
SARS-CoV-2 variant,GISAID,Netherlands,2024-W29,SARS-CoV-2,2-week count of sequences,total,739,≤1%
SARS-CoV-2 variant,GISAID,Netherlands,2024-W28,SARS-CoV-2,2-week count of sequences,total,618,≤1%
SARS-CoV-2 variant,GISAID,Netherlands,2024-W27,SARS-CoV-2,2-week count of sequences,total,580,>1% to 2.5%
SARS-CoV-2 variant,GISAID,Netherlands,2024-W26,SARS-CoV-2,2-week count of sequences,total,569,>1% to 2.5%
SARS-CoV-2 variant,GISAID,Netherlands,2024-W25,SARS-CoV-2,2-week count of sequences,total,416,>1% to 2.5%
SARS-CoV-2 variant,GISAID,Netherlands,2024-W24,SARS-CoV-2,2-week count of sequences,total,231,>2.5% to 5%
SARS-CoV-2 variant,GISAID,Netherlands,2024-W23,SARS-CoV-2,2-week count of sequences,total,165,>2.5% to 5%
SARS-CoV-2 variant,GISAID,Netherlands,2024-W22,SARS-CoV-2,2-week count of sequences,total,111,>5% to 10%
SARS-CoV-2 variant,GISAID,Netherlands,2024-W21,SARS-CoV-2,2-week count of sequences,total,64,>5% to 10%
SARS-CoV-2 variant,GISAID,Netherlands,2024-W20,SARS-CoV-2,2-week count of sequences,total,53,>10% to 15%
SARS-CoV-2 variant,GISAID,Netherlands,2024-W19,SARS-CoV-2,2-week count of sequences,total,55,>10% to 15%
SARS-CoV-2 variant,GISAID,Netherlands,2024-W18,SARS-CoV-2,2-week count of sequences,total,42,>10% to 15%
SARS-CoV-2 variant,GISAID,Netherlands,2024-W17,SARS-CoV-2,2-week count of sequences,total,33,>15%
SARS-CoV-2 variant,GISAID,Netherlands,2024-W16,SARS-CoV-2,2-week count of sequences,total,40,>10% to 15%
SARS-CoV-2 variant,GISAID,Netherlands,2024-W15,SARS-CoV-2,2-week count of sequences,total,52,>10% to 15%
SARS-CoV-2 variant,GISAID,Netherlands,2024-W14,SARS-CoV-2,2-week count of sequences,total,65,>5% to 10%
SARS-CoV-2 variant,GISAID,Netherlands,2024-W13,SARS-CoV-2,2-week count of sequences,total,55,>10% to 15%
SARS-CoV-2 variant,GISAID,Netherlands,2024-W12,SARS-CoV-2,2-week count of sequences,total,57,>5% to 10%
SARS-CoV-2 variant,GISAID,Netherlands,2024-W11,SARS-CoV-2,2-week count of sequences,total,71,>5% to 10%
SARS-CoV-2 variant,GISAID,Netherlands,2024-W10,SARS-CoV-2,2-week count of sequences,total,81,>5% to 10%
SARS-CoV-2 variant,GISAID,Netherlands,2024-W09,SARS-CoV-2,2-week count of sequences,total,98,>5% to 10%
SARS-CoV-2 variant,GISAID,Netherlands,2024-W08,SARS-CoV-2,2-week count of sequences,total,114,>5% to 10%
SARS-CoV-2 variant,GISAID,Netherlands,2024-W07,SARS-CoV-2,2-week count of sequences,total,138,>2.5% to 5%
SARS-CoV-2 variant,GISAID,Netherlands,2024-W06,SARS-CoV-2,2-week count of sequences,total,205,>2.5% to 5%
SARS-CoV-2 variant,GISAID,Netherlands,2024-W05,SARS-CoV-2,2-week count of sequences,total,226,>2.5% to 5%
SARS-CoV-2 variant,GISAID,Netherlands,2024-W04,SARS-CoV-2,2-week count of sequences,total,227,>2.5% to 5%
SARS-CoV-2 variant,GISAID,Netherlands,2024-W03,SARS-CoV-2,2-week count of sequences,total,325,>1% to 2.5%
SARS-CoV-2 variant,GISAID,Netherlands,2024-W02,SARS-CoV-2,2-week count of sequences,total,473,>1% to 2.5%
SARS-CoV-2 variant,GISAID,Netherlands,2024-W01,SARS-CoV-2,2-week count of sequences,total,712,≤1%
SARS-CoV-2 variant,GISAID,Netherlands,2023-W52,SARS-CoV-2,2-week count of sequences,total,943,≤1%
SARS-CoV-2 variant,GISAID,Netherlands,2023-W51,SARS-CoV-2,2-week count of sequences,total,1264,≤1%
SARS-CoV-2 variant,GISAID,Netherlands,2023-W50,SARS-CoV-2,2-week count of sequences,total,1615,≤1%
SARS-CoV-2 variant,GISAID,Netherlands,2023-W49,SARS-CoV-2,2-week count of sequences,total,1560,≤1%
SARS-CoV-2 variant,GISAID,Netherlands,2023-W48,SARS-CoV-2,2-week count of sequences,total,1382,≤1%
SARS-CoV-2 variant,GISAID,Netherlands,2023-W47,SARS-CoV-2,2-week count of sequences,total,1273,≤1%
SARS-CoV-2 variant,GISAID,Netherlands,2023-W46,SARS-CoV-2,2-week count of sequences,total,1163,≤1%
SARS-CoV-2 variant,GISAID,Netherlands,2023-W45,SARS-CoV-2,2-week count of sequences,total,1186,≤1%
SARS-CoV-2 variant,GISAID,Netherlands,2023-W44,SARS-CoV-2,2-week count of sequences,total,1176,≤1%
SARS-CoV-2 variant,GISAID,Netherlands,2023-W43,SARS-CoV-2,2-week count of sequences,total,941,≤1%
SARS-CoV-2 variant,GISAID,Netherlands,2023-W42,SARS-CoV-2,2-week count of sequences,total,767,≤1%
SARS-CoV-2 variant,GISAID,Netherlands,2023-W41,SARS-CoV-2,2-week count of sequences,total,771,≤1%
SARS-CoV-2 variant,GISAID,Netherlands,2023-W40,SARS-CoV-2,2-week count of sequences,total,730,≤1%
SARS-CoV-2 variant,GISAID,Netherlands,2023-W39,SARS-CoV-2,2-week count of sequences,total,633,≤1%
SARS-CoV-2 variant,GISAID,Netherlands,2023-W38,SARS-CoV-2,2-week count of sequences,total,574,>1% to 2.5%
SARS-CoV-2 variant,GISAID,Netherlands,2023-W37,SARS-CoV-2,2-week count of sequences,total,595,>1% to 2.5%
SARS-CoV-2 variant,GISAID,Netherlands,2023-W36,SARS-CoV-2,2-week count of sequences,total,498,>1% to 2.5%
SARS-CoV-2 variant,GISAID,Netherlands,2023-W35,SARS-CoV-2,2-week count of sequences,total,351,>1% to 2.5%
SARS-CoV-2 variant,GISAID,Netherlands,2023-W34,SARS-CoV-2,2-week count of sequences,total,251,>1% to 2.5%
SARS-CoV-2 variant,GISAID,Netherlands,2023-W33,SARS-CoV-2,2-week count of sequences,total,201,>2.5% to 5%
SARS-CoV-2 variant,GISAID,Netherlands,2023-W32,SARS-CoV-2,2-week count of sequences,total,188,>2.5% to 5%
SARS-CoV-2 variant,GISAID,Netherlands,2023-W31,SARS-CoV-2,2-week count of sequences,total,132,>2.5% to 5%
SARS-CoV-2 variant,GISAID,Netherlands,2023-W30,SARS-CoV-2,2-week count of sequences,total,100,>5% to 10%
SARS-CoV-2 variant,GISAID,Netherlands,2023-W29,SARS-CoV-2,2-week count of sequences,total,103,>5% to 10%
SARS-CoV-2 variant,GISAID,Netherlands,2023-W28,SARS-CoV-2,2-week count of sequences,total,87,>5% to 10%
SARS-CoV-2 variant,GISAID,Netherlands,2023-W27,SARS-CoV-2,2-week count of sequences,total,69,>5% to 10%
SARS-CoV-2 variant,GISAID,Netherlands,2023-W26,SARS-CoV-2,2-week count of sequences,total,79,>5% to 10%
SARS-CoV-2 variant,GISAID,Netherlands,2023-W25,SARS-CoV-2,2-week count of sequences,total,100,>5% to 10%
SARS-CoV-2 variant,GISAID,Netherlands,2023-W24,SARS-CoV-2,2-week count of sequences,total,127,>2.5% to 5%
SARS-CoV-2 variant,GISAID,Netherlands,2023-W23,SARS-CoV-2,2-week count of sequences,total,150,>2.5% to 5%
SARS-CoV-2 variant,GISAID,Netherlands,2023-W22,SARS-CoV-2,2-week count of sequences,total,179,>2.5% to 5%
SARS-CoV-2 variant,GISAID,Netherlands,2023-W21,SARS-CoV-2,2-week count of sequences,total,200,>2.5% to 5%
SARS-CoV-2 variant,GISAID,Netherlands,2023-W20,SARS-CoV-2,2-week count of sequences,total,302,>1% to 2.5%
SARS-CoV-2 variant,GISAID,Netherlands,2023-W19,SARS-CoV-2,2-week count of sequences,total,447,>1% to 2.5%
SARS-CoV-2 variant,GISAID,Netherlands,2023-W18,SARS-CoV-2,2-week count of sequences,total,464,>1% to 2.5%
SARS-CoV-2 variant,GISAID,Netherlands,2023-W17,SARS-CoV-2,2-week count of sequences,total,477,>1% to 2.5%
SARS-CoV-2 variant,GISAID,Netherlands,2023-W16,SARS-CoV-2,2-week count of sequences,total,589,>1% to 2.5%
SARS-CoV-2 variant,GISAID,Netherlands,2023-W15,SARS-CoV-2,2-week count of sequences,total,682,≤1%
SARS-CoV-2 variant,GISAID,Netherlands,2023-W14,SARS-CoV-2,2-week count of sequences,total,766,≤1%
SARS-CoV-2 variant,GISAID,Netherlands,2023-W13,SARS-CoV-2,2-week count of sequences,total,875,≤1%
SARS-CoV-2 variant,GISAID,Netherlands,2023-W12,SARS-CoV-2,2-week count of sequences,total,1129,≤1%
SARS-CoV-2 variant,GISAID,Netherlands,2023-W11,SARS-CoV-2,2-week count of sequences,total,1430,≤1%
SARS-CoV-2 variant,GISAID,Netherlands,2023-W10,SARS-CoV-2,2-week count of sequences,total,1626,≤1%
SARS-CoV-2 variant,GISAID,Netherlands,2023-W09,SARS-CoV-2,2-week count of sequences,total,1872,≤1%
SARS-CoV-2 variant,GISAID,Netherlands,2023-W08,SARS-CoV-2,2-week count of sequences,total,1894,≤1%
SARS-CoV-2 variant,GISAID,Netherlands,2023-W07,SARS-CoV-2,2-week count of sequences,total,1687,≤1%
SARS-CoV-2 variant,GISAID,Netherlands,2023-W06,SARS-CoV-2,2-week count of sequences,total,1608,≤1%
SARS-CoV-2 variant,GISAID,Netherlands,2023-W05,SARS-CoV-2,2-week count of sequences,total,1484,≤1%
SARS-CoV-2 variant,GISAID,Netherlands,2023-W04,SARS-CoV-2,2-week count of sequences,total,1288,≤1%
SARS-CoV-2 variant,GISAID,Netherlands,2023-W03,SARS-CoV-2,2-week count of sequences,total,1463,≤1%
SARS-CoV-2 variant,GISAID,Netherlands,2023-W02,SARS-CoV-2,2-week count of sequences,total,1928,≤1%
SARS-CoV-2 variant,GISAID,Netherlands,2023-W01,SARS-CoV-2,2-week count of sequences,total,2200,≤1%
SARS-CoV-2 variant,GISAID,Netherlands,2022-W52,SARS-CoV-2,2-week count of sequences,total,2206,≤1%
SARS-CoV-2 variant,GISAID,Netherlands,2022-W51,SARS-CoV-2,2-week count of sequences,total,2306,≤1%
SARS-CoV-2 variant,GISAID,Netherlands,2022-W50,SARS-CoV-2,2-week count of sequences,total,2345,≤1%
SARS-CoV-2 variant,GISAID,Netherlands,2022-W49,SARS-CoV-2,2-week count of sequences,total,2245,≤1%
SARS-CoV-2 variant,GISAID,Netherlands,2022-W48,SARS-CoV-2,2-week count of sequences,total,2184,≤1%
SARS-CoV-2 variant,GISAID,Netherlands,2022-W47,SARS-CoV-2,2-week count of sequences,total,2193,≤1%
SARS-CoV-2 variant,GISAID,Netherlands,2022-W46,SARS-CoV-2,2-week count of sequences,total,2369,≤1%
SARS-CoV-2 variant,GISAID,Netherlands,2022-W45,SARS-CoV-2,2-week count of sequences,total,2565,≤1%
SARS-CoV-2 variant,GISAID,Netherlands,2022-W44,SARS-CoV-2,2-week count of sequences,total,2704,≤1%
SARS-CoV-2 variant,GISAID,Netherlands,2022-W43,SARS-CoV-2,2-week count of sequences,total,2887,≤1%
SARS-CoV-2 variant,GISAID,Netherlands,2022-W42,SARS-CoV-2,2-week count of sequences,total,3050,≤1%
SARS-CoV-2 variant,GISAID,Netherlands,2022-W41,SARS-CoV-2,2-week count of sequences,total,3005,≤1%
SARS-CoV-2 variant,GISAID,Netherlands,2022-W40,SARS-CoV-2,2-week count of sequences,total,2861,≤1%
SARS-CoV-2 variant,GISAID,Netherlands,2022-W39,SARS-CoV-2,2-week count of sequences,total,2687,≤1%
SARS-CoV-2 variant,GISAID,Netherlands,2022-W38,SARS-CoV-2,2-week count of sequences,total,2431,≤1%
SARS-CoV-2 variant,GISAID,Netherlands,2022-W37,SARS-CoV-2,2-week count of sequences,total,2291,≤1%
SARS-CoV-2 variant,GISAID,Netherlands,2022-W36,SARS-CoV-2,2-week count of sequences,total,2359,≤1%
SARS-CoV-2 variant,GISAID,Netherlands,2022-W35,SARS-CoV-2,2-week count of sequences,total,2388,≤1%
SARS-CoV-2 variant,GISAID,Netherlands,2022-W34,SARS-CoV-2,2-week count of sequences,total,2393,≤1%
SARS-CoV-2 variant,GISAID,Netherlands,2022-W33,SARS-CoV-2,2-week count of sequences,total,2513,≤1%
SARS-CoV-2 variant,GISAID,Netherlands,2022-W32,SARS-CoV-2,2-week count of sequences,total,2741,≤1%
SARS-CoV-2 variant,GISAID,Netherlands,2022-W31,SARS-CoV-2,2-week count of sequences,total,2873,≤1%
SARS-CoV-2 variant,GISAID,Netherlands,2022-W30,SARS-CoV-2,2-week count of sequences,total,2666,≤1%
SARS-CoV-2 variant,GISAID,Netherlands,2022-W29,SARS-CoV-2,2-week count of sequences,total,2725,≤1%
SARS-CoV-2 variant,GISAID,Netherlands,2022-W28,SARS-CoV-2,2-week count of sequences,total,2868,≤1%
SARS-CoV-2 variant,GISAID,Netherlands,2022-W27,SARS-CoV-2,2-week count of sequences,total,2843,≤1%
SARS-CoV-2 variant,GISAID,Netherlands,2022-W26,SARS-CoV-2,2-week count of sequences,total,2889,≤1%
SARS-CoV-2 variant,GISAID,Netherlands,2022-W25,SARS-CoV-2,2-week count of sequences,total,1417,≤1%
SARS-CoV-2 variant,GISAID,Norway,2026-W36,SARS-CoV-2,2-week count of sequences,total,0,No data
SARS-CoV-2 variant,GISAID,Norway,2026-W35,SARS-CoV-2,2-week count of sequences,total,0,No data
SARS-CoV-2 variant,GISAID,Norway,2026-W34,SARS-CoV-2,2-week count of sequences,total,0,No data
SARS-CoV-2 variant,GISAID,Norway,2026-W33,SARS-CoV-2,2-week count of sequences,total,3,>15%
SARS-CoV-2 variant,GISAID,Norway,2026-W32,SARS-CoV-2,2-week count of sequences,total,13,>15%
SARS-CoV-2 variant,GISAID,Norway,2026-W31,SARS-CoV-2,2-week count of sequences,total,21,>15%
SARS-CoV-2 variant,GISAID,Norway,2026-W30,SARS-CoV-2,2-week count of sequences,total,18,>15%
SARS-CoV-2 variant,GISAID,Norway,2026-W29,SARS-CoV-2,2-week count of sequences,total,10,>15%
SARS-CoV-2 variant,GISAID,Norway,2026-W28,SARS-CoV-2,2-week count of sequences,total,6,>15%
SARS-CoV-2 variant,GISAID,Norway,2026-W27,SARS-CoV-2,2-week count of sequences,total,5,>15%
SARS-CoV-2 variant,GISAID,Norway,2026-W26,SARS-CoV-2,2-week count of sequences,total,3,>15%
SARS-CoV-2 variant,GISAID,Norway,2026-W25,SARS-CoV-2,2-week count of sequences,total,4,>15%
SARS-CoV-2 variant,GISAID,Norway,2026-W24,SARS-CoV-2,2-week count of sequences,total,4,>15%
SARS-CoV-2 variant,GISAID,Norway,2026-W23,SARS-CoV-2,2-week count of sequences,total,1,>15%
SARS-CoV-2 variant,GISAID,Norway,2026-W22,SARS-CoV-2,2-week count of sequences,total,0,No data
SARS-CoV-2 variant,GISAID,Norway,2026-W21,SARS-CoV-2,2-week count of sequences,total,0,No data
SARS-CoV-2 variant,GISAID,Norway,2026-W20,SARS-CoV-2,2-week count of sequences,total,0,No data
SARS-CoV-2 variant,GISAID,Norway,2026-W19,SARS-CoV-2,2-week count of sequences,total,2,>15%
SARS-CoV-2 variant,GISAID,Norway,2026-W18,SARS-CoV-2,2-week count of sequences,total,11,>15%
SARS-CoV-2 variant,GISAID,Norway,2026-W17,SARS-CoV-2,2-week count of sequences,total,16,>15%
SARS-CoV-2 variant,GISAID,Norway,2026-W16,SARS-CoV-2,2-week count of sequences,total,12,>15%
SARS-CoV-2 variant,GISAID,Norway,2026-W15,SARS-CoV-2,2-week count of sequences,total,10,>15%
SARS-CoV-2 variant,GISAID,Norway,2026-W14,SARS-CoV-2,2-week count of sequences,total,26,>15%
SARS-CoV-2 variant,GISAID,Norway,2026-W13,SARS-CoV-2,2-week count of sequences,total,54,>10% to 15%
SARS-CoV-2 variant,GISAID,Norway,2026-W12,SARS-CoV-2,2-week count of sequences,total,47,>10% to 15%
SARS-CoV-2 variant,GISAID,Norway,2026-W11,SARS-CoV-2,2-week count of sequences,total,35,>15%
SARS-CoV-2 variant,GISAID,Norway,2026-W10,SARS-CoV-2,2-week count of sequences,total,51,>10% to 15%
SARS-CoV-2 variant,GISAID,Norway,2026-W09,SARS-CoV-2,2-week count of sequences,total,55,>10% to 15%
SARS-CoV-2 variant,GISAID,Norway,2026-W08,SARS-CoV-2,2-week count of sequences,total,35,>15%
SARS-CoV-2 variant,GISAID,Norway,2026-W07,SARS-CoV-2,2-week count of sequences,total,25,>15%
SARS-CoV-2 variant,GISAID,Norway,2026-W06,SARS-CoV-2,2-week count of sequences,total,35,>15%
SARS-CoV-2 variant,GISAID,Norway,2026-W05,SARS-CoV-2,2-week count of sequences,total,51,>10% to 15%
SARS-CoV-2 variant,GISAID,Norway,2026-W04,SARS-CoV-2,2-week count of sequences,total,52,>10% to 15%
SARS-CoV-2 variant,GISAID,Norway,2026-W03,SARS-CoV-2,2-week count of sequences,total,42,>10% to 15%
SARS-CoV-2 variant,GISAID,Norway,2026-W02,SARS-CoV-2,2-week count of sequences,total,41,>10% to 15%
SARS-CoV-2 variant,GISAID,Norway,2026-W01,SARS-CoV-2,2-week count of sequences,total,25,>15%
SARS-CoV-2 variant,GISAID,Norway,2025-W52,SARS-CoV-2,2-week count of sequences,total,5,>15%
SARS-CoV-2 variant,GISAID,Norway,2025-W51,SARS-CoV-2,2-week count of sequences,total,0,No data
SARS-CoV-2 variant,GISAID,Norway,2025-W50,SARS-CoV-2,2-week count of sequences,total,0,No data
SARS-CoV-2 variant,GISAID,Norway,2025-W49,SARS-CoV-2,2-week count of sequences,total,0,No data
SARS-CoV-2 variant,GISAID,Norway,2025-W48,SARS-CoV-2,2-week count of sequences,total,0,No data
SARS-CoV-2 variant,GISAID,Norway,2025-W47,SARS-CoV-2,2-week count of sequences,total,7,>15%
SARS-CoV-2 variant,GISAID,Norway,2025-W46,SARS-CoV-2,2-week count of sequences,total,24,>15%
SARS-CoV-2 variant,GISAID,Norway,2025-W45,SARS-CoV-2,2-week count of sequences,total,43,>10% to 15%
SARS-CoV-2 variant,GISAID,Norway,2025-W44,SARS-CoV-2,2-week count of sequences,total,51,>10% to 15%
SARS-CoV-2 variant,GISAID,Norway,2025-W43,SARS-CoV-2,2-week count of sequences,total,43,>10% to 15%
SARS-CoV-2 variant,GISAID,Norway,2025-W42,SARS-CoV-2,2-week count of sequences,total,45,>10% to 15%
SARS-CoV-2 variant,GISAID,Norway,2025-W41,SARS-CoV-2,2-week count of sequences,total,58,>5% to 10%
SARS-CoV-2 variant,GISAID,Norway,2025-W40,SARS-CoV-2,2-week count of sequences,total,34,>15%
SARS-CoV-2 variant,GISAID,Norway,2025-W39,SARS-CoV-2,2-week count of sequences,total,3,>15%
SARS-CoV-2 variant,GISAID,Norway,2025-W38,SARS-CoV-2,2-week count of sequences,total,7,>15%
SARS-CoV-2 variant,GISAID,Norway,2025-W37,SARS-CoV-2,2-week count of sequences,total,19,>15%
SARS-CoV-2 variant,GISAID,Norway,2025-W36,SARS-CoV-2,2-week count of sequences,total,23,>15%
SARS-CoV-2 variant,GISAID,Norway,2025-W35,SARS-CoV-2,2-week count of sequences,total,23,>15%
SARS-CoV-2 variant,GISAID,Norway,2025-W34,SARS-CoV-2,2-week count of sequences,total,25,>15%
SARS-CoV-2 variant,GISAID,Norway,2025-W33,SARS-CoV-2,2-week count of sequences,total,38,>10% to 15%
SARS-CoV-2 variant,GISAID,Norway,2025-W32,SARS-CoV-2,2-week count of sequences,total,26,>15%
SARS-CoV-2 variant,GISAID,Norway,2025-W31,SARS-CoV-2,2-week count of sequences,total,1,>15%
SARS-CoV-2 variant,GISAID,Norway,2025-W30,SARS-CoV-2,2-week count of sequences,total,0,No data
SARS-CoV-2 variant,GISAID,Norway,2025-W29,SARS-CoV-2,2-week count of sequences,total,10,>15%
SARS-CoV-2 variant,GISAID,Norway,2025-W28,SARS-CoV-2,2-week count of sequences,total,17,>15%
SARS-CoV-2 variant,GISAID,Norway,2025-W27,SARS-CoV-2,2-week count of sequences,total,13,>15%
SARS-CoV-2 variant,GISAID,Norway,2025-W26,SARS-CoV-2,2-week count of sequences,total,11,>15%
SARS-CoV-2 variant,GISAID,Norway,2025-W25,SARS-CoV-2,2-week count of sequences,total,19,>15%
SARS-CoV-2 variant,GISAID,Norway,2025-W24,SARS-CoV-2,2-week count of sequences,total,37,>10% to 15%
SARS-CoV-2 variant,GISAID,Norway,2025-W23,SARS-CoV-2,2-week count of sequences,total,34,>15%
SARS-CoV-2 variant,GISAID,Norway,2025-W22,SARS-CoV-2,2-week count of sequences,total,16,>15%
SARS-CoV-2 variant,GISAID,Norway,2025-W21,SARS-CoV-2,2-week count of sequences,total,12,>15%
SARS-CoV-2 variant,GISAID,Norway,2025-W20,SARS-CoV-2,2-week count of sequences,total,10,>15%
SARS-CoV-2 variant,GISAID,Norway,2025-W19,SARS-CoV-2,2-week count of sequences,total,7,>15%
SARS-CoV-2 variant,GISAID,Norway,2025-W18,SARS-CoV-2,2-week count of sequences,total,9,>15%
SARS-CoV-2 variant,GISAID,Norway,2025-W17,SARS-CoV-2,2-week count of sequences,total,9,>15%
SARS-CoV-2 variant,GISAID,Norway,2025-W16,SARS-CoV-2,2-week count of sequences,total,25,>15%
SARS-CoV-2 variant,GISAID,Norway,2025-W15,SARS-CoV-2,2-week count of sequences,total,47,>10% to 15%
SARS-CoV-2 variant,GISAID,Norway,2025-W14,SARS-CoV-2,2-week count of sequences,total,49,>10% to 15%
SARS-CoV-2 variant,GISAID,Norway,2025-W13,SARS-CoV-2,2-week count of sequences,total,59,>5% to 10%
SARS-CoV-2 variant,GISAID,Norway,2025-W12,SARS-CoV-2,2-week count of sequences,total,64,>5% to 10%
SARS-CoV-2 variant,GISAID,Norway,2025-W11,SARS-CoV-2,2-week count of sequences,total,55,>10% to 15%
SARS-CoV-2 variant,GISAID,Norway,2025-W10,SARS-CoV-2,2-week count of sequences,total,34,>15%
SARS-CoV-2 variant,GISAID,Norway,2025-W09,SARS-CoV-2,2-week count of sequences,total,30,>15%
SARS-CoV-2 variant,GISAID,Norway,2025-W08,SARS-CoV-2,2-week count of sequences,total,51,>10% to 15%
SARS-CoV-2 variant,GISAID,Norway,2025-W07,SARS-CoV-2,2-week count of sequences,total,28,>15%
SARS-CoV-2 variant,GISAID,Norway,2025-W06,SARS-CoV-2,2-week count of sequences,total,3,>15%
SARS-CoV-2 variant,GISAID,Norway,2025-W05,SARS-CoV-2,2-week count of sequences,total,9,>15%
SARS-CoV-2 variant,GISAID,Norway,2025-W04,SARS-CoV-2,2-week count of sequences,total,17,>15%
SARS-CoV-2 variant,GISAID,Norway,2025-W03,SARS-CoV-2,2-week count of sequences,total,21,>15%
SARS-CoV-2 variant,GISAID,Norway,2025-W02,SARS-CoV-2,2-week count of sequences,total,18,>15%
SARS-CoV-2 variant,GISAID,Norway,2025-W01,SARS-CoV-2,2-week count of sequences,total,12,>15%
SARS-CoV-2 variant,GISAID,Norway,2024-W52,SARS-CoV-2,2-week count of sequences,total,7,>15%
SARS-CoV-2 variant,GISAID,Norway,2024-W51,SARS-CoV-2,2-week count of sequences,total,14,>15%
SARS-CoV-2 variant,GISAID,Norway,2024-W50,SARS-CoV-2,2-week count of sequences,total,14,>15%
SARS-CoV-2 variant,GISAID,Norway,2024-W49,SARS-CoV-2,2-week count of sequences,total,9,>15%
SARS-CoV-2 variant,GISAID,Norway,2024-W48,SARS-CoV-2,2-week count of sequences,total,15,>15%
SARS-CoV-2 variant,GISAID,Norway,2024-W47,SARS-CoV-2,2-week count of sequences,total,14,>15%
SARS-CoV-2 variant,GISAID,Norway,2024-W46,SARS-CoV-2,2-week count of sequences,total,28,>15%
SARS-CoV-2 variant,GISAID,Norway,2024-W45,SARS-CoV-2,2-week count of sequences,total,27,>15%
SARS-CoV-2 variant,GISAID,Norway,2024-W44,SARS-CoV-2,2-week count of sequences,total,4,>15%
SARS-CoV-2 variant,GISAID,Norway,2024-W43,SARS-CoV-2,2-week count of sequences,total,11,>15%
SARS-CoV-2 variant,GISAID,Norway,2024-W42,SARS-CoV-2,2-week count of sequences,total,28,>15%
SARS-CoV-2 variant,GISAID,Norway,2024-W41,SARS-CoV-2,2-week count of sequences,total,29,>15%
SARS-CoV-2 variant,GISAID,Norway,2024-W40,SARS-CoV-2,2-week count of sequences,total,15,>15%
SARS-CoV-2 variant,GISAID,Norway,2024-W39,SARS-CoV-2,2-week count of sequences,total,12,>15%
SARS-CoV-2 variant,GISAID,Norway,2024-W38,SARS-CoV-2,2-week count of sequences,total,14,>15%
SARS-CoV-2 variant,GISAID,Norway,2024-W37,SARS-CoV-2,2-week count of sequences,total,17,>15%
SARS-CoV-2 variant,GISAID,Norway,2024-W36,SARS-CoV-2,2-week count of sequences,total,17,>15%
SARS-CoV-2 variant,GISAID,Norway,2024-W35,SARS-CoV-2,2-week count of sequences,total,25,>15%
SARS-CoV-2 variant,GISAID,Norway,2024-W34,SARS-CoV-2,2-week count of sequences,total,67,>5% to 10%
SARS-CoV-2 variant,GISAID,Norway,2024-W33,SARS-CoV-2,2-week count of sequences,total,49,>10% to 15%
SARS-CoV-2 variant,GISAID,Norway,2024-W32,SARS-CoV-2,2-week count of sequences,total,3,>15%
SARS-CoV-2 variant,GISAID,Norway,2024-W31,SARS-CoV-2,2-week count of sequences,total,19,>15%
SARS-CoV-2 variant,GISAID,Norway,2024-W30,SARS-CoV-2,2-week count of sequences,total,50,>10% to 15%
SARS-CoV-2 variant,GISAID,Norway,2024-W29,SARS-CoV-2,2-week count of sequences,total,37,>10% to 15%
SARS-CoV-2 variant,GISAID,Norway,2024-W28,SARS-CoV-2,2-week count of sequences,total,10,>15%
SARS-CoV-2 variant,GISAID,Norway,2024-W27,SARS-CoV-2,2-week count of sequences,total,19,>15%
SARS-CoV-2 variant,GISAID,Norway,2024-W26,SARS-CoV-2,2-week count of sequences,total,33,>15%
SARS-CoV-2 variant,GISAID,Norway,2024-W25,SARS-CoV-2,2-week count of sequences,total,34,>15%
SARS-CoV-2 variant,GISAID,Norway,2024-W24,SARS-CoV-2,2-week count of sequences,total,17,>15%
SARS-CoV-2 variant,GISAID,Norway,2024-W23,SARS-CoV-2,2-week count of sequences,total,14,>15%
SARS-CoV-2 variant,GISAID,Norway,2024-W22,SARS-CoV-2,2-week count of sequences,total,23,>15%
SARS-CoV-2 variant,GISAID,Norway,2024-W21,SARS-CoV-2,2-week count of sequences,total,27,>15%
SARS-CoV-2 variant,GISAID,Norway,2024-W20,SARS-CoV-2,2-week count of sequences,total,16,>15%
SARS-CoV-2 variant,GISAID,Norway,2024-W19,SARS-CoV-2,2-week count of sequences,total,9,>15%
SARS-CoV-2 variant,GISAID,Norway,2024-W18,SARS-CoV-2,2-week count of sequences,total,25,>15%
SARS-CoV-2 variant,GISAID,Norway,2024-W17,SARS-CoV-2,2-week count of sequences,total,27,>15%
SARS-CoV-2 variant,GISAID,Norway,2024-W16,SARS-CoV-2,2-week count of sequences,total,13,>15%
SARS-CoV-2 variant,GISAID,Norway,2024-W15,SARS-CoV-2,2-week count of sequences,total,2,>15%
SARS-CoV-2 variant,GISAID,Norway,2024-W14,SARS-CoV-2,2-week count of sequences,total,9,>15%
SARS-CoV-2 variant,GISAID,Norway,2024-W13,SARS-CoV-2,2-week count of sequences,total,21,>15%
SARS-CoV-2 variant,GISAID,Norway,2024-W12,SARS-CoV-2,2-week count of sequences,total,16,>15%
SARS-CoV-2 variant,GISAID,Norway,2024-W11,SARS-CoV-2,2-week count of sequences,total,9,>15%
SARS-CoV-2 variant,GISAID,Norway,2024-W10,SARS-CoV-2,2-week count of sequences,total,19,>15%
SARS-CoV-2 variant,GISAID,Norway,2024-W09,SARS-CoV-2,2-week count of sequences,total,30,>15%
SARS-CoV-2 variant,GISAID,Norway,2024-W08,SARS-CoV-2,2-week count of sequences,total,25,>15%
SARS-CoV-2 variant,GISAID,Norway,2024-W07,SARS-CoV-2,2-week count of sequences,total,23,>15%
SARS-CoV-2 variant,GISAID,Norway,2024-W06,SARS-CoV-2,2-week count of sequences,total,38,>10% to 15%
SARS-CoV-2 variant,GISAID,Norway,2024-W05,SARS-CoV-2,2-week count of sequences,total,67,>5% to 10%
SARS-CoV-2 variant,GISAID,Norway,2024-W04,SARS-CoV-2,2-week count of sequences,total,54,>10% to 15%
SARS-CoV-2 variant,GISAID,Norway,2024-W03,SARS-CoV-2,2-week count of sequences,total,38,>10% to 15%
SARS-CoV-2 variant,GISAID,Norway,2024-W02,SARS-CoV-2,2-week count of sequences,total,73,>5% to 10%
SARS-CoV-2 variant,GISAID,Norway,2024-W01,SARS-CoV-2,2-week count of sequences,total,71,>5% to 10%
SARS-CoV-2 variant,GISAID,Norway,2023-W52,SARS-CoV-2,2-week count of sequences,total,48,>10% to 15%
SARS-CoV-2 variant,GISAID,Norway,2023-W51,SARS-CoV-2,2-week count of sequences,total,50,>10% to 15%
SARS-CoV-2 variant,GISAID,Norway,2023-W50,SARS-CoV-2,2-week count of sequences,total,57,>5% to 10%
SARS-CoV-2 variant,GISAID,Norway,2023-W49,SARS-CoV-2,2-week count of sequences,total,65,>5% to 10%
SARS-CoV-2 variant,GISAID,Norway,2023-W48,SARS-CoV-2,2-week count of sequences,total,74,>5% to 10%
SARS-CoV-2 variant,GISAID,Norway,2023-W47,SARS-CoV-2,2-week count of sequences,total,79,>5% to 10%
SARS-CoV-2 variant,GISAID,Norway,2023-W46,SARS-CoV-2,2-week count of sequences,total,94,>5% to 10%
SARS-CoV-2 variant,GISAID,Norway,2023-W45,SARS-CoV-2,2-week count of sequences,total,114,>5% to 10%
SARS-CoV-2 variant,GISAID,Norway,2023-W44,SARS-CoV-2,2-week count of sequences,total,99,>5% to 10%
SARS-CoV-2 variant,GISAID,Norway,2023-W43,SARS-CoV-2,2-week count of sequences,total,77,>5% to 10%
SARS-CoV-2 variant,GISAID,Norway,2023-W42,SARS-CoV-2,2-week count of sequences,total,68,>5% to 10%
SARS-CoV-2 variant,GISAID,Norway,2023-W41,SARS-CoV-2,2-week count of sequences,total,70,>5% to 10%
SARS-CoV-2 variant,GISAID,Norway,2023-W40,SARS-CoV-2,2-week count of sequences,total,68,>5% to 10%
SARS-CoV-2 variant,GISAID,Norway,2023-W39,SARS-CoV-2,2-week count of sequences,total,60,>5% to 10%
SARS-CoV-2 variant,GISAID,Norway,2023-W38,SARS-CoV-2,2-week count of sequences,total,49,>10% to 15%
SARS-CoV-2 variant,GISAID,Norway,2023-W37,SARS-CoV-2,2-week count of sequences,total,48,>10% to 15%
SARS-CoV-2 variant,GISAID,Norway,2023-W36,SARS-CoV-2,2-week count of sequences,total,57,>5% to 10%
SARS-CoV-2 variant,GISAID,Norway,2023-W35,SARS-CoV-2,2-week count of sequences,total,57,>5% to 10%
SARS-CoV-2 variant,GISAID,Norway,2023-W34,SARS-CoV-2,2-week count of sequences,total,49,>10% to 15%
SARS-CoV-2 variant,GISAID,Norway,2023-W33,SARS-CoV-2,2-week count of sequences,total,40,>10% to 15%
SARS-CoV-2 variant,GISAID,Norway,2023-W32,SARS-CoV-2,2-week count of sequences,total,54,>10% to 15%
SARS-CoV-2 variant,GISAID,Norway,2023-W31,SARS-CoV-2,2-week count of sequences,total,48,>10% to 15%
SARS-CoV-2 variant,GISAID,Norway,2023-W30,SARS-CoV-2,2-week count of sequences,total,29,>15%
SARS-CoV-2 variant,GISAID,Norway,2023-W29,SARS-CoV-2,2-week count of sequences,total,22,>15%
SARS-CoV-2 variant,GISAID,Norway,2023-W28,SARS-CoV-2,2-week count of sequences,total,16,>15%
SARS-CoV-2 variant,GISAID,Norway,2023-W27,SARS-CoV-2,2-week count of sequences,total,15,>15%
SARS-CoV-2 variant,GISAID,Norway,2023-W26,SARS-CoV-2,2-week count of sequences,total,17,>15%
SARS-CoV-2 variant,GISAID,Norway,2023-W25,SARS-CoV-2,2-week count of sequences,total,19,>15%
SARS-CoV-2 variant,GISAID,Norway,2023-W24,SARS-CoV-2,2-week count of sequences,total,27,>15%
SARS-CoV-2 variant,GISAID,Norway,2023-W23,SARS-CoV-2,2-week count of sequences,total,43,>10% to 15%
SARS-CoV-2 variant,GISAID,Norway,2023-W22,SARS-CoV-2,2-week count of sequences,total,64,>5% to 10%
SARS-CoV-2 variant,GISAID,Norway,2023-W21,SARS-CoV-2,2-week count of sequences,total,75,>5% to 10%
SARS-CoV-2 variant,GISAID,Norway,2023-W20,SARS-CoV-2,2-week count of sequences,total,94,>5% to 10%
SARS-CoV-2 variant,GISAID,Norway,2023-W19,SARS-CoV-2,2-week count of sequences,total,185,>2.5% to 5%
SARS-CoV-2 variant,GISAID,Norway,2023-W18,SARS-CoV-2,2-week count of sequences,total,199,>2.5% to 5%
SARS-CoV-2 variant,GISAID,Norway,2023-W17,SARS-CoV-2,2-week count of sequences,total,180,>2.5% to 5%
SARS-CoV-2 variant,GISAID,Norway,2023-W16,SARS-CoV-2,2-week count of sequences,total,192,>2.5% to 5%
SARS-CoV-2 variant,GISAID,Norway,2023-W15,SARS-CoV-2,2-week count of sequences,total,136,>2.5% to 5%
SARS-CoV-2 variant,GISAID,Norway,2023-W14,SARS-CoV-2,2-week count of sequences,total,122,>2.5% to 5%
SARS-CoV-2 variant,GISAID,Norway,2023-W13,SARS-CoV-2,2-week count of sequences,total,162,>2.5% to 5%
SARS-CoV-2 variant,GISAID,Norway,2023-W12,SARS-CoV-2,2-week count of sequences,total,251,>1% to 2.5%
SARS-CoV-2 variant,GISAID,Norway,2023-W11,SARS-CoV-2,2-week count of sequences,total,295,>1% to 2.5%
SARS-CoV-2 variant,GISAID,Norway,2023-W10,SARS-CoV-2,2-week count of sequences,total,267,>1% to 2.5%
SARS-CoV-2 variant,GISAID,Norway,2023-W09,SARS-CoV-2,2-week count of sequences,total,236,>2.5% to 5%
SARS-CoV-2 variant,GISAID,Norway,2023-W08,SARS-CoV-2,2-week count of sequences,total,204,>2.5% to 5%
SARS-CoV-2 variant,GISAID,Norway,2023-W07,SARS-CoV-2,2-week count of sequences,total,185,>2.5% to 5%
SARS-CoV-2 variant,GISAID,Norway,2023-W06,SARS-CoV-2,2-week count of sequences,total,178,>2.5% to 5%
SARS-CoV-2 variant,GISAID,Norway,2023-W05,SARS-CoV-2,2-week count of sequences,total,197,>2.5% to 5%
SARS-CoV-2 variant,GISAID,Norway,2023-W04,SARS-CoV-2,2-week count of sequences,total,204,>2.5% to 5%
SARS-CoV-2 variant,GISAID,Norway,2023-W03,SARS-CoV-2,2-week count of sequences,total,274,>1% to 2.5%
SARS-CoV-2 variant,GISAID,Norway,2023-W02,SARS-CoV-2,2-week count of sequences,total,463,>1% to 2.5%
SARS-CoV-2 variant,GISAID,Norway,2023-W01,SARS-CoV-2,2-week count of sequences,total,570,>1% to 2.5%
SARS-CoV-2 variant,GISAID,Norway,2022-W52,SARS-CoV-2,2-week count of sequences,total,512,>1% to 2.5%
SARS-CoV-2 variant,GISAID,Norway,2022-W51,SARS-CoV-2,2-week count of sequences,total,428,>1% to 2.5%
SARS-CoV-2 variant,GISAID,Norway,2022-W50,SARS-CoV-2,2-week count of sequences,total,496,>1% to 2.5%
SARS-CoV-2 variant,GISAID,Norway,2022-W49,SARS-CoV-2,2-week count of sequences,total,569,>1% to 2.5%
SARS-CoV-2 variant,GISAID,Norway,2022-W48,SARS-CoV-2,2-week count of sequences,total,476,>1% to 2.5%
SARS-CoV-2 variant,GISAID,Norway,2022-W47,SARS-CoV-2,2-week count of sequences,total,416,>1% to 2.5%
SARS-CoV-2 variant,GISAID,Norway,2022-W46,SARS-CoV-2,2-week count of sequences,total,490,>1% to 2.5%
SARS-CoV-2 variant,GISAID,Norway,2022-W45,SARS-CoV-2,2-week count of sequences,total,550,>1% to 2.5%
SARS-CoV-2 variant,GISAID,Norway,2022-W44,SARS-CoV-2,2-week count of sequences,total,452,>1% to 2.5%
SARS-CoV-2 variant,GISAID,Norway,2022-W43,SARS-CoV-2,2-week count of sequences,total,332,>1% to 2.5%
SARS-CoV-2 variant,GISAID,Norway,2022-W42,SARS-CoV-2,2-week count of sequences,total,314,>1% to 2.5%
SARS-CoV-2 variant,GISAID,Norway,2022-W41,SARS-CoV-2,2-week count of sequences,total,356,>1% to 2.5%
SARS-CoV-2 variant,GISAID,Norway,2022-W40,SARS-CoV-2,2-week count of sequences,total,382,>1% to 2.5%
SARS-CoV-2 variant,GISAID,Norway,2022-W39,SARS-CoV-2,2-week count of sequences,total,352,>1% to 2.5%
SARS-CoV-2 variant,GISAID,Norway,2022-W38,SARS-CoV-2,2-week count of sequences,total,369,>1% to 2.5%
SARS-CoV-2 variant,GISAID,Norway,2022-W37,SARS-CoV-2,2-week count of sequences,total,399,>1% to 2.5%
SARS-CoV-2 variant,GISAID,Norway,2022-W36,SARS-CoV-2,2-week count of sequences,total,377,>1% to 2.5%
SARS-CoV-2 variant,GISAID,Norway,2022-W35,SARS-CoV-2,2-week count of sequences,total,398,>1% to 2.5%
SARS-CoV-2 variant,GISAID,Norway,2022-W34,SARS-CoV-2,2-week count of sequences,total,534,>1% to 2.5%
SARS-CoV-2 variant,GISAID,Norway,2022-W33,SARS-CoV-2,2-week count of sequences,total,660,≤1%
SARS-CoV-2 variant,GISAID,Norway,2022-W32,SARS-CoV-2,2-week count of sequences,total,679,≤1%
SARS-CoV-2 variant,GISAID,Norway,2022-W31,SARS-CoV-2,2-week count of sequences,total,715,≤1%
SARS-CoV-2 variant,GISAID,Norway,2022-W30,SARS-CoV-2,2-week count of sequences,total,766,≤1%
SARS-CoV-2 variant,GISAID,Norway,2022-W29,SARS-CoV-2,2-week count of sequences,total,663,≤1%
SARS-CoV-2 variant,GISAID,Norway,2022-W28,SARS-CoV-2,2-week count of sequences,total,480,>1% to 2.5%
SARS-CoV-2 variant,GISAID,Norway,2022-W27,SARS-CoV-2,2-week count of sequences,total,580,>1% to 2.5%
SARS-CoV-2 variant,GISAID,Norway,2022-W26,SARS-CoV-2,2-week count of sequences,total,1062,≤1%
SARS-CoV-2 variant,GISAID,Norway,2022-W25,SARS-CoV-2,2-week count of sequences,total,688,≤1%
SARS-CoV-2 variant,GISAID,Poland,2026-W36,SARS-CoV-2,2-week count of sequences,total,0,No data
SARS-CoV-2 variant,GISAID,Poland,2026-W35,SARS-CoV-2,2-week count of sequences,total,0,No data
SARS-CoV-2 variant,GISAID,Poland,2026-W34,SARS-CoV-2,2-week count of sequences,total,0,No data
SARS-CoV-2 variant,GISAID,Poland,2026-W33,SARS-CoV-2,2-week count of sequences,total,0,No data
SARS-CoV-2 variant,GISAID,Poland,2026-W32,SARS-CoV-2,2-week count of sequences,total,0,No data
SARS-CoV-2 variant,GISAID,Poland,2026-W31,SARS-CoV-2,2-week count of sequences,total,0,No data
SARS-CoV-2 variant,GISAID,Poland,2026-W30,SARS-CoV-2,2-week count of sequences,total,0,No data
SARS-CoV-2 variant,GISAID,Poland,2026-W29,SARS-CoV-2,2-week count of sequences,total,0,No data
SARS-CoV-2 variant,GISAID,Poland,2026-W28,SARS-CoV-2,2-week count of sequences,total,0,No data
SARS-CoV-2 variant,GISAID,Poland,2026-W27,SARS-CoV-2,2-week count of sequences,total,0,No data
SARS-CoV-2 variant,GISAID,Poland,2026-W26,SARS-CoV-2,2-week count of sequences,total,0,No data
SARS-CoV-2 variant,GISAID,Poland,2026-W25,SARS-CoV-2,2-week count of sequences,total,0,No data
SARS-CoV-2 variant,GISAID,Poland,2026-W24,SARS-CoV-2,2-week count of sequences,total,3,>15%
SARS-CoV-2 variant,GISAID,Poland,2026-W23,SARS-CoV-2,2-week count of sequences,total,3,>15%
SARS-CoV-2 variant,GISAID,Poland,2026-W22,SARS-CoV-2,2-week count of sequences,total,4,>15%
SARS-CoV-2 variant,GISAID,Poland,2026-W21,SARS-CoV-2,2-week count of sequences,total,4,>15%
SARS-CoV-2 variant,GISAID,Poland,2026-W20,SARS-CoV-2,2-week count of sequences,total,2,>15%
SARS-CoV-2 variant,GISAID,Poland,2026-W19,SARS-CoV-2,2-week count of sequences,total,2,>15%
SARS-CoV-2 variant,GISAID,Poland,2026-W18,SARS-CoV-2,2-week count of sequences,total,0,No data
SARS-CoV-2 variant,GISAID,Poland,2026-W17,SARS-CoV-2,2-week count of sequences,total,0,No data
SARS-CoV-2 variant,GISAID,Poland,2026-W16,SARS-CoV-2,2-week count of sequences,total,1,>15%
SARS-CoV-2 variant,GISAID,Poland,2026-W15,SARS-CoV-2,2-week count of sequences,total,2,>15%
SARS-CoV-2 variant,GISAID,Poland,2026-W14,SARS-CoV-2,2-week count of sequences,total,1,>15%
SARS-CoV-2 variant,GISAID,Poland,2026-W13,SARS-CoV-2,2-week count of sequences,total,23,>15%
SARS-CoV-2 variant,GISAID,Poland,2026-W12,SARS-CoV-2,2-week count of sequences,total,23,>15%
SARS-CoV-2 variant,GISAID,Poland,2026-W11,SARS-CoV-2,2-week count of sequences,total,0,No data
SARS-CoV-2 variant,GISAID,Poland,2026-W10,SARS-CoV-2,2-week count of sequences,total,9,>15%
SARS-CoV-2 variant,GISAID,Poland,2026-W09,SARS-CoV-2,2-week count of sequences,total,9,>15%
SARS-CoV-2 variant,GISAID,Poland,2026-W08,SARS-CoV-2,2-week count of sequences,total,4,>15%
SARS-CoV-2 variant,GISAID,Poland,2026-W07,SARS-CoV-2,2-week count of sequences,total,27,>15%
SARS-CoV-2 variant,GISAID,Poland,2026-W06,SARS-CoV-2,2-week count of sequences,total,32,>15%
SARS-CoV-2 variant,GISAID,Poland,2026-W05,SARS-CoV-2,2-week count of sequences,total,10,>15%
SARS-CoV-2 variant,GISAID,Poland,2026-W04,SARS-CoV-2,2-week count of sequences,total,34,>15%
SARS-CoV-2 variant,GISAID,Poland,2026-W03,SARS-CoV-2,2-week count of sequences,total,33,>15%
SARS-CoV-2 variant,GISAID,Poland,2026-W02,SARS-CoV-2,2-week count of sequences,total,1,>15%
SARS-CoV-2 variant,GISAID,Poland,2026-W01,SARS-CoV-2,2-week count of sequences,total,3,>15%
SARS-CoV-2 variant,GISAID,Poland,2025-W52,SARS-CoV-2,2-week count of sequences,total,28,>15%
SARS-CoV-2 variant,GISAID,Poland,2025-W51,SARS-CoV-2,2-week count of sequences,total,43,>10% to 15%
SARS-CoV-2 variant,GISAID,Poland,2025-W50,SARS-CoV-2,2-week count of sequences,total,28,>15%
SARS-CoV-2 variant,GISAID,Poland,2025-W49,SARS-CoV-2,2-week count of sequences,total,45,>10% to 15%
SARS-CoV-2 variant,GISAID,Poland,2025-W48,SARS-CoV-2,2-week count of sequences,total,59,>5% to 10%
SARS-CoV-2 variant,GISAID,Poland,2025-W47,SARS-CoV-2,2-week count of sequences,total,28,>15%
SARS-CoV-2 variant,GISAID,Poland,2025-W46,SARS-CoV-2,2-week count of sequences,total,44,>10% to 15%
SARS-CoV-2 variant,GISAID,Poland,2025-W45,SARS-CoV-2,2-week count of sequences,total,78,>5% to 10%
SARS-CoV-2 variant,GISAID,Poland,2025-W44,SARS-CoV-2,2-week count of sequences,total,73,>5% to 10%
SARS-CoV-2 variant,GISAID,Poland,2025-W43,SARS-CoV-2,2-week count of sequences,total,87,>5% to 10%
SARS-CoV-2 variant,GISAID,Poland,2025-W42,SARS-CoV-2,2-week count of sequences,total,125,>2.5% to 5%
SARS-CoV-2 variant,GISAID,Poland,2025-W41,SARS-CoV-2,2-week count of sequences,total,171,>2.5% to 5%
SARS-CoV-2 variant,GISAID,Poland,2025-W40,SARS-CoV-2,2-week count of sequences,total,164,>2.5% to 5%
SARS-CoV-2 variant,GISAID,Poland,2025-W39,SARS-CoV-2,2-week count of sequences,total,108,>5% to 10%
SARS-CoV-2 variant,GISAID,Poland,2025-W38,SARS-CoV-2,2-week count of sequences,total,64,>5% to 10%
SARS-CoV-2 variant,GISAID,Poland,2025-W37,SARS-CoV-2,2-week count of sequences,total,43,>10% to 15%
SARS-CoV-2 variant,GISAID,Poland,2025-W36,SARS-CoV-2,2-week count of sequences,total,30,>15%
SARS-CoV-2 variant,GISAID,Poland,2025-W35,SARS-CoV-2,2-week count of sequences,total,15,>15%
SARS-CoV-2 variant,GISAID,Poland,2025-W34,SARS-CoV-2,2-week count of sequences,total,6,>15%
SARS-CoV-2 variant,GISAID,Poland,2025-W33,SARS-CoV-2,2-week count of sequences,total,10,>15%
SARS-CoV-2 variant,GISAID,Poland,2025-W32,SARS-CoV-2,2-week count of sequences,total,9,>15%
SARS-CoV-2 variant,GISAID,Poland,2025-W31,SARS-CoV-2,2-week count of sequences,total,2,>15%
SARS-CoV-2 variant,GISAID,Poland,2025-W30,SARS-CoV-2,2-week count of sequences,total,2,>15%
SARS-CoV-2 variant,GISAID,Poland,2025-W29,SARS-CoV-2,2-week count of sequences,total,1,>15%
SARS-CoV-2 variant,GISAID,Poland,2025-W28,SARS-CoV-2,2-week count of sequences,total,7,>15%
SARS-CoV-2 variant,GISAID,Poland,2025-W27,SARS-CoV-2,2-week count of sequences,total,13,>15%
SARS-CoV-2 variant,GISAID,Poland,2025-W26,SARS-CoV-2,2-week count of sequences,total,9,>15%
SARS-CoV-2 variant,GISAID,Poland,2025-W25,SARS-CoV-2,2-week count of sequences,total,6,>15%
SARS-CoV-2 variant,GISAID,Poland,2025-W24,SARS-CoV-2,2-week count of sequences,total,8,>15%
SARS-CoV-2 variant,GISAID,Poland,2025-W23,SARS-CoV-2,2-week count of sequences,total,10,>15%
SARS-CoV-2 variant,GISAID,Poland,2025-W22,SARS-CoV-2,2-week count of sequences,total,9,>15%
SARS-CoV-2 variant,GISAID,Poland,2025-W21,SARS-CoV-2,2-week count of sequences,total,3,>15%
SARS-CoV-2 variant,GISAID,Poland,2025-W20,SARS-CoV-2,2-week count of sequences,total,0,No data
SARS-CoV-2 variant,GISAID,Poland,2025-W19,SARS-CoV-2,2-week count of sequences,total,0,No data
SARS-CoV-2 variant,GISAID,Poland,2025-W18,SARS-CoV-2,2-week count of sequences,total,3,>15%
SARS-CoV-2 variant,GISAID,Poland,2025-W17,SARS-CoV-2,2-week count of sequences,total,8,>15%
SARS-CoV-2 variant,GISAID,Poland,2025-W16,SARS-CoV-2,2-week count of sequences,total,10,>15%
SARS-CoV-2 variant,GISAID,Poland,2025-W15,SARS-CoV-2,2-week count of sequences,total,9,>15%
SARS-CoV-2 variant,GISAID,Poland,2025-W14,SARS-CoV-2,2-week count of sequences,total,5,>15%
SARS-CoV-2 variant,GISAID,Poland,2025-W13,SARS-CoV-2,2-week count of sequences,total,3,>15%
SARS-CoV-2 variant,GISAID,Poland,2025-W12,SARS-CoV-2,2-week count of sequences,total,5,>15%
SARS-CoV-2 variant,GISAID,Poland,2025-W11,SARS-CoV-2,2-week count of sequences,total,3,>15%
SARS-CoV-2 variant,GISAID,Poland,2025-W10,SARS-CoV-2,2-week count of sequences,total,5,>15%
SARS-CoV-2 variant,GISAID,Poland,2025-W09,SARS-CoV-2,2-week count of sequences,total,6,>15%
SARS-CoV-2 variant,GISAID,Poland,2025-W08,SARS-CoV-2,2-week count of sequences,total,4,>15%
SARS-CoV-2 variant,GISAID,Poland,2025-W07,SARS-CoV-2,2-week count of sequences,total,8,>15%
SARS-CoV-2 variant,GISAID,Poland,2025-W06,SARS-CoV-2,2-week count of sequences,total,7,>15%
SARS-CoV-2 variant,GISAID,Poland,2025-W05,SARS-CoV-2,2-week count of sequences,total,4,>15%
SARS-CoV-2 variant,GISAID,Poland,2025-W04,SARS-CoV-2,2-week count of sequences,total,17,>15%
SARS-CoV-2 variant,GISAID,Poland,2025-W03,SARS-CoV-2,2-week count of sequences,total,50,>10% to 15%
SARS-CoV-2 variant,GISAID,Poland,2025-W02,SARS-CoV-2,2-week count of sequences,total,39,>10% to 15%
SARS-CoV-2 variant,GISAID,Poland,2025-W01,SARS-CoV-2,2-week count of sequences,total,4,>15%
SARS-CoV-2 variant,GISAID,Poland,2024-W52,SARS-CoV-2,2-week count of sequences,total,12,>15%
SARS-CoV-2 variant,GISAID,Poland,2024-W51,SARS-CoV-2,2-week count of sequences,total,22,>15%
SARS-CoV-2 variant,GISAID,Poland,2024-W50,SARS-CoV-2,2-week count of sequences,total,28,>15%
SARS-CoV-2 variant,GISAID,Poland,2024-W49,SARS-CoV-2,2-week count of sequences,total,23,>15%
SARS-CoV-2 variant,GISAID,Poland,2024-W48,SARS-CoV-2,2-week count of sequences,total,14,>15%
SARS-CoV-2 variant,GISAID,Poland,2024-W47,SARS-CoV-2,2-week count of sequences,total,28,>15%
SARS-CoV-2 variant,GISAID,Poland,2024-W46,SARS-CoV-2,2-week count of sequences,total,42,>10% to 15%
SARS-CoV-2 variant,GISAID,Poland,2024-W45,SARS-CoV-2,2-week count of sequences,total,56,>10% to 15%
SARS-CoV-2 variant,GISAID,Poland,2024-W44,SARS-CoV-2,2-week count of sequences,total,85,>5% to 10%
SARS-CoV-2 variant,GISAID,Poland,2024-W43,SARS-CoV-2,2-week count of sequences,total,75,>5% to 10%
SARS-CoV-2 variant,GISAID,Poland,2024-W42,SARS-CoV-2,2-week count of sequences,total,79,>5% to 10%
SARS-CoV-2 variant,GISAID,Poland,2024-W41,SARS-CoV-2,2-week count of sequences,total,145,>2.5% to 5%
SARS-CoV-2 variant,GISAID,Poland,2024-W40,SARS-CoV-2,2-week count of sequences,total,154,>2.5% to 5%
SARS-CoV-2 variant,GISAID,Poland,2024-W39,SARS-CoV-2,2-week count of sequences,total,147,>2.5% to 5%
SARS-CoV-2 variant,GISAID,Poland,2024-W38,SARS-CoV-2,2-week count of sequences,total,181,>2.5% to 5%
SARS-CoV-2 variant,GISAID,Poland,2024-W37,SARS-CoV-2,2-week count of sequences,total,186,>2.5% to 5%
SARS-CoV-2 variant,GISAID,Poland,2024-W36,SARS-CoV-2,2-week count of sequences,total,155,>2.5% to 5%
SARS-CoV-2 variant,GISAID,Poland,2024-W35,SARS-CoV-2,2-week count of sequences,total,106,>5% to 10%
SARS-CoV-2 variant,GISAID,Poland,2024-W34,SARS-CoV-2,2-week count of sequences,total,83,>5% to 10%
SARS-CoV-2 variant,GISAID,Poland,2024-W33,SARS-CoV-2,2-week count of sequences,total,62,>5% to 10%
SARS-CoV-2 variant,GISAID,Poland,2024-W32,SARS-CoV-2,2-week count of sequences,total,41,>10% to 15%
SARS-CoV-2 variant,GISAID,Poland,2024-W31,SARS-CoV-2,2-week count of sequences,total,37,>10% to 15%
SARS-CoV-2 variant,GISAID,Poland,2024-W30,SARS-CoV-2,2-week count of sequences,total,20,>15%
SARS-CoV-2 variant,GISAID,Poland,2024-W29,SARS-CoV-2,2-week count of sequences,total,16,>15%
SARS-CoV-2 variant,GISAID,Poland,2024-W28,SARS-CoV-2,2-week count of sequences,total,10,>15%
SARS-CoV-2 variant,GISAID,Poland,2024-W27,SARS-CoV-2,2-week count of sequences,total,3,>15%
SARS-CoV-2 variant,GISAID,Poland,2024-W26,SARS-CoV-2,2-week count of sequences,total,3,>15%
SARS-CoV-2 variant,GISAID,Poland,2024-W25,SARS-CoV-2,2-week count of sequences,total,3,>15%
SARS-CoV-2 variant,GISAID,Poland,2024-W24,SARS-CoV-2,2-week count of sequences,total,2,>15%
SARS-CoV-2 variant,GISAID,Poland,2024-W23,SARS-CoV-2,2-week count of sequences,total,8,>15%
SARS-CoV-2 variant,GISAID,Poland,2024-W22,SARS-CoV-2,2-week count of sequences,total,10,>15%
SARS-CoV-2 variant,GISAID,Poland,2024-W21,SARS-CoV-2,2-week count of sequences,total,6,>15%
SARS-CoV-2 variant,GISAID,Poland,2024-W20,SARS-CoV-2,2-week count of sequences,total,6,>15%
SARS-CoV-2 variant,GISAID,Poland,2024-W19,SARS-CoV-2,2-week count of sequences,total,2,>15%
SARS-CoV-2 variant,GISAID,Poland,2024-W18,SARS-CoV-2,2-week count of sequences,total,0,No data
SARS-CoV-2 variant,GISAID,Poland,2024-W17,SARS-CoV-2,2-week count of sequences,total,3,>15%
SARS-CoV-2 variant,GISAID,Poland,2024-W16,SARS-CoV-2,2-week count of sequences,total,4,>15%
SARS-CoV-2 variant,GISAID,Poland,2024-W15,SARS-CoV-2,2-week count of sequences,total,4,>15%
SARS-CoV-2 variant,GISAID,Poland,2024-W14,SARS-CoV-2,2-week count of sequences,total,6,>15%
SARS-CoV-2 variant,GISAID,Poland,2024-W13,SARS-CoV-2,2-week count of sequences,total,7,>15%
SARS-CoV-2 variant,GISAID,Poland,2024-W12,SARS-CoV-2,2-week count of sequences,total,11,>15%
SARS-CoV-2 variant,GISAID,Poland,2024-W11,SARS-CoV-2,2-week count of sequences,total,13,>15%
SARS-CoV-2 variant,GISAID,Poland,2024-W10,SARS-CoV-2,2-week count of sequences,total,48,>10% to 15%
SARS-CoV-2 variant,GISAID,Poland,2024-W09,SARS-CoV-2,2-week count of sequences,total,69,>5% to 10%
SARS-CoV-2 variant,GISAID,Poland,2024-W08,SARS-CoV-2,2-week count of sequences,total,45,>10% to 15%
SARS-CoV-2 variant,GISAID,Poland,2024-W07,SARS-CoV-2,2-week count of sequences,total,37,>10% to 15%
SARS-CoV-2 variant,GISAID,Poland,2024-W06,SARS-CoV-2,2-week count of sequences,total,49,>10% to 15%
SARS-CoV-2 variant,GISAID,Poland,2024-W05,SARS-CoV-2,2-week count of sequences,total,80,>5% to 10%
SARS-CoV-2 variant,GISAID,Poland,2024-W04,SARS-CoV-2,2-week count of sequences,total,79,>5% to 10%
SARS-CoV-2 variant,GISAID,Poland,2024-W03,SARS-CoV-2,2-week count of sequences,total,94,>5% to 10%
SARS-CoV-2 variant,GISAID,Poland,2024-W02,SARS-CoV-2,2-week count of sequences,total,229,>2.5% to 5%
SARS-CoV-2 variant,GISAID,Poland,2024-W01,SARS-CoV-2,2-week count of sequences,total,206,>2.5% to 5%
SARS-CoV-2 variant,GISAID,Poland,2023-W52,SARS-CoV-2,2-week count of sequences,total,184,>2.5% to 5%
SARS-CoV-2 variant,GISAID,Poland,2023-W51,SARS-CoV-2,2-week count of sequences,total,387,>1% to 2.5%
SARS-CoV-2 variant,GISAID,Poland,2023-W50,SARS-CoV-2,2-week count of sequences,total,507,>1% to 2.5%
SARS-CoV-2 variant,GISAID,Poland,2023-W49,SARS-CoV-2,2-week count of sequences,total,523,>1% to 2.5%
SARS-CoV-2 variant,GISAID,Poland,2023-W48,SARS-CoV-2,2-week count of sequences,total,481,>1% to 2.5%
SARS-CoV-2 variant,GISAID,Poland,2023-W47,SARS-CoV-2,2-week count of sequences,total,353,>1% to 2.5%
SARS-CoV-2 variant,GISAID,Poland,2023-W46,SARS-CoV-2,2-week count of sequences,total,324,>1% to 2.5%
SARS-CoV-2 variant,GISAID,Poland,2023-W45,SARS-CoV-2,2-week count of sequences,total,287,>1% to 2.5%
SARS-CoV-2 variant,GISAID,Poland,2023-W44,SARS-CoV-2,2-week count of sequences,total,238,>2.5% to 5%
SARS-CoV-2 variant,GISAID,Poland,2023-W43,SARS-CoV-2,2-week count of sequences,total,225,>2.5% to 5%
SARS-CoV-2 variant,GISAID,Poland,2023-W42,SARS-CoV-2,2-week count of sequences,total,124,>2.5% to 5%
SARS-CoV-2 variant,GISAID,Poland,2023-W41,SARS-CoV-2,2-week count of sequences,total,96,>5% to 10%
SARS-CoV-2 variant,GISAID,Poland,2023-W40,SARS-CoV-2,2-week count of sequences,total,106,>5% to 10%
SARS-CoV-2 variant,GISAID,Poland,2023-W39,SARS-CoV-2,2-week count of sequences,total,76,>5% to 10%
SARS-CoV-2 variant,GISAID,Poland,2023-W38,SARS-CoV-2,2-week count of sequences,total,48,>10% to 15%
SARS-CoV-2 variant,GISAID,Poland,2023-W37,SARS-CoV-2,2-week count of sequences,total,49,>10% to 15%
SARS-CoV-2 variant,GISAID,Poland,2023-W36,SARS-CoV-2,2-week count of sequences,total,28,>15%
SARS-CoV-2 variant,GISAID,Poland,2023-W35,SARS-CoV-2,2-week count of sequences,total,11,>15%
SARS-CoV-2 variant,GISAID,Poland,2023-W34,SARS-CoV-2,2-week count of sequences,total,14,>15%
SARS-CoV-2 variant,GISAID,Poland,2023-W33,SARS-CoV-2,2-week count of sequences,total,7,>15%
SARS-CoV-2 variant,GISAID,Poland,2023-W32,SARS-CoV-2,2-week count of sequences,total,5,>15%
SARS-CoV-2 variant,GISAID,Poland,2023-W31,SARS-CoV-2,2-week count of sequences,total,3,>15%
SARS-CoV-2 variant,GISAID,Poland,2023-W30,SARS-CoV-2,2-week count of sequences,total,0,No data
SARS-CoV-2 variant,GISAID,Poland,2023-W29,SARS-CoV-2,2-week count of sequences,total,4,>15%
SARS-CoV-2 variant,GISAID,Poland,2023-W28,SARS-CoV-2,2-week count of sequences,total,4,>15%
SARS-CoV-2 variant,GISAID,Poland,2023-W27,SARS-CoV-2,2-week count of sequences,total,2,>15%
SARS-CoV-2 variant,GISAID,Poland,2023-W26,SARS-CoV-2,2-week count of sequences,total,5,>15%
SARS-CoV-2 variant,GISAID,Poland,2023-W25,SARS-CoV-2,2-week count of sequences,total,12,>15%
SARS-CoV-2 variant,GISAID,Poland,2023-W24,SARS-CoV-2,2-week count of sequences,total,14,>15%
SARS-CoV-2 variant,GISAID,Poland,2023-W23,SARS-CoV-2,2-week count of sequences,total,14,>15%
SARS-CoV-2 variant,GISAID,Poland,2023-W22,SARS-CoV-2,2-week count of sequences,total,31,>15%
SARS-CoV-2 variant,GISAID,Poland,2023-W21,SARS-CoV-2,2-week count of sequences,total,48,>10% to 15%
SARS-CoV-2 variant,GISAID,Poland,2023-W20,SARS-CoV-2,2-week count of sequences,total,99,>5% to 10%
SARS-CoV-2 variant,GISAID,Poland,2023-W19,SARS-CoV-2,2-week count of sequences,total,88,>5% to 10%
SARS-CoV-2 variant,GISAID,Poland,2023-W18,SARS-CoV-2,2-week count of sequences,total,66,>5% to 10%
SARS-CoV-2 variant,GISAID,Poland,2023-W17,SARS-CoV-2,2-week count of sequences,total,114,>5% to 10%
SARS-CoV-2 variant,GISAID,Poland,2023-W16,SARS-CoV-2,2-week count of sequences,total,191,>2.5% to 5%
SARS-CoV-2 variant,GISAID,Poland,2023-W15,SARS-CoV-2,2-week count of sequences,total,252,>1% to 2.5%
SARS-CoV-2 variant,GISAID,Poland,2023-W14,SARS-CoV-2,2-week count of sequences,total,389,>1% to 2.5%
SARS-CoV-2 variant,GISAID,Poland,2023-W13,SARS-CoV-2,2-week count of sequences,total,535,>1% to 2.5%
SARS-CoV-2 variant,GISAID,Poland,2023-W12,SARS-CoV-2,2-week count of sequences,total,761,≤1%
SARS-CoV-2 variant,GISAID,Poland,2023-W11,SARS-CoV-2,2-week count of sequences,total,958,≤1%
SARS-CoV-2 variant,GISAID,Poland,2023-W10,SARS-CoV-2,2-week count of sequences,total,886,≤1%
SARS-CoV-2 variant,GISAID,Poland,2023-W09,SARS-CoV-2,2-week count of sequences,total,717,≤1%
SARS-CoV-2 variant,GISAID,Poland,2023-W08,SARS-CoV-2,2-week count of sequences,total,499,>1% to 2.5%
SARS-CoV-2 variant,GISAID,Poland,2023-W07,SARS-CoV-2,2-week count of sequences,total,337,>1% to 2.5%
SARS-CoV-2 variant,GISAID,Poland,2023-W06,SARS-CoV-2,2-week count of sequences,total,285,>1% to 2.5%
SARS-CoV-2 variant,GISAID,Poland,2023-W05,SARS-CoV-2,2-week count of sequences,total,260,>1% to 2.5%
SARS-CoV-2 variant,GISAID,Poland,2023-W04,SARS-CoV-2,2-week count of sequences,total,213,>2.5% to 5%
SARS-CoV-2 variant,GISAID,Poland,2023-W03,SARS-CoV-2,2-week count of sequences,total,173,>2.5% to 5%
SARS-CoV-2 variant,GISAID,Poland,2023-W02,SARS-CoV-2,2-week count of sequences,total,167,>2.5% to 5%
SARS-CoV-2 variant,GISAID,Poland,2023-W01,SARS-CoV-2,2-week count of sequences,total,132,>2.5% to 5%
SARS-CoV-2 variant,GISAID,Poland,2022-W52,SARS-CoV-2,2-week count of sequences,total,154,>2.5% to 5%
SARS-CoV-2 variant,GISAID,Poland,2022-W51,SARS-CoV-2,2-week count of sequences,total,215,>2.5% to 5%
SARS-CoV-2 variant,GISAID,Poland,2022-W50,SARS-CoV-2,2-week count of sequences,total,214,>2.5% to 5%
SARS-CoV-2 variant,GISAID,Poland,2022-W49,SARS-CoV-2,2-week count of sequences,total,165,>2.5% to 5%
SARS-CoV-2 variant,GISAID,Poland,2022-W48,SARS-CoV-2,2-week count of sequences,total,120,>2.5% to 5%
SARS-CoV-2 variant,GISAID,Poland,2022-W47,SARS-CoV-2,2-week count of sequences,total,112,>5% to 10%
SARS-CoV-2 variant,GISAID,Poland,2022-W46,SARS-CoV-2,2-week count of sequences,total,119,>2.5% to 5%
SARS-CoV-2 variant,GISAID,Poland,2022-W45,SARS-CoV-2,2-week count of sequences,total,132,>2.5% to 5%
SARS-CoV-2 variant,GISAID,Poland,2022-W44,SARS-CoV-2,2-week count of sequences,total,258,>1% to 2.5%
SARS-CoV-2 variant,GISAID,Poland,2022-W43,SARS-CoV-2,2-week count of sequences,total,314,>1% to 2.5%
SARS-CoV-2 variant,GISAID,Poland,2022-W42,SARS-CoV-2,2-week count of sequences,total,303,>1% to 2.5%
SARS-CoV-2 variant,GISAID,Poland,2022-W41,SARS-CoV-2,2-week count of sequences,total,515,>1% to 2.5%
SARS-CoV-2 variant,GISAID,Poland,2022-W40,SARS-CoV-2,2-week count of sequences,total,665,≤1%
SARS-CoV-2 variant,GISAID,Poland,2022-W39,SARS-CoV-2,2-week count of sequences,total,598,>1% to 2.5%
SARS-CoV-2 variant,GISAID,Poland,2022-W38,SARS-CoV-2,2-week count of sequences,total,580,>1% to 2.5%
SARS-CoV-2 variant,GISAID,Poland,2022-W37,SARS-CoV-2,2-week count of sequences,total,571,>1% to 2.5%
SARS-CoV-2 variant,GISAID,Poland,2022-W36,SARS-CoV-2,2-week count of sequences,total,511,>1% to 2.5%
SARS-CoV-2 variant,GISAID,Poland,2022-W35,SARS-CoV-2,2-week count of sequences,total,615,≤1%
SARS-CoV-2 variant,GISAID,Poland,2022-W34,SARS-CoV-2,2-week count of sequences,total,736,≤1%
SARS-CoV-2 variant,GISAID,Poland,2022-W33,SARS-CoV-2,2-week count of sequences,total,820,≤1%
SARS-CoV-2 variant,GISAID,Poland,2022-W32,SARS-CoV-2,2-week count of sequences,total,907,≤1%
SARS-CoV-2 variant,GISAID,Poland,2022-W31,SARS-CoV-2,2-week count of sequences,total,784,≤1%
SARS-CoV-2 variant,GISAID,Poland,2022-W30,SARS-CoV-2,2-week count of sequences,total,610,≤1%
SARS-CoV-2 variant,GISAID,Poland,2022-W29,SARS-CoV-2,2-week count of sequences,total,460,>1% to 2.5%
SARS-CoV-2 variant,GISAID,Poland,2022-W28,SARS-CoV-2,2-week count of sequences,total,307,>1% to 2.5%
SARS-CoV-2 variant,GISAID,Poland,2022-W27,SARS-CoV-2,2-week count of sequences,total,221,>2.5% to 5%
SARS-CoV-2 variant,GISAID,Poland,2022-W26,SARS-CoV-2,2-week count of sequences,total,173,>2.5% to 5%
SARS-CoV-2 variant,GISAID,Poland,2022-W25,SARS-CoV-2,2-week count of sequences,total,99,>5% to 10%
SARS-CoV-2 variant,GISAID,Portugal,2026-W36,SARS-CoV-2,2-week count of sequences,total,0,No data
SARS-CoV-2 variant,GISAID,Portugal,2026-W35,SARS-CoV-2,2-week count of sequences,total,0,No data
SARS-CoV-2 variant,GISAID,Portugal,2026-W34,SARS-CoV-2,2-week count of sequences,total,0,No data
SARS-CoV-2 variant,GISAID,Portugal,2026-W33,SARS-CoV-2,2-week count of sequences,total,0,No data
SARS-CoV-2 variant,GISAID,Portugal,2026-W32,SARS-CoV-2,2-week count of sequences,total,0,No data
SARS-CoV-2 variant,GISAID,Portugal,2026-W31,SARS-CoV-2,2-week count of sequences,total,0,No data
SARS-CoV-2 variant,GISAID,Portugal,2026-W30,SARS-CoV-2,2-week count of sequences,total,0,No data
SARS-CoV-2 variant,GISAID,Portugal,2026-W29,SARS-CoV-2,2-week count of sequences,total,0,No data
SARS-CoV-2 variant,GISAID,Portugal,2026-W28,SARS-CoV-2,2-week count of sequences,total,1,>15%
SARS-CoV-2 variant,GISAID,Portugal,2026-W27,SARS-CoV-2,2-week count of sequences,total,6,>15%
SARS-CoV-2 variant,GISAID,Portugal,2026-W26,SARS-CoV-2,2-week count of sequences,total,10,>15%
SARS-CoV-2 variant,GISAID,Portugal,2026-W25,SARS-CoV-2,2-week count of sequences,total,7,>15%
SARS-CoV-2 variant,GISAID,Portugal,2026-W24,SARS-CoV-2,2-week count of sequences,total,3,>15%
SARS-CoV-2 variant,GISAID,Portugal,2026-W23,SARS-CoV-2,2-week count of sequences,total,2,>15%
SARS-CoV-2 variant,GISAID,Portugal,2026-W22,SARS-CoV-2,2-week count of sequences,total,3,>15%
SARS-CoV-2 variant,GISAID,Portugal,2026-W21,SARS-CoV-2,2-week count of sequences,total,8,>15%
SARS-CoV-2 variant,GISAID,Portugal,2026-W20,SARS-CoV-2,2-week count of sequences,total,6,>15%
SARS-CoV-2 variant,GISAID,Portugal,2026-W19,SARS-CoV-2,2-week count of sequences,total,0,No data
SARS-CoV-2 variant,GISAID,Portugal,2026-W18,SARS-CoV-2,2-week count of sequences,total,4,>15%
SARS-CoV-2 variant,GISAID,Portugal,2026-W17,SARS-CoV-2,2-week count of sequences,total,7,>15%
SARS-CoV-2 variant,GISAID,Portugal,2026-W16,SARS-CoV-2,2-week count of sequences,total,8,>15%
SARS-CoV-2 variant,GISAID,Portugal,2026-W15,SARS-CoV-2,2-week count of sequences,total,7,>15%
SARS-CoV-2 variant,GISAID,Portugal,2026-W14,SARS-CoV-2,2-week count of sequences,total,6,>15%
SARS-CoV-2 variant,GISAID,Portugal,2026-W13,SARS-CoV-2,2-week count of sequences,total,7,>15%
SARS-CoV-2 variant,GISAID,Portugal,2026-W12,SARS-CoV-2,2-week count of sequences,total,4,>15%
SARS-CoV-2 variant,GISAID,Portugal,2026-W11,SARS-CoV-2,2-week count of sequences,total,3,>15%
SARS-CoV-2 variant,GISAID,Portugal,2026-W10,SARS-CoV-2,2-week count of sequences,total,5,>15%
SARS-CoV-2 variant,GISAID,Portugal,2026-W09,SARS-CoV-2,2-week count of sequences,total,4,>15%
SARS-CoV-2 variant,GISAID,Portugal,2026-W08,SARS-CoV-2,2-week count of sequences,total,1,>15%
SARS-CoV-2 variant,GISAID,Portugal,2026-W07,SARS-CoV-2,2-week count of sequences,total,0,No data
SARS-CoV-2 variant,GISAID,Portugal,2026-W06,SARS-CoV-2,2-week count of sequences,total,1,>15%
SARS-CoV-2 variant,GISAID,Portugal,2026-W05,SARS-CoV-2,2-week count of sequences,total,2,>15%
SARS-CoV-2 variant,GISAID,Portugal,2026-W04,SARS-CoV-2,2-week count of sequences,total,3,>15%
SARS-CoV-2 variant,GISAID,Portugal,2026-W03,SARS-CoV-2,2-week count of sequences,total,5,>15%
SARS-CoV-2 variant,GISAID,Portugal,2026-W02,SARS-CoV-2,2-week count of sequences,total,3,>15%
SARS-CoV-2 variant,GISAID,Portugal,2026-W01,SARS-CoV-2,2-week count of sequences,total,0,No data
SARS-CoV-2 variant,GISAID,Portugal,2025-W52,SARS-CoV-2,2-week count of sequences,total,2,>15%
SARS-CoV-2 variant,GISAID,Portugal,2025-W51,SARS-CoV-2,2-week count of sequences,total,5,>15%
SARS-CoV-2 variant,GISAID,Portugal,2025-W50,SARS-CoV-2,2-week count of sequences,total,4,>15%
SARS-CoV-2 variant,GISAID,Portugal,2025-W49,SARS-CoV-2,2-week count of sequences,total,2,>15%
SARS-CoV-2 variant,GISAID,Portugal,2025-W48,SARS-CoV-2,2-week count of sequences,total,2,>15%
SARS-CoV-2 variant,GISAID,Portugal,2025-W47,SARS-CoV-2,2-week count of sequences,total,12,>15%
SARS-CoV-2 variant,GISAID,Portugal,2025-W46,SARS-CoV-2,2-week count of sequences,total,16,>15%
SARS-CoV-2 variant,GISAID,Portugal,2025-W45,SARS-CoV-2,2-week count of sequences,total,13,>15%
SARS-CoV-2 variant,GISAID,Portugal,2025-W44,SARS-CoV-2,2-week count of sequences,total,16,>15%
SARS-CoV-2 variant,GISAID,Portugal,2025-W43,SARS-CoV-2,2-week count of sequences,total,31,>15%
SARS-CoV-2 variant,GISAID,Portugal,2025-W42,SARS-CoV-2,2-week count of sequences,total,55,>10% to 15%
SARS-CoV-2 variant,GISAID,Portugal,2025-W41,SARS-CoV-2,2-week count of sequences,total,83,>5% to 10%
SARS-CoV-2 variant,GISAID,Portugal,2025-W40,SARS-CoV-2,2-week count of sequences,total,114,>5% to 10%
SARS-CoV-2 variant,GISAID,Portugal,2025-W39,SARS-CoV-2,2-week count of sequences,total,107,>5% to 10%
SARS-CoV-2 variant,GISAID,Portugal,2025-W38,SARS-CoV-2,2-week count of sequences,total,73,>5% to 10%
SARS-CoV-2 variant,GISAID,Portugal,2025-W37,SARS-CoV-2,2-week count of sequences,total,74,>5% to 10%
SARS-CoV-2 variant,GISAID,Portugal,2025-W36,SARS-CoV-2,2-week count of sequences,total,74,>5% to 10%
SARS-CoV-2 variant,GISAID,Portugal,2025-W35,SARS-CoV-2,2-week count of sequences,total,68,>5% to 10%
SARS-CoV-2 variant,GISAID,Portugal,2025-W34,SARS-CoV-2,2-week count of sequences,total,77,>5% to 10%
SARS-CoV-2 variant,GISAID,Portugal,2025-W33,SARS-CoV-2,2-week count of sequences,total,104,>5% to 10%
SARS-CoV-2 variant,GISAID,Portugal,2025-W32,SARS-CoV-2,2-week count of sequences,total,128,>2.5% to 5%
SARS-CoV-2 variant,GISAID,Portugal,2025-W31,SARS-CoV-2,2-week count of sequences,total,119,>2.5% to 5%
SARS-CoV-2 variant,GISAID,Portugal,2025-W30,SARS-CoV-2,2-week count of sequences,total,113,>5% to 10%
SARS-CoV-2 variant,GISAID,Portugal,2025-W29,SARS-CoV-2,2-week count of sequences,total,100,>5% to 10%
SARS-CoV-2 variant,GISAID,Portugal,2025-W28,SARS-CoV-2,2-week count of sequences,total,94,>5% to 10%
SARS-CoV-2 variant,GISAID,Portugal,2025-W27,SARS-CoV-2,2-week count of sequences,total,97,>5% to 10%
SARS-CoV-2 variant,GISAID,Portugal,2025-W26,SARS-CoV-2,2-week count of sequences,total,102,>5% to 10%
SARS-CoV-2 variant,GISAID,Portugal,2025-W25,SARS-CoV-2,2-week count of sequences,total,97,>5% to 10%
SARS-CoV-2 variant,GISAID,Portugal,2025-W24,SARS-CoV-2,2-week count of sequences,total,83,>5% to 10%
SARS-CoV-2 variant,GISAID,Portugal,2025-W23,SARS-CoV-2,2-week count of sequences,total,76,>5% to 10%
SARS-CoV-2 variant,GISAID,Portugal,2025-W22,SARS-CoV-2,2-week count of sequences,total,65,>5% to 10%
SARS-CoV-2 variant,GISAID,Portugal,2025-W21,SARS-CoV-2,2-week count of sequences,total,64,>5% to 10%
SARS-CoV-2 variant,GISAID,Portugal,2025-W20,SARS-CoV-2,2-week count of sequences,total,45,>10% to 15%
SARS-CoV-2 variant,GISAID,Portugal,2025-W19,SARS-CoV-2,2-week count of sequences,total,22,>15%
SARS-CoV-2 variant,GISAID,Portugal,2025-W18,SARS-CoV-2,2-week count of sequences,total,20,>15%
SARS-CoV-2 variant,GISAID,Portugal,2025-W17,SARS-CoV-2,2-week count of sequences,total,14,>15%
SARS-CoV-2 variant,GISAID,Portugal,2025-W16,SARS-CoV-2,2-week count of sequences,total,25,>15%
SARS-CoV-2 variant,GISAID,Portugal,2025-W15,SARS-CoV-2,2-week count of sequences,total,29,>15%
SARS-CoV-2 variant,GISAID,Portugal,2025-W14,SARS-CoV-2,2-week count of sequences,total,14,>15%
SARS-CoV-2 variant,GISAID,Portugal,2025-W13,SARS-CoV-2,2-week count of sequences,total,7,>15%
SARS-CoV-2 variant,GISAID,Portugal,2025-W12,SARS-CoV-2,2-week count of sequences,total,6,>15%
SARS-CoV-2 variant,GISAID,Portugal,2025-W11,SARS-CoV-2,2-week count of sequences,total,6,>15%
SARS-CoV-2 variant,GISAID,Portugal,2025-W10,SARS-CoV-2,2-week count of sequences,total,4,>15%
SARS-CoV-2 variant,GISAID,Portugal,2025-W09,SARS-CoV-2,2-week count of sequences,total,3,>15%
SARS-CoV-2 variant,GISAID,Portugal,2025-W08,SARS-CoV-2,2-week count of sequences,total,4,>15%
SARS-CoV-2 variant,GISAID,Portugal,2025-W07,SARS-CoV-2,2-week count of sequences,total,4,>15%
SARS-CoV-2 variant,GISAID,Portugal,2025-W06,SARS-CoV-2,2-week count of sequences,total,3,>15%
SARS-CoV-2 variant,GISAID,Portugal,2025-W05,SARS-CoV-2,2-week count of sequences,total,3,>15%
SARS-CoV-2 variant,GISAID,Portugal,2025-W04,SARS-CoV-2,2-week count of sequences,total,4,>15%
SARS-CoV-2 variant,GISAID,Portugal,2025-W03,SARS-CoV-2,2-week count of sequences,total,6,>15%
SARS-CoV-2 variant,GISAID,Portugal,2025-W02,SARS-CoV-2,2-week count of sequences,total,9,>15%
SARS-CoV-2 variant,GISAID,Portugal,2025-W01,SARS-CoV-2,2-week count of sequences,total,10,>15%
SARS-CoV-2 variant,GISAID,Portugal,2024-W52,SARS-CoV-2,2-week count of sequences,total,5,>15%
SARS-CoV-2 variant,GISAID,Portugal,2024-W51,SARS-CoV-2,2-week count of sequences,total,5,>15%
SARS-CoV-2 variant,GISAID,Portugal,2024-W50,SARS-CoV-2,2-week count of sequences,total,7,>15%
SARS-CoV-2 variant,GISAID,Portugal,2024-W49,SARS-CoV-2,2-week count of sequences,total,3,>15%
SARS-CoV-2 variant,GISAID,Portugal,2024-W48,SARS-CoV-2,2-week count of sequences,total,1,>15%
SARS-CoV-2 variant,GISAID,Portugal,2024-W47,SARS-CoV-2,2-week count of sequences,total,6,>15%
SARS-CoV-2 variant,GISAID,Portugal,2024-W46,SARS-CoV-2,2-week count of sequences,total,9,>15%
SARS-CoV-2 variant,GISAID,Portugal,2024-W45,SARS-CoV-2,2-week count of sequences,total,6,>15%
SARS-CoV-2 variant,GISAID,Portugal,2024-W44,SARS-CoV-2,2-week count of sequences,total,5,>15%
SARS-CoV-2 variant,GISAID,Portugal,2024-W43,SARS-CoV-2,2-week count of sequences,total,20,>15%
SARS-CoV-2 variant,GISAID,Portugal,2024-W42,SARS-CoV-2,2-week count of sequences,total,40,>10% to 15%
SARS-CoV-2 variant,GISAID,Portugal,2024-W41,SARS-CoV-2,2-week count of sequences,total,41,>10% to 15%
SARS-CoV-2 variant,GISAID,Portugal,2024-W40,SARS-CoV-2,2-week count of sequences,total,27,>15%
SARS-CoV-2 variant,GISAID,Portugal,2024-W39,SARS-CoV-2,2-week count of sequences,total,46,>10% to 15%
SARS-CoV-2 variant,GISAID,Portugal,2024-W38,SARS-CoV-2,2-week count of sequences,total,70,>5% to 10%
SARS-CoV-2 variant,GISAID,Portugal,2024-W37,SARS-CoV-2,2-week count of sequences,total,60,>5% to 10%
SARS-CoV-2 variant,GISAID,Portugal,2024-W36,SARS-CoV-2,2-week count of sequences,total,44,>10% to 15%
SARS-CoV-2 variant,GISAID,Portugal,2024-W35,SARS-CoV-2,2-week count of sequences,total,74,>5% to 10%
SARS-CoV-2 variant,GISAID,Portugal,2024-W34,SARS-CoV-2,2-week count of sequences,total,96,>5% to 10%
SARS-CoV-2 variant,GISAID,Portugal,2024-W33,SARS-CoV-2,2-week count of sequences,total,90,>5% to 10%
SARS-CoV-2 variant,GISAID,Portugal,2024-W32,SARS-CoV-2,2-week count of sequences,total,114,>5% to 10%
SARS-CoV-2 variant,GISAID,Portugal,2024-W31,SARS-CoV-2,2-week count of sequences,total,116,>5% to 10%
SARS-CoV-2 variant,GISAID,Portugal,2024-W30,SARS-CoV-2,2-week count of sequences,total,112,>5% to 10%
SARS-CoV-2 variant,GISAID,Portugal,2024-W29,SARS-CoV-2,2-week count of sequences,total,146,>2.5% to 5%
SARS-CoV-2 variant,GISAID,Portugal,2024-W28,SARS-CoV-2,2-week count of sequences,total,146,>2.5% to 5%
SARS-CoV-2 variant,GISAID,Portugal,2024-W27,SARS-CoV-2,2-week count of sequences,total,128,>2.5% to 5%
SARS-CoV-2 variant,GISAID,Portugal,2024-W26,SARS-CoV-2,2-week count of sequences,total,166,>2.5% to 5%
SARS-CoV-2 variant,GISAID,Portugal,2024-W25,SARS-CoV-2,2-week count of sequences,total,173,>2.5% to 5%
SARS-CoV-2 variant,GISAID,Portugal,2024-W24,SARS-CoV-2,2-week count of sequences,total,161,>2.5% to 5%
SARS-CoV-2 variant,GISAID,Portugal,2024-W23,SARS-CoV-2,2-week count of sequences,total,125,>2.5% to 5%
SARS-CoV-2 variant,GISAID,Portugal,2024-W22,SARS-CoV-2,2-week count of sequences,total,154,>2.5% to 5%
SARS-CoV-2 variant,GISAID,Portugal,2024-W21,SARS-CoV-2,2-week count of sequences,total,164,>2.5% to 5%
SARS-CoV-2 variant,GISAID,Portugal,2024-W20,SARS-CoV-2,2-week count of sequences,total,87,>5% to 10%
SARS-CoV-2 variant,GISAID,Portugal,2024-W19,SARS-CoV-2,2-week count of sequences,total,53,>10% to 15%
SARS-CoV-2 variant,GISAID,Portugal,2024-W18,SARS-CoV-2,2-week count of sequences,total,26,>15%
SARS-CoV-2 variant,GISAID,Portugal,2024-W17,SARS-CoV-2,2-week count of sequences,total,18,>15%
SARS-CoV-2 variant,GISAID,Portugal,2024-W16,SARS-CoV-2,2-week count of sequences,total,18,>15%
SARS-CoV-2 variant,GISAID,Portugal,2024-W15,SARS-CoV-2,2-week count of sequences,total,10,>15%
SARS-CoV-2 variant,GISAID,Portugal,2024-W14,SARS-CoV-2,2-week count of sequences,total,2,>15%
SARS-CoV-2 variant,GISAID,Portugal,2024-W13,SARS-CoV-2,2-week count of sequences,total,14,>15%
SARS-CoV-2 variant,GISAID,Portugal,2024-W12,SARS-CoV-2,2-week count of sequences,total,16,>15%
SARS-CoV-2 variant,GISAID,Portugal,2024-W11,SARS-CoV-2,2-week count of sequences,total,4,>15%
SARS-CoV-2 variant,GISAID,Portugal,2024-W10,SARS-CoV-2,2-week count of sequences,total,5,>15%
SARS-CoV-2 variant,GISAID,Portugal,2024-W09,SARS-CoV-2,2-week count of sequences,total,20,>15%
SARS-CoV-2 variant,GISAID,Portugal,2024-W08,SARS-CoV-2,2-week count of sequences,total,28,>15%
SARS-CoV-2 variant,GISAID,Portugal,2024-W07,SARS-CoV-2,2-week count of sequences,total,13,>15%
SARS-CoV-2 variant,GISAID,Portugal,2024-W06,SARS-CoV-2,2-week count of sequences,total,7,>15%
SARS-CoV-2 variant,GISAID,Portugal,2024-W05,SARS-CoV-2,2-week count of sequences,total,33,>15%
SARS-CoV-2 variant,GISAID,Portugal,2024-W04,SARS-CoV-2,2-week count of sequences,total,68,>5% to 10%
SARS-CoV-2 variant,GISAID,Portugal,2024-W03,SARS-CoV-2,2-week count of sequences,total,46,>10% to 15%
SARS-CoV-2 variant,GISAID,Portugal,2024-W02,SARS-CoV-2,2-week count of sequences,total,27,>15%
SARS-CoV-2 variant,GISAID,Portugal,2024-W01,SARS-CoV-2,2-week count of sequences,total,143,>2.5% to 5%
SARS-CoV-2 variant,GISAID,Portugal,2023-W52,SARS-CoV-2,2-week count of sequences,total,182,>2.5% to 5%
SARS-CoV-2 variant,GISAID,Portugal,2023-W51,SARS-CoV-2,2-week count of sequences,total,64,>5% to 10%
SARS-CoV-2 variant,GISAID,Portugal,2023-W50,SARS-CoV-2,2-week count of sequences,total,17,>15%
SARS-CoV-2 variant,GISAID,Portugal,2023-W49,SARS-CoV-2,2-week count of sequences,total,77,>5% to 10%
SARS-CoV-2 variant,GISAID,Portugal,2023-W48,SARS-CoV-2,2-week count of sequences,total,98,>5% to 10%
SARS-CoV-2 variant,GISAID,Portugal,2023-W47,SARS-CoV-2,2-week count of sequences,total,38,>10% to 15%
SARS-CoV-2 variant,GISAID,Portugal,2023-W46,SARS-CoV-2,2-week count of sequences,total,18,>15%
SARS-CoV-2 variant,GISAID,Portugal,2023-W45,SARS-CoV-2,2-week count of sequences,total,65,>5% to 10%
SARS-CoV-2 variant,GISAID,Portugal,2023-W44,SARS-CoV-2,2-week count of sequences,total,79,>5% to 10%
SARS-CoV-2 variant,GISAID,Portugal,2023-W43,SARS-CoV-2,2-week count of sequences,total,34,>15%
SARS-CoV-2 variant,GISAID,Portugal,2023-W42,SARS-CoV-2,2-week count of sequences,total,25,>15%
SARS-CoV-2 variant,GISAID,Portugal,2023-W41,SARS-CoV-2,2-week count of sequences,total,120,>2.5% to 5%
SARS-CoV-2 variant,GISAID,Portugal,2023-W40,SARS-CoV-2,2-week count of sequences,total,168,>2.5% to 5%
SARS-CoV-2 variant,GISAID,Portugal,2023-W39,SARS-CoV-2,2-week count of sequences,total,70,>5% to 10%
SARS-CoV-2 variant,GISAID,Portugal,2023-W38,SARS-CoV-2,2-week count of sequences,total,48,>10% to 15%
SARS-CoV-2 variant,GISAID,Portugal,2023-W37,SARS-CoV-2,2-week count of sequences,total,194,>2.5% to 5%
SARS-CoV-2 variant,GISAID,Portugal,2023-W36,SARS-CoV-2,2-week count of sequences,total,264,>1% to 2.5%
SARS-CoV-2 variant,GISAID,Portugal,2023-W35,SARS-CoV-2,2-week count of sequences,total,127,>2.5% to 5%
SARS-CoV-2 variant,GISAID,Portugal,2023-W34,SARS-CoV-2,2-week count of sequences,total,62,>5% to 10%
SARS-CoV-2 variant,GISAID,Portugal,2023-W33,SARS-CoV-2,2-week count of sequences,total,312,>1% to 2.5%
SARS-CoV-2 variant,GISAID,Portugal,2023-W32,SARS-CoV-2,2-week count of sequences,total,392,>1% to 2.5%
SARS-CoV-2 variant,GISAID,Portugal,2023-W31,SARS-CoV-2,2-week count of sequences,total,132,>2.5% to 5%
SARS-CoV-2 variant,GISAID,Portugal,2023-W30,SARS-CoV-2,2-week count of sequences,total,25,>15%
SARS-CoV-2 variant,GISAID,Portugal,2023-W29,SARS-CoV-2,2-week count of sequences,total,106,>5% to 10%
SARS-CoV-2 variant,GISAID,Portugal,2023-W28,SARS-CoV-2,2-week count of sequences,total,128,>2.5% to 5%
SARS-CoV-2 variant,GISAID,Portugal,2023-W27,SARS-CoV-2,2-week count of sequences,total,50,>10% to 15%
SARS-CoV-2 variant,GISAID,Portugal,2023-W26,SARS-CoV-2,2-week count of sequences,total,21,>15%
SARS-CoV-2 variant,GISAID,Portugal,2023-W25,SARS-CoV-2,2-week count of sequences,total,119,>2.5% to 5%
SARS-CoV-2 variant,GISAID,Portugal,2023-W24,SARS-CoV-2,2-week count of sequences,total,192,>2.5% to 5%
SARS-CoV-2 variant,GISAID,Portugal,2023-W23,SARS-CoV-2,2-week count of sequences,total,148,>2.5% to 5%
SARS-CoV-2 variant,GISAID,Portugal,2023-W22,SARS-CoV-2,2-week count of sequences,total,191,>2.5% to 5%
SARS-CoV-2 variant,GISAID,Portugal,2023-W21,SARS-CoV-2,2-week count of sequences,total,238,>2.5% to 5%
SARS-CoV-2 variant,GISAID,Portugal,2023-W20,SARS-CoV-2,2-week count of sequences,total,218,>2.5% to 5%
SARS-CoV-2 variant,GISAID,Portugal,2023-W19,SARS-CoV-2,2-week count of sequences,total,222,>2.5% to 5%
SARS-CoV-2 variant,GISAID,Portugal,2023-W18,SARS-CoV-2,2-week count of sequences,total,239,>2.5% to 5%
SARS-CoV-2 variant,GISAID,Portugal,2023-W17,SARS-CoV-2,2-week count of sequences,total,251,>1% to 2.5%
SARS-CoV-2 variant,GISAID,Portugal,2023-W16,SARS-CoV-2,2-week count of sequences,total,245,>1% to 2.5%
SARS-CoV-2 variant,GISAID,Portugal,2023-W15,SARS-CoV-2,2-week count of sequences,total,238,>2.5% to 5%
SARS-CoV-2 variant,GISAID,Portugal,2023-W14,SARS-CoV-2,2-week count of sequences,total,242,>1% to 2.5%
SARS-CoV-2 variant,GISAID,Portugal,2023-W13,SARS-CoV-2,2-week count of sequences,total,258,>1% to 2.5%
SARS-CoV-2 variant,GISAID,Portugal,2023-W12,SARS-CoV-2,2-week count of sequences,total,249,>1% to 2.5%
SARS-CoV-2 variant,GISAID,Portugal,2023-W11,SARS-CoV-2,2-week count of sequences,total,251,>1% to 2.5%
SARS-CoV-2 variant,GISAID,Portugal,2023-W10,SARS-CoV-2,2-week count of sequences,total,251,>1% to 2.5%
SARS-CoV-2 variant,GISAID,Portugal,2023-W09,SARS-CoV-2,2-week count of sequences,total,234,>2.5% to 5%
SARS-CoV-2 variant,GISAID,Portugal,2023-W08,SARS-CoV-2,2-week count of sequences,total,228,>2.5% to 5%
SARS-CoV-2 variant,GISAID,Portugal,2023-W07,SARS-CoV-2,2-week count of sequences,total,206,>2.5% to 5%
SARS-CoV-2 variant,GISAID,Portugal,2023-W06,SARS-CoV-2,2-week count of sequences,total,199,>2.5% to 5%
SARS-CoV-2 variant,GISAID,Portugal,2023-W05,SARS-CoV-2,2-week count of sequences,total,198,>2.5% to 5%
SARS-CoV-2 variant,GISAID,Portugal,2023-W04,SARS-CoV-2,2-week count of sequences,total,198,>2.5% to 5%
SARS-CoV-2 variant,GISAID,Portugal,2023-W03,SARS-CoV-2,2-week count of sequences,total,278,>1% to 2.5%
SARS-CoV-2 variant,GISAID,Portugal,2023-W02,SARS-CoV-2,2-week count of sequences,total,309,>1% to 2.5%
SARS-CoV-2 variant,GISAID,Portugal,2023-W01,SARS-CoV-2,2-week count of sequences,total,278,>1% to 2.5%
SARS-CoV-2 variant,GISAID,Portugal,2022-W52,SARS-CoV-2,2-week count of sequences,total,264,>1% to 2.5%
SARS-CoV-2 variant,GISAID,Portugal,2022-W51,SARS-CoV-2,2-week count of sequences,total,270,>1% to 2.5%
SARS-CoV-2 variant,GISAID,Portugal,2022-W50,SARS-CoV-2,2-week count of sequences,total,336,>1% to 2.5%
SARS-CoV-2 variant,GISAID,Portugal,2022-W49,SARS-CoV-2,2-week count of sequences,total,371,>1% to 2.5%
SARS-CoV-2 variant,GISAID,Portugal,2022-W48,SARS-CoV-2,2-week count of sequences,total,414,>1% to 2.5%
SARS-CoV-2 variant,GISAID,Portugal,2022-W47,SARS-CoV-2,2-week count of sequences,total,414,>1% to 2.5%
SARS-CoV-2 variant,GISAID,Portugal,2022-W46,SARS-CoV-2,2-week count of sequences,total,291,>1% to 2.5%
SARS-CoV-2 variant,GISAID,Portugal,2022-W45,SARS-CoV-2,2-week count of sequences,total,263,>1% to 2.5%
SARS-CoV-2 variant,GISAID,Portugal,2022-W44,SARS-CoV-2,2-week count of sequences,total,245,>1% to 2.5%
SARS-CoV-2 variant,GISAID,Portugal,2022-W43,SARS-CoV-2,2-week count of sequences,total,251,>1% to 2.5%
SARS-CoV-2 variant,GISAID,Portugal,2022-W42,SARS-CoV-2,2-week count of sequences,total,244,>1% to 2.5%
SARS-CoV-2 variant,GISAID,Portugal,2022-W41,SARS-CoV-2,2-week count of sequences,total,353,>1% to 2.5%
SARS-CoV-2 variant,GISAID,Portugal,2022-W40,SARS-CoV-2,2-week count of sequences,total,538,>1% to 2.5%
SARS-CoV-2 variant,GISAID,Portugal,2022-W39,SARS-CoV-2,2-week count of sequences,total,549,>1% to 2.5%
SARS-CoV-2 variant,GISAID,Portugal,2022-W38,SARS-CoV-2,2-week count of sequences,total,561,>1% to 2.5%
SARS-CoV-2 variant,GISAID,Portugal,2022-W37,SARS-CoV-2,2-week count of sequences,total,564,>1% to 2.5%
SARS-CoV-2 variant,GISAID,Portugal,2022-W36,SARS-CoV-2,2-week count of sequences,total,540,>1% to 2.5%
SARS-CoV-2 variant,GISAID,Portugal,2022-W35,SARS-CoV-2,2-week count of sequences,total,533,>1% to 2.5%
SARS-CoV-2 variant,GISAID,Portugal,2022-W34,SARS-CoV-2,2-week count of sequences,total,506,>1% to 2.5%
SARS-CoV-2 variant,GISAID,Portugal,2022-W33,SARS-CoV-2,2-week count of sequences,total,493,>1% to 2.5%
SARS-CoV-2 variant,GISAID,Portugal,2022-W32,SARS-CoV-2,2-week count of sequences,total,482,>1% to 2.5%
SARS-CoV-2 variant,GISAID,Portugal,2022-W31,SARS-CoV-2,2-week count of sequences,total,507,>1% to 2.5%
SARS-CoV-2 variant,GISAID,Portugal,2022-W30,SARS-CoV-2,2-week count of sequences,total,545,>1% to 2.5%
SARS-CoV-2 variant,GISAID,Portugal,2022-W29,SARS-CoV-2,2-week count of sequences,total,606,>1% to 2.5%
SARS-CoV-2 variant,GISAID,Portugal,2022-W28,SARS-CoV-2,2-week count of sequences,total,749,≤1%
SARS-CoV-2 variant,GISAID,Portugal,2022-W27,SARS-CoV-2,2-week count of sequences,total,1097,≤1%
SARS-CoV-2 variant,GISAID,Portugal,2022-W26,SARS-CoV-2,2-week count of sequences,total,1225,≤1%
SARS-CoV-2 variant,GISAID,Portugal,2022-W25,SARS-CoV-2,2-week count of sequences,total,529,>1% to 2.5%
SARS-CoV-2 variant,GISAID,Romania,2026-W36,SARS-CoV-2,2-week count of sequences,total,0,No data
SARS-CoV-2 variant,GISAID,Romania,2026-W35,SARS-CoV-2,2-week count of sequences,total,0,No data
SARS-CoV-2 variant,GISAID,Romania,2026-W34,SARS-CoV-2,2-week count of sequences,total,1,>15%
SARS-CoV-2 variant,GISAID,Romania,2026-W33,SARS-CoV-2,2-week count of sequences,total,1,>15%
SARS-CoV-2 variant,GISAID,Romania,2026-W32,SARS-CoV-2,2-week count of sequences,total,0,No data
SARS-CoV-2 variant,GISAID,Romania,2026-W31,SARS-CoV-2,2-week count of sequences,total,0,No data
SARS-CoV-2 variant,GISAID,Romania,2026-W30,SARS-CoV-2,2-week count of sequences,total,0,No data
SARS-CoV-2 variant,GISAID,Romania,2026-W29,SARS-CoV-2,2-week count of sequences,total,0,No data
SARS-CoV-2 variant,GISAID,Romania,2026-W28,SARS-CoV-2,2-week count of sequences,total,0,No data
SARS-CoV-2 variant,GISAID,Romania,2026-W27,SARS-CoV-2,2-week count of sequences,total,0,No data
SARS-CoV-2 variant,GISAID,Romania,2026-W26,SARS-CoV-2,2-week count of sequences,total,0,No data
SARS-CoV-2 variant,GISAID,Romania,2026-W25,SARS-CoV-2,2-week count of sequences,total,0,No data
SARS-CoV-2 variant,GISAID,Romania,2026-W24,SARS-CoV-2,2-week count of sequences,total,0,No data
SARS-CoV-2 variant,GISAID,Romania,2026-W23,SARS-CoV-2,2-week count of sequences,total,0,No data
SARS-CoV-2 variant,GISAID,Romania,2026-W22,SARS-CoV-2,2-week count of sequences,total,0,No data
SARS-CoV-2 variant,GISAID,Romania,2026-W21,SARS-CoV-2,2-week count of sequences,total,1,>15%
SARS-CoV-2 variant,GISAID,Romania,2026-W20,SARS-CoV-2,2-week count of sequences,total,1,>15%
SARS-CoV-2 variant,GISAID,Romania,2026-W19,SARS-CoV-2,2-week count of sequences,total,0,No data
SARS-CoV-2 variant,GISAID,Romania,2026-W18,SARS-CoV-2,2-week count of sequences,total,0,No data
SARS-CoV-2 variant,GISAID,Romania,2026-W17,SARS-CoV-2,2-week count of sequences,total,0,No data
SARS-CoV-2 variant,GISAID,Romania,2026-W16,SARS-CoV-2,2-week count of sequences,total,0,No data
SARS-CoV-2 variant,GISAID,Romania,2026-W15,SARS-CoV-2,2-week count of sequences,total,0,No data
SARS-CoV-2 variant,GISAID,Romania,2026-W14,SARS-CoV-2,2-week count of sequences,total,1,>15%
SARS-CoV-2 variant,GISAID,Romania,2026-W13,SARS-CoV-2,2-week count of sequences,total,1,>15%
SARS-CoV-2 variant,GISAID,Romania,2026-W12,SARS-CoV-2,2-week count of sequences,total,0,No data
SARS-CoV-2 variant,GISAID,Romania,2026-W11,SARS-CoV-2,2-week count of sequences,total,0,No data
SARS-CoV-2 variant,GISAID,Romania,2026-W10,SARS-CoV-2,2-week count of sequences,total,0,No data
SARS-CoV-2 variant,GISAID,Romania,2026-W09,SARS-CoV-2,2-week count of sequences,total,0,No data
SARS-CoV-2 variant,GISAID,Romania,2026-W08,SARS-CoV-2,2-week count of sequences,total,0,No data
SARS-CoV-2 variant,GISAID,Romania,2026-W07,SARS-CoV-2,2-week count of sequences,total,1,>15%
SARS-CoV-2 variant,GISAID,Romania,2026-W06,SARS-CoV-2,2-week count of sequences,total,2,>15%
SARS-CoV-2 variant,GISAID,Romania,2026-W05,SARS-CoV-2,2-week count of sequences,total,1,>15%
SARS-CoV-2 variant,GISAID,Romania,2026-W04,SARS-CoV-2,2-week count of sequences,total,0,No data
SARS-CoV-2 variant,GISAID,Romania,2026-W03,SARS-CoV-2,2-week count of sequences,total,0,No data
SARS-CoV-2 variant,GISAID,Romania,2026-W02,SARS-CoV-2,2-week count of sequences,total,0,No data
SARS-CoV-2 variant,GISAID,Romania,2026-W01,SARS-CoV-2,2-week count of sequences,total,1,>15%
SARS-CoV-2 variant,GISAID,Romania,2025-W52,SARS-CoV-2,2-week count of sequences,total,1,>15%
SARS-CoV-2 variant,GISAID,Romania,2025-W51,SARS-CoV-2,2-week count of sequences,total,1,>15%
SARS-CoV-2 variant,GISAID,Romania,2025-W50,SARS-CoV-2,2-week count of sequences,total,2,>15%
SARS-CoV-2 variant,GISAID,Romania,2025-W49,SARS-CoV-2,2-week count of sequences,total,2,>15%
SARS-CoV-2 variant,GISAID,Romania,2025-W48,SARS-CoV-2,2-week count of sequences,total,1,>15%
SARS-CoV-2 variant,GISAID,Romania,2025-W47,SARS-CoV-2,2-week count of sequences,total,1,>15%
SARS-CoV-2 variant,GISAID,Romania,2025-W46,SARS-CoV-2,2-week count of sequences,total,5,>15%
SARS-CoV-2 variant,GISAID,Romania,2025-W45,SARS-CoV-2,2-week count of sequences,total,10,>15%
SARS-CoV-2 variant,GISAID,Romania,2025-W44,SARS-CoV-2,2-week count of sequences,total,9,>15%
SARS-CoV-2 variant,GISAID,Romania,2025-W43,SARS-CoV-2,2-week count of sequences,total,13,>15%
SARS-CoV-2 variant,GISAID,Romania,2025-W42,SARS-CoV-2,2-week count of sequences,total,25,>15%
SARS-CoV-2 variant,GISAID,Romania,2025-W41,SARS-CoV-2,2-week count of sequences,total,26,>15%
SARS-CoV-2 variant,GISAID,Romania,2025-W40,SARS-CoV-2,2-week count of sequences,total,28,>15%
SARS-CoV-2 variant,GISAID,Romania,2025-W39,SARS-CoV-2,2-week count of sequences,total,34,>15%
SARS-CoV-2 variant,GISAID,Romania,2025-W38,SARS-CoV-2,2-week count of sequences,total,53,>10% to 15%
SARS-CoV-2 variant,GISAID,Romania,2025-W37,SARS-CoV-2,2-week count of sequences,total,62,>5% to 10%
SARS-CoV-2 variant,GISAID,Romania,2025-W36,SARS-CoV-2,2-week count of sequences,total,50,>10% to 15%
SARS-CoV-2 variant,GISAID,Romania,2025-W35,SARS-CoV-2,2-week count of sequences,total,47,>10% to 15%
SARS-CoV-2 variant,GISAID,Romania,2025-W34,SARS-CoV-2,2-week count of sequences,total,38,>10% to 15%
SARS-CoV-2 variant,GISAID,Romania,2025-W33,SARS-CoV-2,2-week count of sequences,total,30,>15%
SARS-CoV-2 variant,GISAID,Romania,2025-W32,SARS-CoV-2,2-week count of sequences,total,26,>15%
SARS-CoV-2 variant,GISAID,Romania,2025-W31,SARS-CoV-2,2-week count of sequences,total,22,>15%
SARS-CoV-2 variant,GISAID,Romania,2025-W30,SARS-CoV-2,2-week count of sequences,total,26,>15%
SARS-CoV-2 variant,GISAID,Romania,2025-W29,SARS-CoV-2,2-week count of sequences,total,20,>15%
SARS-CoV-2 variant,GISAID,Romania,2025-W28,SARS-CoV-2,2-week count of sequences,total,6,>15%
SARS-CoV-2 variant,GISAID,Romania,2025-W27,SARS-CoV-2,2-week count of sequences,total,4,>15%
SARS-CoV-2 variant,GISAID,Romania,2025-W26,SARS-CoV-2,2-week count of sequences,total,4,>15%
SARS-CoV-2 variant,GISAID,Romania,2025-W25,SARS-CoV-2,2-week count of sequences,total,2,>15%
SARS-CoV-2 variant,GISAID,Romania,2025-W24,SARS-CoV-2,2-week count of sequences,total,9,>15%
SARS-CoV-2 variant,GISAID,Romania,2025-W23,SARS-CoV-2,2-week count of sequences,total,9,>15%
SARS-CoV-2 variant,GISAID,Romania,2025-W22,SARS-CoV-2,2-week count of sequences,total,4,>15%
SARS-CoV-2 variant,GISAID,Romania,2025-W21,SARS-CoV-2,2-week count of sequences,total,5,>15%
SARS-CoV-2 variant,GISAID,Romania,2025-W20,SARS-CoV-2,2-week count of sequences,total,3,>15%
SARS-CoV-2 variant,GISAID,Romania,2025-W19,SARS-CoV-2,2-week count of sequences,total,1,>15%
SARS-CoV-2 variant,GISAID,Romania,2025-W18,SARS-CoV-2,2-week count of sequences,total,0,No data
SARS-CoV-2 variant,GISAID,Romania,2025-W17,SARS-CoV-2,2-week count of sequences,total,0,No data
SARS-CoV-2 variant,GISAID,Romania,2025-W16,SARS-CoV-2,2-week count of sequences,total,0,No data
SARS-CoV-2 variant,GISAID,Romania,2025-W15,SARS-CoV-2,2-week count of sequences,total,0,No data
SARS-CoV-2 variant,GISAID,Romania,2025-W14,SARS-CoV-2,2-week count of sequences,total,1,>15%
SARS-CoV-2 variant,GISAID,Romania,2025-W13,SARS-CoV-2,2-week count of sequences,total,1,>15%
SARS-CoV-2 variant,GISAID,Romania,2025-W12,SARS-CoV-2,2-week count of sequences,total,1,>15%
SARS-CoV-2 variant,GISAID,Romania,2025-W11,SARS-CoV-2,2-week count of sequences,total,4,>15%
SARS-CoV-2 variant,GISAID,Romania,2025-W10,SARS-CoV-2,2-week count of sequences,total,3,>15%
SARS-CoV-2 variant,GISAID,Romania,2025-W09,SARS-CoV-2,2-week count of sequences,total,0,No data
SARS-CoV-2 variant,GISAID,Romania,2025-W08,SARS-CoV-2,2-week count of sequences,total,0,No data
SARS-CoV-2 variant,GISAID,Romania,2025-W07,SARS-CoV-2,2-week count of sequences,total,1,>15%
SARS-CoV-2 variant,GISAID,Romania,2025-W06,SARS-CoV-2,2-week count of sequences,total,1,>15%
SARS-CoV-2 variant,GISAID,Romania,2025-W05,SARS-CoV-2,2-week count of sequences,total,0,No data
SARS-CoV-2 variant,GISAID,Romania,2025-W04,SARS-CoV-2,2-week count of sequences,total,0,No data
SARS-CoV-2 variant,GISAID,Romania,2025-W03,SARS-CoV-2,2-week count of sequences,total,1,>15%
SARS-CoV-2 variant,GISAID,Romania,2025-W02,SARS-CoV-2,2-week count of sequences,total,2,>15%
SARS-CoV-2 variant,GISAID,Romania,2025-W01,SARS-CoV-2,2-week count of sequences,total,1,>15%
SARS-CoV-2 variant,GISAID,Romania,2024-W52,SARS-CoV-2,2-week count of sequences,total,0,No data
SARS-CoV-2 variant,GISAID,Romania,2024-W51,SARS-CoV-2,2-week count of sequences,total,3,>15%
SARS-CoV-2 variant,GISAID,Romania,2024-W50,SARS-CoV-2,2-week count of sequences,total,3,>15%
SARS-CoV-2 variant,GISAID,Romania,2024-W49,SARS-CoV-2,2-week count of sequences,total,1,>15%
SARS-CoV-2 variant,GISAID,Romania,2024-W48,SARS-CoV-2,2-week count of sequences,total,2,>15%
SARS-CoV-2 variant,GISAID,Romania,2024-W47,SARS-CoV-2,2-week count of sequences,total,2,>15%
SARS-CoV-2 variant,GISAID,Romania,2024-W46,SARS-CoV-2,2-week count of sequences,total,2,>15%
SARS-CoV-2 variant,GISAID,Romania,2024-W45,SARS-CoV-2,2-week count of sequences,total,2,>15%
SARS-CoV-2 variant,GISAID,Romania,2024-W44,SARS-CoV-2,2-week count of sequences,total,2,>15%
SARS-CoV-2 variant,GISAID,Romania,2024-W43,SARS-CoV-2,2-week count of sequences,total,2,>15%
SARS-CoV-2 variant,GISAID,Romania,2024-W42,SARS-CoV-2,2-week count of sequences,total,2,>15%
SARS-CoV-2 variant,GISAID,Romania,2024-W41,SARS-CoV-2,2-week count of sequences,total,2,>15%
SARS-CoV-2 variant,GISAID,Romania,2024-W40,SARS-CoV-2,2-week count of sequences,total,1,>15%
SARS-CoV-2 variant,GISAID,Romania,2024-W39,SARS-CoV-2,2-week count of sequences,total,0,No data
SARS-CoV-2 variant,GISAID,Romania,2024-W38,SARS-CoV-2,2-week count of sequences,total,0,No data
SARS-CoV-2 variant,GISAID,Romania,2024-W37,SARS-CoV-2,2-week count of sequences,total,0,No data
SARS-CoV-2 variant,GISAID,Romania,2024-W36,SARS-CoV-2,2-week count of sequences,total,2,>15%
SARS-CoV-2 variant,GISAID,Romania,2024-W35,SARS-CoV-2,2-week count of sequences,total,7,>15%
SARS-CoV-2 variant,GISAID,Romania,2024-W34,SARS-CoV-2,2-week count of sequences,total,9,>15%
SARS-CoV-2 variant,GISAID,Romania,2024-W33,SARS-CoV-2,2-week count of sequences,total,17,>15%
SARS-CoV-2 variant,GISAID,Romania,2024-W32,SARS-CoV-2,2-week count of sequences,total,30,>15%
SARS-CoV-2 variant,GISAID,Romania,2024-W31,SARS-CoV-2,2-week count of sequences,total,30,>15%
SARS-CoV-2 variant,GISAID,Romania,2024-W30,SARS-CoV-2,2-week count of sequences,total,21,>15%
SARS-CoV-2 variant,GISAID,Romania,2024-W29,SARS-CoV-2,2-week count of sequences,total,12,>15%
SARS-CoV-2 variant,GISAID,Romania,2024-W28,SARS-CoV-2,2-week count of sequences,total,7,>15%
SARS-CoV-2 variant,GISAID,Romania,2024-W27,SARS-CoV-2,2-week count of sequences,total,4,>15%
SARS-CoV-2 variant,GISAID,Romania,2024-W26,SARS-CoV-2,2-week count of sequences,total,2,>15%
SARS-CoV-2 variant,GISAID,Romania,2024-W25,SARS-CoV-2,2-week count of sequences,total,7,>15%
SARS-CoV-2 variant,GISAID,Romania,2024-W24,SARS-CoV-2,2-week count of sequences,total,7,>15%
SARS-CoV-2 variant,GISAID,Romania,2024-W23,SARS-CoV-2,2-week count of sequences,total,3,>15%
SARS-CoV-2 variant,GISAID,Romania,2024-W22,SARS-CoV-2,2-week count of sequences,total,3,>15%
SARS-CoV-2 variant,GISAID,Romania,2024-W21,SARS-CoV-2,2-week count of sequences,total,2,>15%
SARS-CoV-2 variant,GISAID,Romania,2024-W20,SARS-CoV-2,2-week count of sequences,total,2,>15%
SARS-CoV-2 variant,GISAID,Romania,2024-W19,SARS-CoV-2,2-week count of sequences,total,1,>15%
SARS-CoV-2 variant,GISAID,Romania,2024-W18,SARS-CoV-2,2-week count of sequences,total,0,No data
SARS-CoV-2 variant,GISAID,Romania,2024-W17,SARS-CoV-2,2-week count of sequences,total,1,>15%
SARS-CoV-2 variant,GISAID,Romania,2024-W16,SARS-CoV-2,2-week count of sequences,total,12,>15%
SARS-CoV-2 variant,GISAID,Romania,2024-W15,SARS-CoV-2,2-week count of sequences,total,12,>15%
SARS-CoV-2 variant,GISAID,Romania,2024-W14,SARS-CoV-2,2-week count of sequences,total,3,>15%
SARS-CoV-2 variant,GISAID,Romania,2024-W13,SARS-CoV-2,2-week count of sequences,total,3,>15%
SARS-CoV-2 variant,GISAID,Romania,2024-W12,SARS-CoV-2,2-week count of sequences,total,6,>15%
SARS-CoV-2 variant,GISAID,Romania,2024-W11,SARS-CoV-2,2-week count of sequences,total,8,>15%
SARS-CoV-2 variant,GISAID,Romania,2024-W10,SARS-CoV-2,2-week count of sequences,total,6,>15%
SARS-CoV-2 variant,GISAID,Romania,2024-W09,SARS-CoV-2,2-week count of sequences,total,8,>15%
SARS-CoV-2 variant,GISAID,Romania,2024-W08,SARS-CoV-2,2-week count of sequences,total,12,>15%
SARS-CoV-2 variant,GISAID,Romania,2024-W07,SARS-CoV-2,2-week count of sequences,total,22,>15%
SARS-CoV-2 variant,GISAID,Romania,2024-W06,SARS-CoV-2,2-week count of sequences,total,28,>15%
SARS-CoV-2 variant,GISAID,Romania,2024-W05,SARS-CoV-2,2-week count of sequences,total,23,>15%
SARS-CoV-2 variant,GISAID,Romania,2024-W04,SARS-CoV-2,2-week count of sequences,total,21,>15%
SARS-CoV-2 variant,GISAID,Romania,2024-W03,SARS-CoV-2,2-week count of sequences,total,28,>15%
SARS-CoV-2 variant,GISAID,Romania,2024-W02,SARS-CoV-2,2-week count of sequences,total,26,>15%
SARS-CoV-2 variant,GISAID,Romania,2024-W01,SARS-CoV-2,2-week count of sequences,total,10,>15%
SARS-CoV-2 variant,GISAID,Romania,2023-W52,SARS-CoV-2,2-week count of sequences,total,3,>15%
SARS-CoV-2 variant,GISAID,Romania,2023-W51,SARS-CoV-2,2-week count of sequences,total,6,>15%
SARS-CoV-2 variant,GISAID,Romania,2023-W50,SARS-CoV-2,2-week count of sequences,total,10,>15%
SARS-CoV-2 variant,GISAID,Romania,2023-W49,SARS-CoV-2,2-week count of sequences,total,16,>15%
SARS-CoV-2 variant,GISAID,Romania,2023-W48,SARS-CoV-2,2-week count of sequences,total,17,>15%
SARS-CoV-2 variant,GISAID,Romania,2023-W47,SARS-CoV-2,2-week count of sequences,total,16,>15%
SARS-CoV-2 variant,GISAID,Romania,2023-W46,SARS-CoV-2,2-week count of sequences,total,18,>15%
SARS-CoV-2 variant,GISAID,Romania,2023-W45,SARS-CoV-2,2-week count of sequences,total,16,>15%
SARS-CoV-2 variant,GISAID,Romania,2023-W44,SARS-CoV-2,2-week count of sequences,total,35,>15%
SARS-CoV-2 variant,GISAID,Romania,2023-W43,SARS-CoV-2,2-week count of sequences,total,74,>5% to 10%
SARS-CoV-2 variant,GISAID,Romania,2023-W42,SARS-CoV-2,2-week count of sequences,total,87,>5% to 10%
SARS-CoV-2 variant,GISAID,Romania,2023-W41,SARS-CoV-2,2-week count of sequences,total,141,>2.5% to 5%
SARS-CoV-2 variant,GISAID,Romania,2023-W40,SARS-CoV-2,2-week count of sequences,total,195,>2.5% to 5%
SARS-CoV-2 variant,GISAID,Romania,2023-W39,SARS-CoV-2,2-week count of sequences,total,175,>2.5% to 5%
SARS-CoV-2 variant,GISAID,Romania,2023-W38,SARS-CoV-2,2-week count of sequences,total,136,>2.5% to 5%
SARS-CoV-2 variant,GISAID,Romania,2023-W37,SARS-CoV-2,2-week count of sequences,total,105,>5% to 10%
SARS-CoV-2 variant,GISAID,Romania,2023-W36,SARS-CoV-2,2-week count of sequences,total,110,>5% to 10%
SARS-CoV-2 variant,GISAID,Romania,2023-W35,SARS-CoV-2,2-week count of sequences,total,105,>5% to 10%
SARS-CoV-2 variant,GISAID,Romania,2023-W34,SARS-CoV-2,2-week count of sequences,total,72,>5% to 10%
SARS-CoV-2 variant,GISAID,Romania,2023-W33,SARS-CoV-2,2-week count of sequences,total,41,>10% to 15%
SARS-CoV-2 variant,GISAID,Romania,2023-W32,SARS-CoV-2,2-week count of sequences,total,26,>15%
SARS-CoV-2 variant,GISAID,Romania,2023-W31,SARS-CoV-2,2-week count of sequences,total,21,>15%
SARS-CoV-2 variant,GISAID,Romania,2023-W30,SARS-CoV-2,2-week count of sequences,total,12,>15%
SARS-CoV-2 variant,GISAID,Romania,2023-W29,SARS-CoV-2,2-week count of sequences,total,8,>15%
SARS-CoV-2 variant,GISAID,Romania,2023-W28,SARS-CoV-2,2-week count of sequences,total,21,>15%
SARS-CoV-2 variant,GISAID,Romania,2023-W27,SARS-CoV-2,2-week count of sequences,total,27,>15%
SARS-CoV-2 variant,GISAID,Romania,2023-W26,SARS-CoV-2,2-week count of sequences,total,21,>15%
SARS-CoV-2 variant,GISAID,Romania,2023-W25,SARS-CoV-2,2-week count of sequences,total,30,>15%
SARS-CoV-2 variant,GISAID,Romania,2023-W24,SARS-CoV-2,2-week count of sequences,total,28,>15%
SARS-CoV-2 variant,GISAID,Romania,2023-W23,SARS-CoV-2,2-week count of sequences,total,29,>15%
SARS-CoV-2 variant,GISAID,Romania,2023-W22,SARS-CoV-2,2-week count of sequences,total,43,>10% to 15%
SARS-CoV-2 variant,GISAID,Romania,2023-W21,SARS-CoV-2,2-week count of sequences,total,58,>5% to 10%
SARS-CoV-2 variant,GISAID,Romania,2023-W20,SARS-CoV-2,2-week count of sequences,total,81,>5% to 10%
SARS-CoV-2 variant,GISAID,Romania,2023-W19,SARS-CoV-2,2-week count of sequences,total,80,>5% to 10%
SARS-CoV-2 variant,GISAID,Romania,2023-W18,SARS-CoV-2,2-week count of sequences,total,122,>2.5% to 5%
SARS-CoV-2 variant,GISAID,Romania,2023-W17,SARS-CoV-2,2-week count of sequences,total,153,>2.5% to 5%
SARS-CoV-2 variant,GISAID,Romania,2023-W16,SARS-CoV-2,2-week count of sequences,total,152,>2.5% to 5%
SARS-CoV-2 variant,GISAID,Romania,2023-W15,SARS-CoV-2,2-week count of sequences,total,162,>2.5% to 5%
SARS-CoV-2 variant,GISAID,Romania,2023-W14,SARS-CoV-2,2-week count of sequences,total,167,>2.5% to 5%
SARS-CoV-2 variant,GISAID,Romania,2023-W13,SARS-CoV-2,2-week count of sequences,total,157,>2.5% to 5%
SARS-CoV-2 variant,GISAID,Romania,2023-W12,SARS-CoV-2,2-week count of sequences,total,150,>2.5% to 5%
SARS-CoV-2 variant,GISAID,Romania,2023-W11,SARS-CoV-2,2-week count of sequences,total,171,>2.5% to 5%
SARS-CoV-2 variant,GISAID,Romania,2023-W10,SARS-CoV-2,2-week count of sequences,total,189,>2.5% to 5%
SARS-CoV-2 variant,GISAID,Romania,2023-W09,SARS-CoV-2,2-week count of sequences,total,174,>2.5% to 5%
SARS-CoV-2 variant,GISAID,Romania,2023-W08,SARS-CoV-2,2-week count of sequences,total,171,>2.5% to 5%
SARS-CoV-2 variant,GISAID,Romania,2023-W07,SARS-CoV-2,2-week count of sequences,total,155,>2.5% to 5%
SARS-CoV-2 variant,GISAID,Romania,2023-W06,SARS-CoV-2,2-week count of sequences,total,146,>2.5% to 5%
SARS-CoV-2 variant,GISAID,Romania,2023-W05,SARS-CoV-2,2-week count of sequences,total,141,>2.5% to 5%
SARS-CoV-2 variant,GISAID,Romania,2023-W04,SARS-CoV-2,2-week count of sequences,total,135,>2.5% to 5%
SARS-CoV-2 variant,GISAID,Romania,2023-W03,SARS-CoV-2,2-week count of sequences,total,174,>2.5% to 5%
SARS-CoV-2 variant,GISAID,Romania,2023-W02,SARS-CoV-2,2-week count of sequences,total,146,>2.5% to 5%
SARS-CoV-2 variant,GISAID,Romania,2023-W01,SARS-CoV-2,2-week count of sequences,total,88,>5% to 10%
SARS-CoV-2 variant,GISAID,Romania,2022-W52,SARS-CoV-2,2-week count of sequences,total,96,>5% to 10%
SARS-CoV-2 variant,GISAID,Romania,2022-W51,SARS-CoV-2,2-week count of sequences,total,115,>5% to 10%
SARS-CoV-2 variant,GISAID,Romania,2022-W50,SARS-CoV-2,2-week count of sequences,total,131,>2.5% to 5%
SARS-CoV-2 variant,GISAID,Romania,2022-W49,SARS-CoV-2,2-week count of sequences,total,96,>5% to 10%
SARS-CoV-2 variant,GISAID,Romania,2022-W48,SARS-CoV-2,2-week count of sequences,total,73,>5% to 10%
SARS-CoV-2 variant,GISAID,Romania,2022-W47,SARS-CoV-2,2-week count of sequences,total,117,>5% to 10%
SARS-CoV-2 variant,GISAID,Romania,2022-W46,SARS-CoV-2,2-week count of sequences,total,126,>2.5% to 5%
SARS-CoV-2 variant,GISAID,Romania,2022-W45,SARS-CoV-2,2-week count of sequences,total,130,>2.5% to 5%
SARS-CoV-2 variant,GISAID,Romania,2022-W44,SARS-CoV-2,2-week count of sequences,total,107,>5% to 10%
SARS-CoV-2 variant,GISAID,Romania,2022-W43,SARS-CoV-2,2-week count of sequences,total,98,>5% to 10%
SARS-CoV-2 variant,GISAID,Romania,2022-W42,SARS-CoV-2,2-week count of sequences,total,136,>2.5% to 5%
SARS-CoV-2 variant,GISAID,Romania,2022-W41,SARS-CoV-2,2-week count of sequences,total,156,>2.5% to 5%
SARS-CoV-2 variant,GISAID,Romania,2022-W40,SARS-CoV-2,2-week count of sequences,total,146,>2.5% to 5%
SARS-CoV-2 variant,GISAID,Romania,2022-W39,SARS-CoV-2,2-week count of sequences,total,154,>2.5% to 5%
SARS-CoV-2 variant,GISAID,Romania,2022-W38,SARS-CoV-2,2-week count of sequences,total,186,>2.5% to 5%
SARS-CoV-2 variant,GISAID,Romania,2022-W37,SARS-CoV-2,2-week count of sequences,total,249,>1% to 2.5%
SARS-CoV-2 variant,GISAID,Romania,2022-W36,SARS-CoV-2,2-week count of sequences,total,320,>1% to 2.5%
SARS-CoV-2 variant,GISAID,Romania,2022-W35,SARS-CoV-2,2-week count of sequences,total,363,>1% to 2.5%
SARS-CoV-2 variant,GISAID,Romania,2022-W34,SARS-CoV-2,2-week count of sequences,total,402,>1% to 2.5%
SARS-CoV-2 variant,GISAID,Romania,2022-W33,SARS-CoV-2,2-week count of sequences,total,506,>1% to 2.5%
SARS-CoV-2 variant,GISAID,Romania,2022-W32,SARS-CoV-2,2-week count of sequences,total,593,>1% to 2.5%
SARS-CoV-2 variant,GISAID,Romania,2022-W31,SARS-CoV-2,2-week count of sequences,total,720,≤1%
SARS-CoV-2 variant,GISAID,Romania,2022-W30,SARS-CoV-2,2-week count of sequences,total,660,≤1%
SARS-CoV-2 variant,GISAID,Romania,2022-W29,SARS-CoV-2,2-week count of sequences,total,531,>1% to 2.5%
SARS-CoV-2 variant,GISAID,Romania,2022-W28,SARS-CoV-2,2-week count of sequences,total,441,>1% to 2.5%
SARS-CoV-2 variant,GISAID,Romania,2022-W27,SARS-CoV-2,2-week count of sequences,total,224,>2.5% to 5%
SARS-CoV-2 variant,GISAID,Romania,2022-W26,SARS-CoV-2,2-week count of sequences,total,147,>2.5% to 5%
SARS-CoV-2 variant,GISAID,Romania,2022-W25,SARS-CoV-2,2-week count of sequences,total,74,>5% to 10%
SARS-CoV-2 variant,GISAID,Slovakia,2026-W36,SARS-CoV-2,2-week count of sequences,total,0,No data
SARS-CoV-2 variant,GISAID,Slovakia,2026-W35,SARS-CoV-2,2-week count of sequences,total,0,No data
SARS-CoV-2 variant,GISAID,Slovakia,2026-W34,SARS-CoV-2,2-week count of sequences,total,0,No data
SARS-CoV-2 variant,GISAID,Slovakia,2026-W33,SARS-CoV-2,2-week count of sequences,total,0,No data
SARS-CoV-2 variant,GISAID,Slovakia,2026-W32,SARS-CoV-2,2-week count of sequences,total,0,No data
SARS-CoV-2 variant,GISAID,Slovakia,2026-W31,SARS-CoV-2,2-week count of sequences,total,0,No data
SARS-CoV-2 variant,GISAID,Slovakia,2026-W30,SARS-CoV-2,2-week count of sequences,total,0,No data
SARS-CoV-2 variant,GISAID,Slovakia,2026-W29,SARS-CoV-2,2-week count of sequences,total,0,No data
SARS-CoV-2 variant,GISAID,Slovakia,2026-W28,SARS-CoV-2,2-week count of sequences,total,0,No data
SARS-CoV-2 variant,GISAID,Slovakia,2026-W27,SARS-CoV-2,2-week count of sequences,total,0,No data
SARS-CoV-2 variant,GISAID,Slovakia,2026-W26,SARS-CoV-2,2-week count of sequences,total,0,No data
SARS-CoV-2 variant,GISAID,Slovakia,2026-W25,SARS-CoV-2,2-week count of sequences,total,0,No data
SARS-CoV-2 variant,GISAID,Slovakia,2026-W24,SARS-CoV-2,2-week count of sequences,total,0,No data
SARS-CoV-2 variant,GISAID,Slovakia,2026-W23,SARS-CoV-2,2-week count of sequences,total,0,No data
SARS-CoV-2 variant,GISAID,Slovakia,2026-W22,SARS-CoV-2,2-week count of sequences,total,0,No data
SARS-CoV-2 variant,GISAID,Slovakia,2026-W21,SARS-CoV-2,2-week count of sequences,total,0,No data
SARS-CoV-2 variant,GISAID,Slovakia,2026-W20,SARS-CoV-2,2-week count of sequences,total,0,No data
SARS-CoV-2 variant,GISAID,Slovakia,2026-W19,SARS-CoV-2,2-week count of sequences,total,1,>15%
SARS-CoV-2 variant,GISAID,Slovakia,2026-W18,SARS-CoV-2,2-week count of sequences,total,1,>15%
SARS-CoV-2 variant,GISAID,Slovakia,2026-W17,SARS-CoV-2,2-week count of sequences,total,1,>15%
SARS-CoV-2 variant,GISAID,Slovakia,2026-W16,SARS-CoV-2,2-week count of sequences,total,1,>15%
SARS-CoV-2 variant,GISAID,Slovakia,2026-W15,SARS-CoV-2,2-week count of sequences,total,0,No data
SARS-CoV-2 variant,GISAID,Slovakia,2026-W14,SARS-CoV-2,2-week count of sequences,total,2,>15%
SARS-CoV-2 variant,GISAID,Slovakia,2026-W13,SARS-CoV-2,2-week count of sequences,total,2,>15%
SARS-CoV-2 variant,GISAID,Slovakia,2026-W12,SARS-CoV-2,2-week count of sequences,total,1,>15%
SARS-CoV-2 variant,GISAID,Slovakia,2026-W11,SARS-CoV-2,2-week count of sequences,total,3,>15%
SARS-CoV-2 variant,GISAID,Slovakia,2026-W10,SARS-CoV-2,2-week count of sequences,total,5,>15%
SARS-CoV-2 variant,GISAID,Slovakia,2026-W09,SARS-CoV-2,2-week count of sequences,total,5,>15%
SARS-CoV-2 variant,GISAID,Slovakia,2026-W08,SARS-CoV-2,2-week count of sequences,total,2,>15%
SARS-CoV-2 variant,GISAID,Slovakia,2026-W07,SARS-CoV-2,2-week count of sequences,total,3,>15%
SARS-CoV-2 variant,GISAID,Slovakia,2026-W06,SARS-CoV-2,2-week count of sequences,total,4,>15%
SARS-CoV-2 variant,GISAID,Slovakia,2026-W05,SARS-CoV-2,2-week count of sequences,total,3,>15%
SARS-CoV-2 variant,GISAID,Slovakia,2026-W04,SARS-CoV-2,2-week count of sequences,total,10,>15%
SARS-CoV-2 variant,GISAID,Slovakia,2026-W03,SARS-CoV-2,2-week count of sequences,total,12,>15%
SARS-CoV-2 variant,GISAID,Slovakia,2026-W02,SARS-CoV-2,2-week count of sequences,total,4,>15%
SARS-CoV-2 variant,GISAID,Slovakia,2026-W01,SARS-CoV-2,2-week count of sequences,total,0,No data
SARS-CoV-2 variant,GISAID,Slovakia,2025-W52,SARS-CoV-2,2-week count of sequences,total,3,>15%
SARS-CoV-2 variant,GISAID,Slovakia,2025-W51,SARS-CoV-2,2-week count of sequences,total,8,>15%
SARS-CoV-2 variant,GISAID,Slovakia,2025-W50,SARS-CoV-2,2-week count of sequences,total,13,>15%
SARS-CoV-2 variant,GISAID,Slovakia,2025-W49,SARS-CoV-2,2-week count of sequences,total,11,>15%
SARS-CoV-2 variant,GISAID,Slovakia,2025-W48,SARS-CoV-2,2-week count of sequences,total,4,>15%
SARS-CoV-2 variant,GISAID,Slovakia,2025-W47,SARS-CoV-2,2-week count of sequences,total,5,>15%
SARS-CoV-2 variant,GISAID,Slovakia,2025-W46,SARS-CoV-2,2-week count of sequences,total,26,>15%
SARS-CoV-2 variant,GISAID,Slovakia,2025-W45,SARS-CoV-2,2-week count of sequences,total,35,>15%
SARS-CoV-2 variant,GISAID,Slovakia,2025-W44,SARS-CoV-2,2-week count of sequences,total,32,>15%
SARS-CoV-2 variant,GISAID,Slovakia,2025-W43,SARS-CoV-2,2-week count of sequences,total,35,>15%
SARS-CoV-2 variant,GISAID,Slovakia,2025-W42,SARS-CoV-2,2-week count of sequences,total,26,>15%
SARS-CoV-2 variant,GISAID,Slovakia,2025-W41,SARS-CoV-2,2-week count of sequences,total,27,>15%
SARS-CoV-2 variant,GISAID,Slovakia,2025-W40,SARS-CoV-2,2-week count of sequences,total,39,>10% to 15%
SARS-CoV-2 variant,GISAID,Slovakia,2025-W39,SARS-CoV-2,2-week count of sequences,total,29,>15%
SARS-CoV-2 variant,GISAID,Slovakia,2025-W38,SARS-CoV-2,2-week count of sequences,total,9,>15%
SARS-CoV-2 variant,GISAID,Slovakia,2025-W37,SARS-CoV-2,2-week count of sequences,total,3,>15%
SARS-CoV-2 variant,GISAID,Slovakia,2025-W36,SARS-CoV-2,2-week count of sequences,total,2,>15%
SARS-CoV-2 variant,GISAID,Slovakia,2025-W35,SARS-CoV-2,2-week count of sequences,total,4,>15%
SARS-CoV-2 variant,GISAID,Slovakia,2025-W34,SARS-CoV-2,2-week count of sequences,total,5,>15%
SARS-CoV-2 variant,GISAID,Slovakia,2025-W33,SARS-CoV-2,2-week count of sequences,total,3,>15%
SARS-CoV-2 variant,GISAID,Slovakia,2025-W32,SARS-CoV-2,2-week count of sequences,total,1,>15%
SARS-CoV-2 variant,GISAID,Slovakia,2025-W31,SARS-CoV-2,2-week count of sequences,total,0,No data
SARS-CoV-2 variant,GISAID,Slovakia,2025-W30,SARS-CoV-2,2-week count of sequences,total,0,No data
SARS-CoV-2 variant,GISAID,Slovakia,2025-W29,SARS-CoV-2,2-week count of sequences,total,0,No data
SARS-CoV-2 variant,GISAID,Slovakia,2025-W28,SARS-CoV-2,2-week count of sequences,total,0,No data
SARS-CoV-2 variant,GISAID,Slovakia,2025-W27,SARS-CoV-2,2-week count of sequences,total,0,No data
SARS-CoV-2 variant,GISAID,Slovakia,2025-W26,SARS-CoV-2,2-week count of sequences,total,0,No data
SARS-CoV-2 variant,GISAID,Slovakia,2025-W25,SARS-CoV-2,2-week count of sequences,total,0,No data
SARS-CoV-2 variant,GISAID,Slovakia,2025-W24,SARS-CoV-2,2-week count of sequences,total,2,>15%
SARS-CoV-2 variant,GISAID,Slovakia,2025-W23,SARS-CoV-2,2-week count of sequences,total,2,>15%
SARS-CoV-2 variant,GISAID,Slovakia,2025-W22,SARS-CoV-2,2-week count of sequences,total,0,No data
SARS-CoV-2 variant,GISAID,Slovakia,2025-W21,SARS-CoV-2,2-week count of sequences,total,0,No data
SARS-CoV-2 variant,GISAID,Slovakia,2025-W20,SARS-CoV-2,2-week count of sequences,total,2,>15%
SARS-CoV-2 variant,GISAID,Slovakia,2025-W19,SARS-CoV-2,2-week count of sequences,total,2,>15%
SARS-CoV-2 variant,GISAID,Slovakia,2025-W18,SARS-CoV-2,2-week count of sequences,total,0,No data
SARS-CoV-2 variant,GISAID,Slovakia,2025-W17,SARS-CoV-2,2-week count of sequences,total,1,>15%
SARS-CoV-2 variant,GISAID,Slovakia,2025-W16,SARS-CoV-2,2-week count of sequences,total,1,>15%
SARS-CoV-2 variant,GISAID,Slovakia,2025-W15,SARS-CoV-2,2-week count of sequences,total,0,No data
SARS-CoV-2 variant,GISAID,Slovakia,2025-W14,SARS-CoV-2,2-week count of sequences,total,0,No data
SARS-CoV-2 variant,GISAID,Slovakia,2025-W13,SARS-CoV-2,2-week count of sequences,total,0,No data
SARS-CoV-2 variant,GISAID,Slovakia,2025-W12,SARS-CoV-2,2-week count of sequences,total,1,>15%
SARS-CoV-2 variant,GISAID,Slovakia,2025-W11,SARS-CoV-2,2-week count of sequences,total,1,>15%
SARS-CoV-2 variant,GISAID,Slovakia,2025-W10,SARS-CoV-2,2-week count of sequences,total,0,No data
SARS-CoV-2 variant,GISAID,Slovakia,2025-W09,SARS-CoV-2,2-week count of sequences,total,0,No data
SARS-CoV-2 variant,GISAID,Slovakia,2025-W08,SARS-CoV-2,2-week count of sequences,total,0,No data
SARS-CoV-2 variant,GISAID,Slovakia,2025-W07,SARS-CoV-2,2-week count of sequences,total,0,No data
SARS-CoV-2 variant,GISAID,Slovakia,2025-W06,SARS-CoV-2,2-week count of sequences,total,1,>15%
SARS-CoV-2 variant,GISAID,Slovakia,2025-W05,SARS-CoV-2,2-week count of sequences,total,1,>15%
SARS-CoV-2 variant,GISAID,Slovakia,2025-W04,SARS-CoV-2,2-week count of sequences,total,1,>15%
SARS-CoV-2 variant,GISAID,Slovakia,2025-W03,SARS-CoV-2,2-week count of sequences,total,1,>15%
SARS-CoV-2 variant,GISAID,Slovakia,2025-W02,SARS-CoV-2,2-week count of sequences,total,2,>15%
SARS-CoV-2 variant,GISAID,Slovakia,2025-W01,SARS-CoV-2,2-week count of sequences,total,2,>15%
SARS-CoV-2 variant,GISAID,Slovakia,2024-W52,SARS-CoV-2,2-week count of sequences,total,0,No data
SARS-CoV-2 variant,GISAID,Slovakia,2024-W51,SARS-CoV-2,2-week count of sequences,total,3,>15%
SARS-CoV-2 variant,GISAID,Slovakia,2024-W50,SARS-CoV-2,2-week count of sequences,total,6,>15%
SARS-CoV-2 variant,GISAID,Slovakia,2024-W49,SARS-CoV-2,2-week count of sequences,total,12,>15%
SARS-CoV-2 variant,GISAID,Slovakia,2024-W48,SARS-CoV-2,2-week count of sequences,total,17,>15%
SARS-CoV-2 variant,GISAID,Slovakia,2024-W47,SARS-CoV-2,2-week count of sequences,total,18,>15%
SARS-CoV-2 variant,GISAID,Slovakia,2024-W46,SARS-CoV-2,2-week count of sequences,total,24,>15%
SARS-CoV-2 variant,GISAID,Slovakia,2024-W45,SARS-CoV-2,2-week count of sequences,total,22,>15%
SARS-CoV-2 variant,GISAID,Slovakia,2024-W44,SARS-CoV-2,2-week count of sequences,total,24,>15%
SARS-CoV-2 variant,GISAID,Slovakia,2024-W43,SARS-CoV-2,2-week count of sequences,total,30,>15%
SARS-CoV-2 variant,GISAID,Slovakia,2024-W42,SARS-CoV-2,2-week count of sequences,total,50,>10% to 15%
SARS-CoV-2 variant,GISAID,Slovakia,2024-W41,SARS-CoV-2,2-week count of sequences,total,62,>5% to 10%
SARS-CoV-2 variant,GISAID,Slovakia,2024-W40,SARS-CoV-2,2-week count of sequences,total,63,>5% to 10%
SARS-CoV-2 variant,GISAID,Slovakia,2024-W39,SARS-CoV-2,2-week count of sequences,total,57,>5% to 10%
SARS-CoV-2 variant,GISAID,Slovakia,2024-W38,SARS-CoV-2,2-week count of sequences,total,34,>15%
SARS-CoV-2 variant,GISAID,Slovakia,2024-W37,SARS-CoV-2,2-week count of sequences,total,30,>15%
SARS-CoV-2 variant,GISAID,Slovakia,2024-W36,SARS-CoV-2,2-week count of sequences,total,24,>15%
SARS-CoV-2 variant,GISAID,Slovakia,2024-W35,SARS-CoV-2,2-week count of sequences,total,13,>15%
SARS-CoV-2 variant,GISAID,Slovakia,2024-W34,SARS-CoV-2,2-week count of sequences,total,10,>15%
SARS-CoV-2 variant,GISAID,Slovakia,2024-W33,SARS-CoV-2,2-week count of sequences,total,9,>15%
SARS-CoV-2 variant,GISAID,Slovakia,2024-W32,SARS-CoV-2,2-week count of sequences,total,4,>15%
SARS-CoV-2 variant,GISAID,Slovakia,2024-W31,SARS-CoV-2,2-week count of sequences,total,0,No data
SARS-CoV-2 variant,GISAID,Slovakia,2024-W30,SARS-CoV-2,2-week count of sequences,total,0,No data
SARS-CoV-2 variant,GISAID,Slovakia,2024-W29,SARS-CoV-2,2-week count of sequences,total,1,>15%
SARS-CoV-2 variant,GISAID,Slovakia,2024-W28,SARS-CoV-2,2-week count of sequences,total,1,>15%
SARS-CoV-2 variant,GISAID,Slovakia,2024-W27,SARS-CoV-2,2-week count of sequences,total,0,No data
SARS-CoV-2 variant,GISAID,Slovakia,2024-W26,SARS-CoV-2,2-week count of sequences,total,0,No data
SARS-CoV-2 variant,GISAID,Slovakia,2024-W25,SARS-CoV-2,2-week count of sequences,total,0,No data
SARS-CoV-2 variant,GISAID,Slovakia,2024-W24,SARS-CoV-2,2-week count of sequences,total,0,No data
SARS-CoV-2 variant,GISAID,Slovakia,2024-W23,SARS-CoV-2,2-week count of sequences,total,0,No data
SARS-CoV-2 variant,GISAID,Slovakia,2024-W22,SARS-CoV-2,2-week count of sequences,total,0,No data
SARS-CoV-2 variant,GISAID,Slovakia,2024-W21,SARS-CoV-2,2-week count of sequences,total,0,No data
SARS-CoV-2 variant,GISAID,Slovakia,2024-W20,SARS-CoV-2,2-week count of sequences,total,0,No data
SARS-CoV-2 variant,GISAID,Slovakia,2024-W19,SARS-CoV-2,2-week count of sequences,total,0,No data
SARS-CoV-2 variant,GISAID,Slovakia,2024-W18,SARS-CoV-2,2-week count of sequences,total,0,No data
SARS-CoV-2 variant,GISAID,Slovakia,2024-W17,SARS-CoV-2,2-week count of sequences,total,0,No data
SARS-CoV-2 variant,GISAID,Slovakia,2024-W16,SARS-CoV-2,2-week count of sequences,total,0,No data
SARS-CoV-2 variant,GISAID,Slovakia,2024-W15,SARS-CoV-2,2-week count of sequences,total,0,No data
SARS-CoV-2 variant,GISAID,Slovakia,2024-W14,SARS-CoV-2,2-week count of sequences,total,0,No data
SARS-CoV-2 variant,GISAID,Slovakia,2024-W13,SARS-CoV-2,2-week count of sequences,total,0,No data
SARS-CoV-2 variant,GISAID,Slovakia,2024-W12,SARS-CoV-2,2-week count of sequences,total,1,>15%
SARS-CoV-2 variant,GISAID,Slovakia,2024-W11,SARS-CoV-2,2-week count of sequences,total,5,>15%
SARS-CoV-2 variant,GISAID,Slovakia,2024-W10,SARS-CoV-2,2-week count of sequences,total,9,>15%
SARS-CoV-2 variant,GISAID,Slovakia,2024-W09,SARS-CoV-2,2-week count of sequences,total,10,>15%
SARS-CoV-2 variant,GISAID,Slovakia,2024-W08,SARS-CoV-2,2-week count of sequences,total,10,>15%
SARS-CoV-2 variant,GISAID,Slovakia,2024-W07,SARS-CoV-2,2-week count of sequences,total,20,>15%
SARS-CoV-2 variant,GISAID,Slovakia,2024-W06,SARS-CoV-2,2-week count of sequences,total,27,>15%
SARS-CoV-2 variant,GISAID,Slovakia,2024-W05,SARS-CoV-2,2-week count of sequences,total,31,>15%
SARS-CoV-2 variant,GISAID,Slovakia,2024-W04,SARS-CoV-2,2-week count of sequences,total,52,>10% to 15%
SARS-CoV-2 variant,GISAID,Slovakia,2024-W03,SARS-CoV-2,2-week count of sequences,total,63,>5% to 10%
SARS-CoV-2 variant,GISAID,Slovakia,2024-W02,SARS-CoV-2,2-week count of sequences,total,93,>5% to 10%
SARS-CoV-2 variant,GISAID,Slovakia,2024-W01,SARS-CoV-2,2-week count of sequences,total,123,>2.5% to 5%
SARS-CoV-2 variant,GISAID,Slovakia,2023-W52,SARS-CoV-2,2-week count of sequences,total,137,>2.5% to 5%
SARS-CoV-2 variant,GISAID,Slovakia,2023-W51,SARS-CoV-2,2-week count of sequences,total,201,>2.5% to 5%
SARS-CoV-2 variant,GISAID,Slovakia,2023-W50,SARS-CoV-2,2-week count of sequences,total,246,>1% to 2.5%
SARS-CoV-2 variant,GISAID,Slovakia,2023-W49,SARS-CoV-2,2-week count of sequences,total,214,>2.5% to 5%
SARS-CoV-2 variant,GISAID,Slovakia,2023-W48,SARS-CoV-2,2-week count of sequences,total,170,>2.5% to 5%
SARS-CoV-2 variant,GISAID,Slovakia,2023-W47,SARS-CoV-2,2-week count of sequences,total,155,>2.5% to 5%
SARS-CoV-2 variant,GISAID,Slovakia,2023-W46,SARS-CoV-2,2-week count of sequences,total,163,>2.5% to 5%
SARS-CoV-2 variant,GISAID,Slovakia,2023-W45,SARS-CoV-2,2-week count of sequences,total,161,>2.5% to 5%
SARS-CoV-2 variant,GISAID,Slovakia,2023-W44,SARS-CoV-2,2-week count of sequences,total,161,>2.5% to 5%
SARS-CoV-2 variant,GISAID,Slovakia,2023-W43,SARS-CoV-2,2-week count of sequences,total,152,>2.5% to 5%
SARS-CoV-2 variant,GISAID,Slovakia,2023-W42,SARS-CoV-2,2-week count of sequences,total,109,>5% to 10%
SARS-CoV-2 variant,GISAID,Slovakia,2023-W41,SARS-CoV-2,2-week count of sequences,total,106,>5% to 10%
SARS-CoV-2 variant,GISAID,Slovakia,2023-W40,SARS-CoV-2,2-week count of sequences,total,116,>5% to 10%
SARS-CoV-2 variant,GISAID,Slovakia,2023-W39,SARS-CoV-2,2-week count of sequences,total,96,>5% to 10%
SARS-CoV-2 variant,GISAID,Slovakia,2023-W38,SARS-CoV-2,2-week count of sequences,total,80,>5% to 10%
SARS-CoV-2 variant,GISAID,Slovakia,2023-W37,SARS-CoV-2,2-week count of sequences,total,55,>10% to 15%
SARS-CoV-2 variant,GISAID,Slovakia,2023-W36,SARS-CoV-2,2-week count of sequences,total,30,>15%
SARS-CoV-2 variant,GISAID,Slovakia,2023-W35,SARS-CoV-2,2-week count of sequences,total,19,>15%
SARS-CoV-2 variant,GISAID,Slovakia,2023-W34,SARS-CoV-2,2-week count of sequences,total,15,>15%
SARS-CoV-2 variant,GISAID,Slovakia,2023-W33,SARS-CoV-2,2-week count of sequences,total,13,>15%
SARS-CoV-2 variant,GISAID,Slovakia,2023-W32,SARS-CoV-2,2-week count of sequences,total,7,>15%
SARS-CoV-2 variant,GISAID,Slovakia,2023-W31,SARS-CoV-2,2-week count of sequences,total,3,>15%
SARS-CoV-2 variant,GISAID,Slovakia,2023-W30,SARS-CoV-2,2-week count of sequences,total,1,>15%
SARS-CoV-2 variant,GISAID,Slovakia,2023-W29,SARS-CoV-2,2-week count of sequences,total,2,>15%
SARS-CoV-2 variant,GISAID,Slovakia,2023-W28,SARS-CoV-2,2-week count of sequences,total,8,>15%
SARS-CoV-2 variant,GISAID,Slovakia,2023-W27,SARS-CoV-2,2-week count of sequences,total,11,>15%
SARS-CoV-2 variant,GISAID,Slovakia,2023-W26,SARS-CoV-2,2-week count of sequences,total,12,>15%
SARS-CoV-2 variant,GISAID,Slovakia,2023-W25,SARS-CoV-2,2-week count of sequences,total,10,>15%
SARS-CoV-2 variant,GISAID,Slovakia,2023-W24,SARS-CoV-2,2-week count of sequences,total,9,>15%
SARS-CoV-2 variant,GISAID,Slovakia,2023-W23,SARS-CoV-2,2-week count of sequences,total,11,>15%
SARS-CoV-2 variant,GISAID,Slovakia,2023-W22,SARS-CoV-2,2-week count of sequences,total,16,>15%
SARS-CoV-2 variant,GISAID,Slovakia,2023-W21,SARS-CoV-2,2-week count of sequences,total,30,>15%
SARS-CoV-2 variant,GISAID,Slovakia,2023-W20,SARS-CoV-2,2-week count of sequences,total,37,>10% to 15%
SARS-CoV-2 variant,GISAID,Slovakia,2023-W19,SARS-CoV-2,2-week count of sequences,total,45,>10% to 15%
SARS-CoV-2 variant,GISAID,Slovakia,2023-W18,SARS-CoV-2,2-week count of sequences,total,49,>10% to 15%
SARS-CoV-2 variant,GISAID,Slovakia,2023-W17,SARS-CoV-2,2-week count of sequences,total,81,>5% to 10%
SARS-CoV-2 variant,GISAID,Slovakia,2023-W16,SARS-CoV-2,2-week count of sequences,total,138,>2.5% to 5%
SARS-CoV-2 variant,GISAID,Slovakia,2023-W15,SARS-CoV-2,2-week count of sequences,total,183,>2.5% to 5%
SARS-CoV-2 variant,GISAID,Slovakia,2023-W14,SARS-CoV-2,2-week count of sequences,total,177,>2.5% to 5%
SARS-CoV-2 variant,GISAID,Slovakia,2023-W13,SARS-CoV-2,2-week count of sequences,total,208,>2.5% to 5%
SARS-CoV-2 variant,GISAID,Slovakia,2023-W12,SARS-CoV-2,2-week count of sequences,total,261,>1% to 2.5%
SARS-CoV-2 variant,GISAID,Slovakia,2023-W11,SARS-CoV-2,2-week count of sequences,total,325,>1% to 2.5%
SARS-CoV-2 variant,GISAID,Slovakia,2023-W10,SARS-CoV-2,2-week count of sequences,total,411,>1% to 2.5%
SARS-CoV-2 variant,GISAID,Slovakia,2023-W09,SARS-CoV-2,2-week count of sequences,total,335,>1% to 2.5%
SARS-CoV-2 variant,GISAID,Slovakia,2023-W08,SARS-CoV-2,2-week count of sequences,total,179,>2.5% to 5%
SARS-CoV-2 variant,GISAID,Slovakia,2023-W07,SARS-CoV-2,2-week count of sequences,total,138,>2.5% to 5%
SARS-CoV-2 variant,GISAID,Slovakia,2023-W06,SARS-CoV-2,2-week count of sequences,total,191,>2.5% to 5%
SARS-CoV-2 variant,GISAID,Slovakia,2023-W05,SARS-CoV-2,2-week count of sequences,total,174,>2.5% to 5%
SARS-CoV-2 variant,GISAID,Slovakia,2023-W04,SARS-CoV-2,2-week count of sequences,total,110,>5% to 10%
SARS-CoV-2 variant,GISAID,Slovakia,2023-W03,SARS-CoV-2,2-week count of sequences,total,78,>5% to 10%
SARS-CoV-2 variant,GISAID,Slovakia,2023-W02,SARS-CoV-2,2-week count of sequences,total,74,>5% to 10%
SARS-CoV-2 variant,GISAID,Slovakia,2023-W01,SARS-CoV-2,2-week count of sequences,total,53,>10% to 15%
SARS-CoV-2 variant,GISAID,Slovakia,2022-W52,SARS-CoV-2,2-week count of sequences,total,58,>5% to 10%
SARS-CoV-2 variant,GISAID,Slovakia,2022-W51,SARS-CoV-2,2-week count of sequences,total,87,>5% to 10%
SARS-CoV-2 variant,GISAID,Slovakia,2022-W50,SARS-CoV-2,2-week count of sequences,total,68,>5% to 10%
SARS-CoV-2 variant,GISAID,Slovakia,2022-W49,SARS-CoV-2,2-week count of sequences,total,41,>10% to 15%
SARS-CoV-2 variant,GISAID,Slovakia,2022-W48,SARS-CoV-2,2-week count of sequences,total,49,>10% to 15%
SARS-CoV-2 variant,GISAID,Slovakia,2022-W47,SARS-CoV-2,2-week count of sequences,total,105,>5% to 10%
SARS-CoV-2 variant,GISAID,Slovakia,2022-W46,SARS-CoV-2,2-week count of sequences,total,169,>2.5% to 5%
SARS-CoV-2 variant,GISAID,Slovakia,2022-W45,SARS-CoV-2,2-week count of sequences,total,247,>1% to 2.5%
SARS-CoV-2 variant,GISAID,Slovakia,2022-W44,SARS-CoV-2,2-week count of sequences,total,273,>1% to 2.5%
SARS-CoV-2 variant,GISAID,Slovakia,2022-W43,SARS-CoV-2,2-week count of sequences,total,284,>1% to 2.5%
SARS-CoV-2 variant,GISAID,Slovakia,2022-W42,SARS-CoV-2,2-week count of sequences,total,324,>1% to 2.5%
SARS-CoV-2 variant,GISAID,Slovakia,2022-W41,SARS-CoV-2,2-week count of sequences,total,380,>1% to 2.5%
SARS-CoV-2 variant,GISAID,Slovakia,2022-W40,SARS-CoV-2,2-week count of sequences,total,473,>1% to 2.5%
SARS-CoV-2 variant,GISAID,Slovakia,2022-W39,SARS-CoV-2,2-week count of sequences,total,514,>1% to 2.5%
SARS-CoV-2 variant,GISAID,Slovakia,2022-W38,SARS-CoV-2,2-week count of sequences,total,492,>1% to 2.5%
SARS-CoV-2 variant,GISAID,Slovakia,2022-W37,SARS-CoV-2,2-week count of sequences,total,491,>1% to 2.5%
SARS-CoV-2 variant,GISAID,Slovakia,2022-W36,SARS-CoV-2,2-week count of sequences,total,441,>1% to 2.5%
SARS-CoV-2 variant,GISAID,Slovakia,2022-W35,SARS-CoV-2,2-week count of sequences,total,521,>1% to 2.5%
SARS-CoV-2 variant,GISAID,Slovakia,2022-W34,SARS-CoV-2,2-week count of sequences,total,799,≤1%
SARS-CoV-2 variant,GISAID,Slovakia,2022-W33,SARS-CoV-2,2-week count of sequences,total,985,≤1%
SARS-CoV-2 variant,GISAID,Slovakia,2022-W32,SARS-CoV-2,2-week count of sequences,total,1033,≤1%
SARS-CoV-2 variant,GISAID,Slovakia,2022-W31,SARS-CoV-2,2-week count of sequences,total,1378,≤1%
SARS-CoV-2 variant,GISAID,Slovakia,2022-W30,SARS-CoV-2,2-week count of sequences,total,1510,≤1%
SARS-CoV-2 variant,GISAID,Slovakia,2022-W29,SARS-CoV-2,2-week count of sequences,total,1335,≤1%
SARS-CoV-2 variant,GISAID,Slovakia,2022-W28,SARS-CoV-2,2-week count of sequences,total,1016,≤1%
SARS-CoV-2 variant,GISAID,Slovakia,2022-W27,SARS-CoV-2,2-week count of sequences,total,705,≤1%
SARS-CoV-2 variant,GISAID,Slovakia,2022-W26,SARS-CoV-2,2-week count of sequences,total,652,≤1%
SARS-CoV-2 variant,GISAID,Slovakia,2022-W25,SARS-CoV-2,2-week count of sequences,total,272,>1% to 2.5%
SARS-CoV-2 variant,GISAID,Slovenia,2026-W36,SARS-CoV-2,2-week count of sequences,total,0,No data
SARS-CoV-2 variant,GISAID,Slovenia,2026-W35,SARS-CoV-2,2-week count of sequences,total,0,No data
SARS-CoV-2 variant,GISAID,Slovenia,2026-W34,SARS-CoV-2,2-week count of sequences,total,0,No data
SARS-CoV-2 variant,GISAID,Slovenia,2026-W33,SARS-CoV-2,2-week count of sequences,total,0,No data
SARS-CoV-2 variant,GISAID,Slovenia,2026-W32,SARS-CoV-2,2-week count of sequences,total,0,No data
SARS-CoV-2 variant,GISAID,Slovenia,2026-W31,SARS-CoV-2,2-week count of sequences,total,0,No data
SARS-CoV-2 variant,GISAID,Slovenia,2026-W30,SARS-CoV-2,2-week count of sequences,total,1,>15%
SARS-CoV-2 variant,GISAID,Slovenia,2026-W29,SARS-CoV-2,2-week count of sequences,total,1,>15%
SARS-CoV-2 variant,GISAID,Slovenia,2026-W28,SARS-CoV-2,2-week count of sequences,total,0,No data
SARS-CoV-2 variant,GISAID,Slovenia,2026-W27,SARS-CoV-2,2-week count of sequences,total,0,No data
SARS-CoV-2 variant,GISAID,Slovenia,2026-W26,SARS-CoV-2,2-week count of sequences,total,0,No data
SARS-CoV-2 variant,GISAID,Slovenia,2026-W25,SARS-CoV-2,2-week count of sequences,total,0,No data
SARS-CoV-2 variant,GISAID,Slovenia,2026-W24,SARS-CoV-2,2-week count of sequences,total,1,>15%
SARS-CoV-2 variant,GISAID,Slovenia,2026-W23,SARS-CoV-2,2-week count of sequences,total,2,>15%
SARS-CoV-2 variant,GISAID,Slovenia,2026-W22,SARS-CoV-2,2-week count of sequences,total,1,>15%
SARS-CoV-2 variant,GISAID,Slovenia,2026-W21,SARS-CoV-2,2-week count of sequences,total,0,No data
SARS-CoV-2 variant,GISAID,Slovenia,2026-W20,SARS-CoV-2,2-week count of sequences,total,0,No data
SARS-CoV-2 variant,GISAID,Slovenia,2026-W19,SARS-CoV-2,2-week count of sequences,total,0,No data
SARS-CoV-2 variant,GISAID,Slovenia,2026-W18,SARS-CoV-2,2-week count of sequences,total,1,>15%
SARS-CoV-2 variant,GISAID,Slovenia,2026-W17,SARS-CoV-2,2-week count of sequences,total,2,>15%
SARS-CoV-2 variant,GISAID,Slovenia,2026-W16,SARS-CoV-2,2-week count of sequences,total,1,>15%
SARS-CoV-2 variant,GISAID,Slovenia,2026-W15,SARS-CoV-2,2-week count of sequences,total,1,>15%
SARS-CoV-2 variant,GISAID,Slovenia,2026-W14,SARS-CoV-2,2-week count of sequences,total,3,>15%
SARS-CoV-2 variant,GISAID,Slovenia,2026-W13,SARS-CoV-2,2-week count of sequences,total,2,>15%
SARS-CoV-2 variant,GISAID,Slovenia,2026-W12,SARS-CoV-2,2-week count of sequences,total,1,>15%
SARS-CoV-2 variant,GISAID,Slovenia,2026-W11,SARS-CoV-2,2-week count of sequences,total,3,>15%
SARS-CoV-2 variant,GISAID,Slovenia,2026-W10,SARS-CoV-2,2-week count of sequences,total,5,>15%
SARS-CoV-2 variant,GISAID,Slovenia,2026-W09,SARS-CoV-2,2-week count of sequences,total,4,>15%
SARS-CoV-2 variant,GISAID,Slovenia,2026-W08,SARS-CoV-2,2-week count of sequences,total,5,>15%
SARS-CoV-2 variant,GISAID,Slovenia,2026-W07,SARS-CoV-2,2-week count of sequences,total,8,>15%
SARS-CoV-2 variant,GISAID,Slovenia,2026-W06,SARS-CoV-2,2-week count of sequences,total,7,>15%
SARS-CoV-2 variant,GISAID,Slovenia,2026-W05,SARS-CoV-2,2-week count of sequences,total,6,>15%
SARS-CoV-2 variant,GISAID,Slovenia,2026-W04,SARS-CoV-2,2-week count of sequences,total,10,>15%
SARS-CoV-2 variant,GISAID,Slovenia,2026-W03,SARS-CoV-2,2-week count of sequences,total,18,>15%
SARS-CoV-2 variant,GISAID,Slovenia,2026-W02,SARS-CoV-2,2-week count of sequences,total,16,>15%
SARS-CoV-2 variant,GISAID,Slovenia,2026-W01,SARS-CoV-2,2-week count of sequences,total,26,>15%
SARS-CoV-2 variant,GISAID,Slovenia,2025-W52,SARS-CoV-2,2-week count of sequences,total,52,>10% to 15%
SARS-CoV-2 variant,GISAID,Slovenia,2025-W51,SARS-CoV-2,2-week count of sequences,total,78,>5% to 10%
SARS-CoV-2 variant,GISAID,Slovenia,2025-W50,SARS-CoV-2,2-week count of sequences,total,99,>5% to 10%
SARS-CoV-2 variant,GISAID,Slovenia,2025-W49,SARS-CoV-2,2-week count of sequences,total,104,>5% to 10%
SARS-CoV-2 variant,GISAID,Slovenia,2025-W48,SARS-CoV-2,2-week count of sequences,total,104,>5% to 10%
SARS-CoV-2 variant,GISAID,Slovenia,2025-W47,SARS-CoV-2,2-week count of sequences,total,108,>5% to 10%
SARS-CoV-2 variant,GISAID,Slovenia,2025-W46,SARS-CoV-2,2-week count of sequences,total,104,>5% to 10%
SARS-CoV-2 variant,GISAID,Slovenia,2025-W45,SARS-CoV-2,2-week count of sequences,total,106,>5% to 10%
SARS-CoV-2 variant,GISAID,Slovenia,2025-W44,SARS-CoV-2,2-week count of sequences,total,132,>2.5% to 5%
SARS-CoV-2 variant,GISAID,Slovenia,2025-W43,SARS-CoV-2,2-week count of sequences,total,149,>2.5% to 5%
SARS-CoV-2 variant,GISAID,Slovenia,2025-W42,SARS-CoV-2,2-week count of sequences,total,161,>2.5% to 5%
SARS-CoV-2 variant,GISAID,Slovenia,2025-W41,SARS-CoV-2,2-week count of sequences,total,134,>2.5% to 5%
SARS-CoV-2 variant,GISAID,Slovenia,2025-W40,SARS-CoV-2,2-week count of sequences,total,117,>5% to 10%
SARS-CoV-2 variant,GISAID,Slovenia,2025-W39,SARS-CoV-2,2-week count of sequences,total,109,>5% to 10%
SARS-CoV-2 variant,GISAID,Slovenia,2025-W38,SARS-CoV-2,2-week count of sequences,total,72,>5% to 10%
SARS-CoV-2 variant,GISAID,Slovenia,2025-W37,SARS-CoV-2,2-week count of sequences,total,57,>5% to 10%
SARS-CoV-2 variant,GISAID,Slovenia,2025-W36,SARS-CoV-2,2-week count of sequences,total,42,>10% to 15%
SARS-CoV-2 variant,GISAID,Slovenia,2025-W35,SARS-CoV-2,2-week count of sequences,total,35,>15%
SARS-CoV-2 variant,GISAID,Slovenia,2025-W34,SARS-CoV-2,2-week count of sequences,total,27,>15%
SARS-CoV-2 variant,GISAID,Slovenia,2025-W33,SARS-CoV-2,2-week count of sequences,total,16,>15%
SARS-CoV-2 variant,GISAID,Slovenia,2025-W32,SARS-CoV-2,2-week count of sequences,total,11,>15%
SARS-CoV-2 variant,GISAID,Slovenia,2025-W31,SARS-CoV-2,2-week count of sequences,total,13,>15%
SARS-CoV-2 variant,GISAID,Slovenia,2025-W30,SARS-CoV-2,2-week count of sequences,total,16,>15%
SARS-CoV-2 variant,GISAID,Slovenia,2025-W29,SARS-CoV-2,2-week count of sequences,total,15,>15%
SARS-CoV-2 variant,GISAID,Slovenia,2025-W28,SARS-CoV-2,2-week count of sequences,total,9,>15%
SARS-CoV-2 variant,GISAID,Slovenia,2025-W27,SARS-CoV-2,2-week count of sequences,total,4,>15%
SARS-CoV-2 variant,GISAID,Slovenia,2025-W26,SARS-CoV-2,2-week count of sequences,total,6,>15%
SARS-CoV-2 variant,GISAID,Slovenia,2025-W25,SARS-CoV-2,2-week count of sequences,total,5,>15%
SARS-CoV-2 variant,GISAID,Slovenia,2025-W24,SARS-CoV-2,2-week count of sequences,total,3,>15%
SARS-CoV-2 variant,GISAID,Slovenia,2025-W23,SARS-CoV-2,2-week count of sequences,total,3,>15%
SARS-CoV-2 variant,GISAID,Slovenia,2025-W22,SARS-CoV-2,2-week count of sequences,total,4,>15%
SARS-CoV-2 variant,GISAID,Slovenia,2025-W21,SARS-CoV-2,2-week count of sequences,total,4,>15%
SARS-CoV-2 variant,GISAID,Slovenia,2025-W20,SARS-CoV-2,2-week count of sequences,total,4,>15%
SARS-CoV-2 variant,GISAID,Slovenia,2025-W19,SARS-CoV-2,2-week count of sequences,total,2,>15%
SARS-CoV-2 variant,GISAID,Slovenia,2025-W18,SARS-CoV-2,2-week count of sequences,total,4,>15%
SARS-CoV-2 variant,GISAID,Slovenia,2025-W17,SARS-CoV-2,2-week count of sequences,total,5,>15%
SARS-CoV-2 variant,GISAID,Slovenia,2025-W16,SARS-CoV-2,2-week count of sequences,total,2,>15%
SARS-CoV-2 variant,GISAID,Slovenia,2025-W15,SARS-CoV-2,2-week count of sequences,total,1,>15%
SARS-CoV-2 variant,GISAID,Slovenia,2025-W14,SARS-CoV-2,2-week count of sequences,total,2,>15%
SARS-CoV-2 variant,GISAID,Slovenia,2025-W13,SARS-CoV-2,2-week count of sequences,total,7,>15%
SARS-CoV-2 variant,GISAID,Slovenia,2025-W12,SARS-CoV-2,2-week count of sequences,total,8,>15%
SARS-CoV-2 variant,GISAID,Slovenia,2025-W11,SARS-CoV-2,2-week count of sequences,total,7,>15%
SARS-CoV-2 variant,GISAID,Slovenia,2025-W10,SARS-CoV-2,2-week count of sequences,total,7,>15%
SARS-CoV-2 variant,GISAID,Slovenia,2025-W09,SARS-CoV-2,2-week count of sequences,total,7,>15%
SARS-CoV-2 variant,GISAID,Slovenia,2025-W08,SARS-CoV-2,2-week count of sequences,total,9,>15%
SARS-CoV-2 variant,GISAID,Slovenia,2025-W07,SARS-CoV-2,2-week count of sequences,total,6,>15%
SARS-CoV-2 variant,GISAID,Slovenia,2025-W06,SARS-CoV-2,2-week count of sequences,total,7,>15%
SARS-CoV-2 variant,GISAID,Slovenia,2025-W05,SARS-CoV-2,2-week count of sequences,total,14,>15%
SARS-CoV-2 variant,GISAID,Slovenia,2025-W04,SARS-CoV-2,2-week count of sequences,total,15,>15%
SARS-CoV-2 variant,GISAID,Slovenia,2025-W03,SARS-CoV-2,2-week count of sequences,total,27,>15%
SARS-CoV-2 variant,GISAID,Slovenia,2025-W02,SARS-CoV-2,2-week count of sequences,total,47,>10% to 15%
SARS-CoV-2 variant,GISAID,Slovenia,2025-W01,SARS-CoV-2,2-week count of sequences,total,42,>10% to 15%
SARS-CoV-2 variant,GISAID,Slovenia,2024-W52,SARS-CoV-2,2-week count of sequences,total,44,>10% to 15%
SARS-CoV-2 variant,GISAID,Slovenia,2024-W51,SARS-CoV-2,2-week count of sequences,total,47,>10% to 15%
SARS-CoV-2 variant,GISAID,Slovenia,2024-W50,SARS-CoV-2,2-week count of sequences,total,51,>10% to 15%
SARS-CoV-2 variant,GISAID,Slovenia,2024-W49,SARS-CoV-2,2-week count of sequences,total,62,>5% to 10%
SARS-CoV-2 variant,GISAID,Slovenia,2024-W48,SARS-CoV-2,2-week count of sequences,total,50,>10% to 15%
SARS-CoV-2 variant,GISAID,Slovenia,2024-W47,SARS-CoV-2,2-week count of sequences,total,44,>10% to 15%
SARS-CoV-2 variant,GISAID,Slovenia,2024-W46,SARS-CoV-2,2-week count of sequences,total,50,>10% to 15%
SARS-CoV-2 variant,GISAID,Slovenia,2024-W45,SARS-CoV-2,2-week count of sequences,total,51,>10% to 15%
SARS-CoV-2 variant,GISAID,Slovenia,2024-W44,SARS-CoV-2,2-week count of sequences,total,67,>5% to 10%
SARS-CoV-2 variant,GISAID,Slovenia,2024-W43,SARS-CoV-2,2-week count of sequences,total,94,>5% to 10%
SARS-CoV-2 variant,GISAID,Slovenia,2024-W42,SARS-CoV-2,2-week count of sequences,total,132,>2.5% to 5%
SARS-CoV-2 variant,GISAID,Slovenia,2024-W41,SARS-CoV-2,2-week count of sequences,total,125,>2.5% to 5%
SARS-CoV-2 variant,GISAID,Slovenia,2024-W40,SARS-CoV-2,2-week count of sequences,total,85,>5% to 10%
SARS-CoV-2 variant,GISAID,Slovenia,2024-W39,SARS-CoV-2,2-week count of sequences,total,102,>5% to 10%
SARS-CoV-2 variant,GISAID,Slovenia,2024-W38,SARS-CoV-2,2-week count of sequences,total,131,>2.5% to 5%
SARS-CoV-2 variant,GISAID,Slovenia,2024-W37,SARS-CoV-2,2-week count of sequences,total,126,>2.5% to 5%
SARS-CoV-2 variant,GISAID,Slovenia,2024-W36,SARS-CoV-2,2-week count of sequences,total,79,>5% to 10%
SARS-CoV-2 variant,GISAID,Slovenia,2024-W35,SARS-CoV-2,2-week count of sequences,total,91,>5% to 10%
SARS-CoV-2 variant,GISAID,Slovenia,2024-W34,SARS-CoV-2,2-week count of sequences,total,94,>5% to 10%
SARS-CoV-2 variant,GISAID,Slovenia,2024-W33,SARS-CoV-2,2-week count of sequences,total,54,>10% to 15%
SARS-CoV-2 variant,GISAID,Slovenia,2024-W32,SARS-CoV-2,2-week count of sequences,total,89,>5% to 10%
SARS-CoV-2 variant,GISAID,Slovenia,2024-W31,SARS-CoV-2,2-week count of sequences,total,106,>5% to 10%
SARS-CoV-2 variant,GISAID,Slovenia,2024-W30,SARS-CoV-2,2-week count of sequences,total,68,>5% to 10%
SARS-CoV-2 variant,GISAID,Slovenia,2024-W29,SARS-CoV-2,2-week count of sequences,total,46,>10% to 15%
SARS-CoV-2 variant,GISAID,Slovenia,2024-W28,SARS-CoV-2,2-week count of sequences,total,53,>10% to 15%
SARS-CoV-2 variant,GISAID,Slovenia,2024-W27,SARS-CoV-2,2-week count of sequences,total,44,>10% to 15%
SARS-CoV-2 variant,GISAID,Slovenia,2024-W26,SARS-CoV-2,2-week count of sequences,total,38,>10% to 15%
SARS-CoV-2 variant,GISAID,Slovenia,2024-W25,SARS-CoV-2,2-week count of sequences,total,40,>10% to 15%
SARS-CoV-2 variant,GISAID,Slovenia,2024-W24,SARS-CoV-2,2-week count of sequences,total,30,>15%
SARS-CoV-2 variant,GISAID,Slovenia,2024-W23,SARS-CoV-2,2-week count of sequences,total,28,>15%
SARS-CoV-2 variant,GISAID,Slovenia,2024-W22,SARS-CoV-2,2-week count of sequences,total,23,>15%
SARS-CoV-2 variant,GISAID,Slovenia,2024-W21,SARS-CoV-2,2-week count of sequences,total,13,>15%
SARS-CoV-2 variant,GISAID,Slovenia,2024-W20,SARS-CoV-2,2-week count of sequences,total,11,>15%
SARS-CoV-2 variant,GISAID,Slovenia,2024-W19,SARS-CoV-2,2-week count of sequences,total,12,>15%
SARS-CoV-2 variant,GISAID,Slovenia,2024-W18,SARS-CoV-2,2-week count of sequences,total,6,>15%
SARS-CoV-2 variant,GISAID,Slovenia,2024-W17,SARS-CoV-2,2-week count of sequences,total,2,>15%
SARS-CoV-2 variant,GISAID,Slovenia,2024-W16,SARS-CoV-2,2-week count of sequences,total,5,>15%
SARS-CoV-2 variant,GISAID,Slovenia,2024-W15,SARS-CoV-2,2-week count of sequences,total,7,>15%
SARS-CoV-2 variant,GISAID,Slovenia,2024-W14,SARS-CoV-2,2-week count of sequences,total,7,>15%
SARS-CoV-2 variant,GISAID,Slovenia,2024-W13,SARS-CoV-2,2-week count of sequences,total,9,>15%
SARS-CoV-2 variant,GISAID,Slovenia,2024-W12,SARS-CoV-2,2-week count of sequences,total,12,>15%
SARS-CoV-2 variant,GISAID,Slovenia,2024-W11,SARS-CoV-2,2-week count of sequences,total,19,>15%
SARS-CoV-2 variant,GISAID,Slovenia,2024-W10,SARS-CoV-2,2-week count of sequences,total,21,>15%
SARS-CoV-2 variant,GISAID,Slovenia,2024-W09,SARS-CoV-2,2-week count of sequences,total,23,>15%
SARS-CoV-2 variant,GISAID,Slovenia,2024-W08,SARS-CoV-2,2-week count of sequences,total,38,>10% to 15%
SARS-CoV-2 variant,GISAID,Slovenia,2024-W07,SARS-CoV-2,2-week count of sequences,total,59,>5% to 10%
SARS-CoV-2 variant,GISAID,Slovenia,2024-W06,SARS-CoV-2,2-week count of sequences,total,65,>5% to 10%
SARS-CoV-2 variant,GISAID,Slovenia,2024-W05,SARS-CoV-2,2-week count of sequences,total,49,>10% to 15%
SARS-CoV-2 variant,GISAID,Slovenia,2024-W04,SARS-CoV-2,2-week count of sequences,total,78,>5% to 10%
SARS-CoV-2 variant,GISAID,Slovenia,2024-W03,SARS-CoV-2,2-week count of sequences,total,127,>2.5% to 5%
SARS-CoV-2 variant,GISAID,Slovenia,2024-W02,SARS-CoV-2,2-week count of sequences,total,181,>2.5% to 5%
SARS-CoV-2 variant,GISAID,Slovenia,2024-W01,SARS-CoV-2,2-week count of sequences,total,179,>2.5% to 5%
SARS-CoV-2 variant,GISAID,Slovenia,2023-W52,SARS-CoV-2,2-week count of sequences,total,210,>2.5% to 5%
SARS-CoV-2 variant,GISAID,Slovenia,2023-W51,SARS-CoV-2,2-week count of sequences,total,297,>1% to 2.5%
SARS-CoV-2 variant,GISAID,Slovenia,2023-W50,SARS-CoV-2,2-week count of sequences,total,281,>1% to 2.5%
SARS-CoV-2 variant,GISAID,Slovenia,2023-W49,SARS-CoV-2,2-week count of sequences,total,257,>1% to 2.5%
SARS-CoV-2 variant,GISAID,Slovenia,2023-W48,SARS-CoV-2,2-week count of sequences,total,242,>1% to 2.5%
SARS-CoV-2 variant,GISAID,Slovenia,2023-W47,SARS-CoV-2,2-week count of sequences,total,254,>1% to 2.5%
SARS-CoV-2 variant,GISAID,Slovenia,2023-W46,SARS-CoV-2,2-week count of sequences,total,211,>2.5% to 5%
SARS-CoV-2 variant,GISAID,Slovenia,2023-W45,SARS-CoV-2,2-week count of sequences,total,139,>2.5% to 5%
SARS-CoV-2 variant,GISAID,Slovenia,2023-W44,SARS-CoV-2,2-week count of sequences,total,168,>2.5% to 5%
SARS-CoV-2 variant,GISAID,Slovenia,2023-W43,SARS-CoV-2,2-week count of sequences,total,158,>2.5% to 5%
SARS-CoV-2 variant,GISAID,Slovenia,2023-W42,SARS-CoV-2,2-week count of sequences,total,200,>2.5% to 5%
SARS-CoV-2 variant,GISAID,Slovenia,2023-W41,SARS-CoV-2,2-week count of sequences,total,236,>2.5% to 5%
SARS-CoV-2 variant,GISAID,Slovenia,2023-W40,SARS-CoV-2,2-week count of sequences,total,188,>2.5% to 5%
SARS-CoV-2 variant,GISAID,Slovenia,2023-W39,SARS-CoV-2,2-week count of sequences,total,177,>2.5% to 5%
SARS-CoV-2 variant,GISAID,Slovenia,2023-W38,SARS-CoV-2,2-week count of sequences,total,162,>2.5% to 5%
SARS-CoV-2 variant,GISAID,Slovenia,2023-W37,SARS-CoV-2,2-week count of sequences,total,132,>2.5% to 5%
SARS-CoV-2 variant,GISAID,Slovenia,2023-W36,SARS-CoV-2,2-week count of sequences,total,88,>5% to 10%
SARS-CoV-2 variant,GISAID,Slovenia,2023-W35,SARS-CoV-2,2-week count of sequences,total,75,>5% to 10%
SARS-CoV-2 variant,GISAID,Slovenia,2023-W34,SARS-CoV-2,2-week count of sequences,total,70,>5% to 10%
SARS-CoV-2 variant,GISAID,Slovenia,2023-W33,SARS-CoV-2,2-week count of sequences,total,51,>10% to 15%
SARS-CoV-2 variant,GISAID,Slovenia,2023-W32,SARS-CoV-2,2-week count of sequences,total,32,>15%
SARS-CoV-2 variant,GISAID,Slovenia,2023-W31,SARS-CoV-2,2-week count of sequences,total,19,>15%
SARS-CoV-2 variant,GISAID,Slovenia,2023-W30,SARS-CoV-2,2-week count of sequences,total,18,>15%
SARS-CoV-2 variant,GISAID,Slovenia,2023-W29,SARS-CoV-2,2-week count of sequences,total,25,>15%
SARS-CoV-2 variant,GISAID,Slovenia,2023-W28,SARS-CoV-2,2-week count of sequences,total,35,>15%
SARS-CoV-2 variant,GISAID,Slovenia,2023-W27,SARS-CoV-2,2-week count of sequences,total,29,>15%
SARS-CoV-2 variant,GISAID,Slovenia,2023-W26,SARS-CoV-2,2-week count of sequences,total,37,>10% to 15%
SARS-CoV-2 variant,GISAID,Slovenia,2023-W25,SARS-CoV-2,2-week count of sequences,total,55,>10% to 15%
SARS-CoV-2 variant,GISAID,Slovenia,2023-W24,SARS-CoV-2,2-week count of sequences,total,70,>5% to 10%
SARS-CoV-2 variant,GISAID,Slovenia,2023-W23,SARS-CoV-2,2-week count of sequences,total,96,>5% to 10%
SARS-CoV-2 variant,GISAID,Slovenia,2023-W22,SARS-CoV-2,2-week count of sequences,total,127,>2.5% to 5%
SARS-CoV-2 variant,GISAID,Slovenia,2023-W21,SARS-CoV-2,2-week count of sequences,total,143,>2.5% to 5%
SARS-CoV-2 variant,GISAID,Slovenia,2023-W20,SARS-CoV-2,2-week count of sequences,total,144,>2.5% to 5%
SARS-CoV-2 variant,GISAID,Slovenia,2023-W19,SARS-CoV-2,2-week count of sequences,total,134,>2.5% to 5%
SARS-CoV-2 variant,GISAID,Slovenia,2023-W18,SARS-CoV-2,2-week count of sequences,total,165,>2.5% to 5%
SARS-CoV-2 variant,GISAID,Slovenia,2023-W17,SARS-CoV-2,2-week count of sequences,total,234,>2.5% to 5%
SARS-CoV-2 variant,GISAID,Slovenia,2023-W16,SARS-CoV-2,2-week count of sequences,total,256,>1% to 2.5%
SARS-CoV-2 variant,GISAID,Slovenia,2023-W15,SARS-CoV-2,2-week count of sequences,total,253,>1% to 2.5%
SARS-CoV-2 variant,GISAID,Slovenia,2023-W14,SARS-CoV-2,2-week count of sequences,total,298,>1% to 2.5%
SARS-CoV-2 variant,GISAID,Slovenia,2023-W13,SARS-CoV-2,2-week count of sequences,total,361,>1% to 2.5%
SARS-CoV-2 variant,GISAID,Slovenia,2023-W12,SARS-CoV-2,2-week count of sequences,total,366,>1% to 2.5%
SARS-CoV-2 variant,GISAID,Slovenia,2023-W11,SARS-CoV-2,2-week count of sequences,total,330,>1% to 2.5%
SARS-CoV-2 variant,GISAID,Slovenia,2023-W10,SARS-CoV-2,2-week count of sequences,total,272,>1% to 2.5%
SARS-CoV-2 variant,GISAID,Slovenia,2023-W09,SARS-CoV-2,2-week count of sequences,total,245,>1% to 2.5%
SARS-CoV-2 variant,GISAID,Slovenia,2023-W08,SARS-CoV-2,2-week count of sequences,total,228,>2.5% to 5%
SARS-CoV-2 variant,GISAID,Slovenia,2023-W07,SARS-CoV-2,2-week count of sequences,total,224,>2.5% to 5%
SARS-CoV-2 variant,GISAID,Slovenia,2023-W06,SARS-CoV-2,2-week count of sequences,total,264,>1% to 2.5%
SARS-CoV-2 variant,GISAID,Slovenia,2023-W05,SARS-CoV-2,2-week count of sequences,total,243,>1% to 2.5%
SARS-CoV-2 variant,GISAID,Slovenia,2023-W04,SARS-CoV-2,2-week count of sequences,total,220,>2.5% to 5%
SARS-CoV-2 variant,GISAID,Slovenia,2023-W03,SARS-CoV-2,2-week count of sequences,total,341,>1% to 2.5%
SARS-CoV-2 variant,GISAID,Slovenia,2023-W02,SARS-CoV-2,2-week count of sequences,total,546,>1% to 2.5%
SARS-CoV-2 variant,GISAID,Slovenia,2023-W01,SARS-CoV-2,2-week count of sequences,total,687,≤1%
SARS-CoV-2 variant,GISAID,Slovenia,2022-W52,SARS-CoV-2,2-week count of sequences,total,891,≤1%
SARS-CoV-2 variant,GISAID,Slovenia,2022-W51,SARS-CoV-2,2-week count of sequences,total,1214,≤1%
SARS-CoV-2 variant,GISAID,Slovenia,2022-W50,SARS-CoV-2,2-week count of sequences,total,1190,≤1%
SARS-CoV-2 variant,GISAID,Slovenia,2022-W49,SARS-CoV-2,2-week count of sequences,total,902,≤1%
SARS-CoV-2 variant,GISAID,Slovenia,2022-W48,SARS-CoV-2,2-week count of sequences,total,739,≤1%
SARS-CoV-2 variant,GISAID,Slovenia,2022-W47,SARS-CoV-2,2-week count of sequences,total,631,≤1%
SARS-CoV-2 variant,GISAID,Slovenia,2022-W46,SARS-CoV-2,2-week count of sequences,total,528,>1% to 2.5%
SARS-CoV-2 variant,GISAID,Slovenia,2022-W45,SARS-CoV-2,2-week count of sequences,total,496,>1% to 2.5%
SARS-CoV-2 variant,GISAID,Slovenia,2022-W44,SARS-CoV-2,2-week count of sequences,total,604,>1% to 2.5%
SARS-CoV-2 variant,GISAID,Slovenia,2022-W43,SARS-CoV-2,2-week count of sequences,total,820,≤1%
SARS-CoV-2 variant,GISAID,Slovenia,2022-W42,SARS-CoV-2,2-week count of sequences,total,1051,≤1%
SARS-CoV-2 variant,GISAID,Slovenia,2022-W41,SARS-CoV-2,2-week count of sequences,total,1218,≤1%
SARS-CoV-2 variant,GISAID,Slovenia,2022-W40,SARS-CoV-2,2-week count of sequences,total,1168,≤1%
SARS-CoV-2 variant,GISAID,Slovenia,2022-W39,SARS-CoV-2,2-week count of sequences,total,965,≤1%
SARS-CoV-2 variant,GISAID,Slovenia,2022-W38,SARS-CoV-2,2-week count of sequences,total,1022,≤1%
SARS-CoV-2 variant,GISAID,Slovenia,2022-W37,SARS-CoV-2,2-week count of sequences,total,1061,≤1%
SARS-CoV-2 variant,GISAID,Slovenia,2022-W36,SARS-CoV-2,2-week count of sequences,total,731,≤1%
SARS-CoV-2 variant,GISAID,Slovenia,2022-W35,SARS-CoV-2,2-week count of sequences,total,540,>1% to 2.5%
SARS-CoV-2 variant,GISAID,Slovenia,2022-W34,SARS-CoV-2,2-week count of sequences,total,665,≤1%
SARS-CoV-2 variant,GISAID,Slovenia,2022-W33,SARS-CoV-2,2-week count of sequences,total,735,≤1%
SARS-CoV-2 variant,GISAID,Slovenia,2022-W32,SARS-CoV-2,2-week count of sequences,total,716,≤1%
SARS-CoV-2 variant,GISAID,Slovenia,2022-W31,SARS-CoV-2,2-week count of sequences,total,875,≤1%
SARS-CoV-2 variant,GISAID,Slovenia,2022-W30,SARS-CoV-2,2-week count of sequences,total,1014,≤1%
SARS-CoV-2 variant,GISAID,Slovenia,2022-W29,SARS-CoV-2,2-week count of sequences,total,1031,≤1%
SARS-CoV-2 variant,GISAID,Slovenia,2022-W28,SARS-CoV-2,2-week count of sequences,total,958,≤1%
SARS-CoV-2 variant,GISAID,Slovenia,2022-W27,SARS-CoV-2,2-week count of sequences,total,775,≤1%
SARS-CoV-2 variant,GISAID,Slovenia,2022-W26,SARS-CoV-2,2-week count of sequences,total,610,≤1%
SARS-CoV-2 variant,GISAID,Slovenia,2022-W25,SARS-CoV-2,2-week count of sequences,total,261,>1% to 2.5%
SARS-CoV-2 variant,GISAID,Spain,2026-W36,SARS-CoV-2,2-week count of sequences,total,157,>2.5% to 5%
SARS-CoV-2 variant,GISAID,Spain,2026-W35,SARS-CoV-2,2-week count of sequences,total,190,>2.5% to 5%
SARS-CoV-2 variant,GISAID,Spain,2026-W34,SARS-CoV-2,2-week count of sequences,total,138,>2.5% to 5%
SARS-CoV-2 variant,GISAID,Spain,2026-W33,SARS-CoV-2,2-week count of sequences,total,77,>5% to 10%
SARS-CoV-2 variant,GISAID,Spain,2026-W32,SARS-CoV-2,2-week count of sequences,total,64,>5% to 10%
SARS-CoV-2 variant,GISAID,Spain,2026-W31,SARS-CoV-2,2-week count of sequences,total,46,>10% to 15%
SARS-CoV-2 variant,GISAID,Spain,2026-W30,SARS-CoV-2,2-week count of sequences,total,29,>15%
SARS-CoV-2 variant,GISAID,Spain,2026-W29,SARS-CoV-2,2-week count of sequences,total,23,>15%
SARS-CoV-2 variant,GISAID,Spain,2026-W28,SARS-CoV-2,2-week count of sequences,total,24,>15%
SARS-CoV-2 variant,GISAID,Spain,2026-W27,SARS-CoV-2,2-week count of sequences,total,22,>15%
SARS-CoV-2 variant,GISAID,Spain,2026-W26,SARS-CoV-2,2-week count of sequences,total,24,>15%
SARS-CoV-2 variant,GISAID,Spain,2026-W25,SARS-CoV-2,2-week count of sequences,total,24,>15%
SARS-CoV-2 variant,GISAID,Spain,2026-W24,SARS-CoV-2,2-week count of sequences,total,29,>15%
SARS-CoV-2 variant,GISAID,Spain,2026-W23,SARS-CoV-2,2-week count of sequences,total,30,>15%
SARS-CoV-2 variant,GISAID,Spain,2026-W22,SARS-CoV-2,2-week count of sequences,total,34,>15%
SARS-CoV-2 variant,GISAID,Spain,2026-W21,SARS-CoV-2,2-week count of sequences,total,40,>10% to 15%
SARS-CoV-2 variant,GISAID,Spain,2026-W20,SARS-CoV-2,2-week count of sequences,total,57,>5% to 10%
SARS-CoV-2 variant,GISAID,Spain,2026-W19,SARS-CoV-2,2-week count of sequences,total,60,>5% to 10%
SARS-CoV-2 variant,GISAID,Spain,2026-W18,SARS-CoV-2,2-week count of sequences,total,44,>10% to 15%
SARS-CoV-2 variant,GISAID,Spain,2026-W17,SARS-CoV-2,2-week count of sequences,total,38,>10% to 15%
SARS-CoV-2 variant,GISAID,Spain,2026-W16,SARS-CoV-2,2-week count of sequences,total,38,>10% to 15%
SARS-CoV-2 variant,GISAID,Spain,2026-W15,SARS-CoV-2,2-week count of sequences,total,50,>10% to 15%
SARS-CoV-2 variant,GISAID,Spain,2026-W14,SARS-CoV-2,2-week count of sequences,total,62,>5% to 10%
SARS-CoV-2 variant,GISAID,Spain,2026-W13,SARS-CoV-2,2-week count of sequences,total,66,>5% to 10%
SARS-CoV-2 variant,GISAID,Spain,2026-W12,SARS-CoV-2,2-week count of sequences,total,63,>5% to 10%
SARS-CoV-2 variant,GISAID,Spain,2026-W11,SARS-CoV-2,2-week count of sequences,total,47,>10% to 15%
SARS-CoV-2 variant,GISAID,Spain,2026-W10,SARS-CoV-2,2-week count of sequences,total,30,>15%
SARS-CoV-2 variant,GISAID,Spain,2026-W09,SARS-CoV-2,2-week count of sequences,total,19,>15%
SARS-CoV-2 variant,GISAID,Spain,2026-W08,SARS-CoV-2,2-week count of sequences,total,15,>15%
SARS-CoV-2 variant,GISAID,Spain,2026-W07,SARS-CoV-2,2-week count of sequences,total,19,>15%
SARS-CoV-2 variant,GISAID,Spain,2026-W06,SARS-CoV-2,2-week count of sequences,total,16,>15%
SARS-CoV-2 variant,GISAID,Spain,2026-W05,SARS-CoV-2,2-week count of sequences,total,17,>15%
SARS-CoV-2 variant,GISAID,Spain,2026-W04,SARS-CoV-2,2-week count of sequences,total,34,>15%
SARS-CoV-2 variant,GISAID,Spain,2026-W03,SARS-CoV-2,2-week count of sequences,total,46,>10% to 15%
SARS-CoV-2 variant,GISAID,Spain,2026-W02,SARS-CoV-2,2-week count of sequences,total,36,>15%
SARS-CoV-2 variant,GISAID,Spain,2026-W01,SARS-CoV-2,2-week count of sequences,total,25,>15%
SARS-CoV-2 variant,GISAID,Spain,2025-W52,SARS-CoV-2,2-week count of sequences,total,31,>15%
SARS-CoV-2 variant,GISAID,Spain,2025-W51,SARS-CoV-2,2-week count of sequences,total,36,>15%
SARS-CoV-2 variant,GISAID,Spain,2025-W50,SARS-CoV-2,2-week count of sequences,total,53,>10% to 15%
SARS-CoV-2 variant,GISAID,Spain,2025-W49,SARS-CoV-2,2-week count of sequences,total,78,>5% to 10%
SARS-CoV-2 variant,GISAID,Spain,2025-W48,SARS-CoV-2,2-week count of sequences,total,85,>5% to 10%
SARS-CoV-2 variant,GISAID,Spain,2025-W47,SARS-CoV-2,2-week count of sequences,total,141,>2.5% to 5%
SARS-CoV-2 variant,GISAID,Spain,2025-W46,SARS-CoV-2,2-week count of sequences,total,245,>1% to 2.5%
SARS-CoV-2 variant,GISAID,Spain,2025-W45,SARS-CoV-2,2-week count of sequences,total,296,>1% to 2.5%
SARS-CoV-2 variant,GISAID,Spain,2025-W44,SARS-CoV-2,2-week count of sequences,total,378,>1% to 2.5%
SARS-CoV-2 variant,GISAID,Spain,2025-W43,SARS-CoV-2,2-week count of sequences,total,631,≤1%
SARS-CoV-2 variant,GISAID,Spain,2025-W42,SARS-CoV-2,2-week count of sequences,total,930,≤1%
SARS-CoV-2 variant,GISAID,Spain,2025-W41,SARS-CoV-2,2-week count of sequences,total,1204,≤1%
SARS-CoV-2 variant,GISAID,Spain,2025-W40,SARS-CoV-2,2-week count of sequences,total,1322,≤1%
SARS-CoV-2 variant,GISAID,Spain,2025-W39,SARS-CoV-2,2-week count of sequences,total,1356,≤1%
SARS-CoV-2 variant,GISAID,Spain,2025-W38,SARS-CoV-2,2-week count of sequences,total,1348,≤1%
SARS-CoV-2 variant,GISAID,Spain,2025-W37,SARS-CoV-2,2-week count of sequences,total,1277,≤1%
SARS-CoV-2 variant,GISAID,Spain,2025-W36,SARS-CoV-2,2-week count of sequences,total,1362,≤1%
SARS-CoV-2 variant,GISAID,Spain,2025-W35,SARS-CoV-2,2-week count of sequences,total,1473,≤1%
SARS-CoV-2 variant,GISAID,Spain,2025-W34,SARS-CoV-2,2-week count of sequences,total,1398,≤1%
SARS-CoV-2 variant,GISAID,Spain,2025-W33,SARS-CoV-2,2-week count of sequences,total,1380,≤1%
SARS-CoV-2 variant,GISAID,Spain,2025-W32,SARS-CoV-2,2-week count of sequences,total,1450,≤1%
SARS-CoV-2 variant,GISAID,Spain,2025-W31,SARS-CoV-2,2-week count of sequences,total,1429,≤1%
SARS-CoV-2 variant,GISAID,Spain,2025-W30,SARS-CoV-2,2-week count of sequences,total,1338,≤1%
SARS-CoV-2 variant,GISAID,Spain,2025-W29,SARS-CoV-2,2-week count of sequences,total,1326,≤1%
SARS-CoV-2 variant,GISAID,Spain,2025-W28,SARS-CoV-2,2-week count of sequences,total,1238,≤1%
SARS-CoV-2 variant,GISAID,Spain,2025-W27,SARS-CoV-2,2-week count of sequences,total,1099,≤1%
SARS-CoV-2 variant,GISAID,Spain,2025-W26,SARS-CoV-2,2-week count of sequences,total,1129,≤1%
SARS-CoV-2 variant,GISAID,Spain,2025-W25,SARS-CoV-2,2-week count of sequences,total,1083,≤1%
SARS-CoV-2 variant,GISAID,Spain,2025-W24,SARS-CoV-2,2-week count of sequences,total,1056,≤1%
SARS-CoV-2 variant,GISAID,Spain,2025-W23,SARS-CoV-2,2-week count of sequences,total,1039,≤1%
SARS-CoV-2 variant,GISAID,Spain,2025-W22,SARS-CoV-2,2-week count of sequences,total,891,≤1%
SARS-CoV-2 variant,GISAID,Spain,2025-W21,SARS-CoV-2,2-week count of sequences,total,703,≤1%
SARS-CoV-2 variant,GISAID,Spain,2025-W20,SARS-CoV-2,2-week count of sequences,total,527,>1% to 2.5%
SARS-CoV-2 variant,GISAID,Spain,2025-W19,SARS-CoV-2,2-week count of sequences,total,394,>1% to 2.5%
SARS-CoV-2 variant,GISAID,Spain,2025-W18,SARS-CoV-2,2-week count of sequences,total,311,>1% to 2.5%
SARS-CoV-2 variant,GISAID,Spain,2025-W17,SARS-CoV-2,2-week count of sequences,total,236,>2.5% to 5%
SARS-CoV-2 variant,GISAID,Spain,2025-W16,SARS-CoV-2,2-week count of sequences,total,209,>2.5% to 5%
SARS-CoV-2 variant,GISAID,Spain,2025-W15,SARS-CoV-2,2-week count of sequences,total,227,>2.5% to 5%
SARS-CoV-2 variant,GISAID,Spain,2025-W14,SARS-CoV-2,2-week count of sequences,total,231,>2.5% to 5%
SARS-CoV-2 variant,GISAID,Spain,2025-W13,SARS-CoV-2,2-week count of sequences,total,217,>2.5% to 5%
SARS-CoV-2 variant,GISAID,Spain,2025-W12,SARS-CoV-2,2-week count of sequences,total,176,>2.5% to 5%
SARS-CoV-2 variant,GISAID,Spain,2025-W11,SARS-CoV-2,2-week count of sequences,total,148,>2.5% to 5%
SARS-CoV-2 variant,GISAID,Spain,2025-W10,SARS-CoV-2,2-week count of sequences,total,129,>2.5% to 5%
SARS-CoV-2 variant,GISAID,Spain,2025-W09,SARS-CoV-2,2-week count of sequences,total,116,>5% to 10%
SARS-CoV-2 variant,GISAID,Spain,2025-W08,SARS-CoV-2,2-week count of sequences,total,125,>2.5% to 5%
SARS-CoV-2 variant,GISAID,Spain,2025-W07,SARS-CoV-2,2-week count of sequences,total,116,>5% to 10%
SARS-CoV-2 variant,GISAID,Spain,2025-W06,SARS-CoV-2,2-week count of sequences,total,106,>5% to 10%
SARS-CoV-2 variant,GISAID,Spain,2025-W05,SARS-CoV-2,2-week count of sequences,total,124,>2.5% to 5%
SARS-CoV-2 variant,GISAID,Spain,2025-W04,SARS-CoV-2,2-week count of sequences,total,145,>2.5% to 5%
SARS-CoV-2 variant,GISAID,Spain,2025-W03,SARS-CoV-2,2-week count of sequences,total,165,>2.5% to 5%
SARS-CoV-2 variant,GISAID,Spain,2025-W02,SARS-CoV-2,2-week count of sequences,total,179,>2.5% to 5%
SARS-CoV-2 variant,GISAID,Spain,2025-W01,SARS-CoV-2,2-week count of sequences,total,139,>2.5% to 5%
SARS-CoV-2 variant,GISAID,Spain,2024-W52,SARS-CoV-2,2-week count of sequences,total,106,>5% to 10%
SARS-CoV-2 variant,GISAID,Spain,2024-W51,SARS-CoV-2,2-week count of sequences,total,99,>5% to 10%
SARS-CoV-2 variant,GISAID,Spain,2024-W50,SARS-CoV-2,2-week count of sequences,total,95,>5% to 10%
SARS-CoV-2 variant,GISAID,Spain,2024-W49,SARS-CoV-2,2-week count of sequences,total,107,>5% to 10%
SARS-CoV-2 variant,GISAID,Spain,2024-W48,SARS-CoV-2,2-week count of sequences,total,124,>2.5% to 5%
SARS-CoV-2 variant,GISAID,Spain,2024-W47,SARS-CoV-2,2-week count of sequences,total,130,>2.5% to 5%
SARS-CoV-2 variant,GISAID,Spain,2024-W46,SARS-CoV-2,2-week count of sequences,total,148,>2.5% to 5%
SARS-CoV-2 variant,GISAID,Spain,2024-W45,SARS-CoV-2,2-week count of sequences,total,186,>2.5% to 5%
SARS-CoV-2 variant,GISAID,Spain,2024-W44,SARS-CoV-2,2-week count of sequences,total,262,>1% to 2.5%
SARS-CoV-2 variant,GISAID,Spain,2024-W43,SARS-CoV-2,2-week count of sequences,total,372,>1% to 2.5%
SARS-CoV-2 variant,GISAID,Spain,2024-W42,SARS-CoV-2,2-week count of sequences,total,469,>1% to 2.5%
SARS-CoV-2 variant,GISAID,Spain,2024-W41,SARS-CoV-2,2-week count of sequences,total,555,>1% to 2.5%
SARS-CoV-2 variant,GISAID,Spain,2024-W40,SARS-CoV-2,2-week count of sequences,total,570,>1% to 2.5%
SARS-CoV-2 variant,GISAID,Spain,2024-W39,SARS-CoV-2,2-week count of sequences,total,584,>1% to 2.5%
SARS-CoV-2 variant,GISAID,Spain,2024-W38,SARS-CoV-2,2-week count of sequences,total,585,>1% to 2.5%
SARS-CoV-2 variant,GISAID,Spain,2024-W37,SARS-CoV-2,2-week count of sequences,total,680,≤1%
SARS-CoV-2 variant,GISAID,Spain,2024-W36,SARS-CoV-2,2-week count of sequences,total,824,≤1%
SARS-CoV-2 variant,GISAID,Spain,2024-W35,SARS-CoV-2,2-week count of sequences,total,821,≤1%
SARS-CoV-2 variant,GISAID,Spain,2024-W34,SARS-CoV-2,2-week count of sequences,total,875,≤1%
SARS-CoV-2 variant,GISAID,Spain,2024-W33,SARS-CoV-2,2-week count of sequences,total,1139,≤1%
SARS-CoV-2 variant,GISAID,Spain,2024-W32,SARS-CoV-2,2-week count of sequences,total,1475,≤1%
SARS-CoV-2 variant,GISAID,Spain,2024-W31,SARS-CoV-2,2-week count of sequences,total,1798,≤1%
SARS-CoV-2 variant,GISAID,Spain,2024-W30,SARS-CoV-2,2-week count of sequences,total,1966,≤1%
SARS-CoV-2 variant,GISAID,Spain,2024-W29,SARS-CoV-2,2-week count of sequences,total,2235,≤1%
SARS-CoV-2 variant,GISAID,Spain,2024-W28,SARS-CoV-2,2-week count of sequences,total,2723,≤1%
SARS-CoV-2 variant,GISAID,Spain,2024-W27,SARS-CoV-2,2-week count of sequences,total,2967,≤1%
SARS-CoV-2 variant,GISAID,Spain,2024-W26,SARS-CoV-2,2-week count of sequences,total,2847,≤1%
SARS-CoV-2 variant,GISAID,Spain,2024-W25,SARS-CoV-2,2-week count of sequences,total,2780,≤1%
SARS-CoV-2 variant,GISAID,Spain,2024-W24,SARS-CoV-2,2-week count of sequences,total,2828,≤1%
SARS-CoV-2 variant,GISAID,Spain,2024-W23,SARS-CoV-2,2-week count of sequences,total,2628,≤1%
SARS-CoV-2 variant,GISAID,Spain,2024-W22,SARS-CoV-2,2-week count of sequences,total,2214,≤1%
SARS-CoV-2 variant,GISAID,Spain,2024-W21,SARS-CoV-2,2-week count of sequences,total,1629,≤1%
SARS-CoV-2 variant,GISAID,Spain,2024-W20,SARS-CoV-2,2-week count of sequences,total,1111,≤1%
SARS-CoV-2 variant,GISAID,Spain,2024-W19,SARS-CoV-2,2-week count of sequences,total,725,≤1%
SARS-CoV-2 variant,GISAID,Spain,2024-W18,SARS-CoV-2,2-week count of sequences,total,452,>1% to 2.5%
SARS-CoV-2 variant,GISAID,Spain,2024-W17,SARS-CoV-2,2-week count of sequences,total,307,>1% to 2.5%
SARS-CoV-2 variant,GISAID,Spain,2024-W16,SARS-CoV-2,2-week count of sequences,total,245,>1% to 2.5%
SARS-CoV-2 variant,GISAID,Spain,2024-W15,SARS-CoV-2,2-week count of sequences,total,238,>2.5% to 5%
SARS-CoV-2 variant,GISAID,Spain,2024-W14,SARS-CoV-2,2-week count of sequences,total,199,>2.5% to 5%
SARS-CoV-2 variant,GISAID,Spain,2024-W13,SARS-CoV-2,2-week count of sequences,total,191,>2.5% to 5%
SARS-CoV-2 variant,GISAID,Spain,2024-W12,SARS-CoV-2,2-week count of sequences,total,255,>1% to 2.5%
SARS-CoV-2 variant,GISAID,Spain,2024-W11,SARS-CoV-2,2-week count of sequences,total,268,>1% to 2.5%
SARS-CoV-2 variant,GISAID,Spain,2024-W10,SARS-CoV-2,2-week count of sequences,total,255,>1% to 2.5%
SARS-CoV-2 variant,GISAID,Spain,2024-W09,SARS-CoV-2,2-week count of sequences,total,298,>1% to 2.5%
SARS-CoV-2 variant,GISAID,Spain,2024-W08,SARS-CoV-2,2-week count of sequences,total,425,>1% to 2.5%
SARS-CoV-2 variant,GISAID,Spain,2024-W07,SARS-CoV-2,2-week count of sequences,total,558,>1% to 2.5%
SARS-CoV-2 variant,GISAID,Spain,2024-W06,SARS-CoV-2,2-week count of sequences,total,628,≤1%
SARS-CoV-2 variant,GISAID,Spain,2024-W05,SARS-CoV-2,2-week count of sequences,total,800,≤1%
SARS-CoV-2 variant,GISAID,Spain,2024-W04,SARS-CoV-2,2-week count of sequences,total,1274,≤1%
SARS-CoV-2 variant,GISAID,Spain,2024-W03,SARS-CoV-2,2-week count of sequences,total,1870,≤1%
SARS-CoV-2 variant,GISAID,Spain,2024-W02,SARS-CoV-2,2-week count of sequences,total,2357,≤1%
SARS-CoV-2 variant,GISAID,Spain,2024-W01,SARS-CoV-2,2-week count of sequences,total,2621,≤1%
SARS-CoV-2 variant,GISAID,Spain,2023-W52,SARS-CoV-2,2-week count of sequences,total,2369,≤1%
SARS-CoV-2 variant,GISAID,Spain,2023-W51,SARS-CoV-2,2-week count of sequences,total,2015,≤1%
SARS-CoV-2 variant,GISAID,Spain,2023-W50,SARS-CoV-2,2-week count of sequences,total,1671,≤1%
SARS-CoV-2 variant,GISAID,Spain,2023-W49,SARS-CoV-2,2-week count of sequences,total,1491,≤1%
SARS-CoV-2 variant,GISAID,Spain,2023-W48,SARS-CoV-2,2-week count of sequences,total,1322,≤1%
SARS-CoV-2 variant,GISAID,Spain,2023-W47,SARS-CoV-2,2-week count of sequences,total,1075,≤1%
SARS-CoV-2 variant,GISAID,Spain,2023-W46,SARS-CoV-2,2-week count of sequences,total,1168,≤1%
SARS-CoV-2 variant,GISAID,Spain,2023-W45,SARS-CoV-2,2-week count of sequences,total,1237,≤1%
SARS-CoV-2 variant,GISAID,Spain,2023-W44,SARS-CoV-2,2-week count of sequences,total,1348,≤1%
SARS-CoV-2 variant,GISAID,Spain,2023-W43,SARS-CoV-2,2-week count of sequences,total,1548,≤1%
SARS-CoV-2 variant,GISAID,Spain,2023-W42,SARS-CoV-2,2-week count of sequences,total,1740,≤1%
SARS-CoV-2 variant,GISAID,Spain,2023-W41,SARS-CoV-2,2-week count of sequences,total,1928,≤1%
SARS-CoV-2 variant,GISAID,Spain,2023-W40,SARS-CoV-2,2-week count of sequences,total,2053,≤1%
SARS-CoV-2 variant,GISAID,Spain,2023-W39,SARS-CoV-2,2-week count of sequences,total,2137,≤1%
SARS-CoV-2 variant,GISAID,Spain,2023-W38,SARS-CoV-2,2-week count of sequences,total,2257,≤1%
SARS-CoV-2 variant,GISAID,Spain,2023-W37,SARS-CoV-2,2-week count of sequences,total,2358,≤1%
SARS-CoV-2 variant,GISAID,Spain,2023-W36,SARS-CoV-2,2-week count of sequences,total,2531,≤1%
SARS-CoV-2 variant,GISAID,Spain,2023-W35,SARS-CoV-2,2-week count of sequences,total,2451,≤1%
SARS-CoV-2 variant,GISAID,Spain,2023-W34,SARS-CoV-2,2-week count of sequences,total,2118,≤1%
SARS-CoV-2 variant,GISAID,Spain,2023-W33,SARS-CoV-2,2-week count of sequences,total,2067,≤1%
SARS-CoV-2 variant,GISAID,Spain,2023-W32,SARS-CoV-2,2-week count of sequences,total,2039,≤1%
SARS-CoV-2 variant,GISAID,Spain,2023-W31,SARS-CoV-2,2-week count of sequences,total,1652,≤1%
SARS-CoV-2 variant,GISAID,Spain,2023-W30,SARS-CoV-2,2-week count of sequences,total,1221,≤1%
SARS-CoV-2 variant,GISAID,Spain,2023-W29,SARS-CoV-2,2-week count of sequences,total,1026,≤1%
SARS-CoV-2 variant,GISAID,Spain,2023-W28,SARS-CoV-2,2-week count of sequences,total,846,≤1%
SARS-CoV-2 variant,GISAID,Spain,2023-W27,SARS-CoV-2,2-week count of sequences,total,733,≤1%
SARS-CoV-2 variant,GISAID,Spain,2023-W26,SARS-CoV-2,2-week count of sequences,total,813,≤1%
SARS-CoV-2 variant,GISAID,Spain,2023-W25,SARS-CoV-2,2-week count of sequences,total,967,≤1%
SARS-CoV-2 variant,GISAID,Spain,2023-W24,SARS-CoV-2,2-week count of sequences,total,1184,≤1%
SARS-CoV-2 variant,GISAID,Spain,2023-W23,SARS-CoV-2,2-week count of sequences,total,1512,≤1%
SARS-CoV-2 variant,GISAID,Spain,2023-W22,SARS-CoV-2,2-week count of sequences,total,1843,≤1%
SARS-CoV-2 variant,GISAID,Spain,2023-W21,SARS-CoV-2,2-week count of sequences,total,1959,≤1%
SARS-CoV-2 variant,GISAID,Spain,2023-W20,SARS-CoV-2,2-week count of sequences,total,2026,≤1%
SARS-CoV-2 variant,GISAID,Spain,2023-W19,SARS-CoV-2,2-week count of sequences,total,2089,≤1%
SARS-CoV-2 variant,GISAID,Spain,2023-W18,SARS-CoV-2,2-week count of sequences,total,2220,≤1%
SARS-CoV-2 variant,GISAID,Spain,2023-W17,SARS-CoV-2,2-week count of sequences,total,2320,≤1%
SARS-CoV-2 variant,GISAID,Spain,2023-W16,SARS-CoV-2,2-week count of sequences,total,2099,≤1%
SARS-CoV-2 variant,GISAID,Spain,2023-W15,SARS-CoV-2,2-week count of sequences,total,1696,≤1%
SARS-CoV-2 variant,GISAID,Spain,2023-W14,SARS-CoV-2,2-week count of sequences,total,1573,≤1%
SARS-CoV-2 variant,GISAID,Spain,2023-W13,SARS-CoV-2,2-week count of sequences,total,1641,≤1%
SARS-CoV-2 variant,GISAID,Spain,2023-W12,SARS-CoV-2,2-week count of sequences,total,1603,≤1%
SARS-CoV-2 variant,GISAID,Spain,2023-W11,SARS-CoV-2,2-week count of sequences,total,1692,≤1%
SARS-CoV-2 variant,GISAID,Spain,2023-W10,SARS-CoV-2,2-week count of sequences,total,1568,≤1%
SARS-CoV-2 variant,GISAID,Spain,2023-W09,SARS-CoV-2,2-week count of sequences,total,1351,≤1%
SARS-CoV-2 variant,GISAID,Spain,2023-W08,SARS-CoV-2,2-week count of sequences,total,1385,≤1%
SARS-CoV-2 variant,GISAID,Spain,2023-W07,SARS-CoV-2,2-week count of sequences,total,1383,≤1%
SARS-CoV-2 variant,GISAID,Spain,2023-W06,SARS-CoV-2,2-week count of sequences,total,1336,≤1%
SARS-CoV-2 variant,GISAID,Spain,2023-W05,SARS-CoV-2,2-week count of sequences,total,1302,≤1%
SARS-CoV-2 variant,GISAID,Spain,2023-W04,SARS-CoV-2,2-week count of sequences,total,1439,≤1%
SARS-CoV-2 variant,GISAID,Spain,2023-W03,SARS-CoV-2,2-week count of sequences,total,2026,≤1%
SARS-CoV-2 variant,GISAID,Spain,2023-W02,SARS-CoV-2,2-week count of sequences,total,2170,≤1%
SARS-CoV-2 variant,GISAID,Spain,2023-W01,SARS-CoV-2,2-week count of sequences,total,1935,≤1%
SARS-CoV-2 variant,GISAID,Spain,2022-W52,SARS-CoV-2,2-week count of sequences,total,2259,≤1%
SARS-CoV-2 variant,GISAID,Spain,2022-W51,SARS-CoV-2,2-week count of sequences,total,3447,≤1%
SARS-CoV-2 variant,GISAID,Spain,2022-W50,SARS-CoV-2,2-week count of sequences,total,3364,≤1%
SARS-CoV-2 variant,GISAID,Spain,2022-W49,SARS-CoV-2,2-week count of sequences,total,2425,≤1%
SARS-CoV-2 variant,GISAID,Spain,2022-W48,SARS-CoV-2,2-week count of sequences,total,2487,≤1%
SARS-CoV-2 variant,GISAID,Spain,2022-W47,SARS-CoV-2,2-week count of sequences,total,2629,≤1%
SARS-CoV-2 variant,GISAID,Spain,2022-W46,SARS-CoV-2,2-week count of sequences,total,2595,≤1%
SARS-CoV-2 variant,GISAID,Spain,2022-W45,SARS-CoV-2,2-week count of sequences,total,2277,≤1%
SARS-CoV-2 variant,GISAID,Spain,2022-W44,SARS-CoV-2,2-week count of sequences,total,2220,≤1%
SARS-CoV-2 variant,GISAID,Spain,2022-W43,SARS-CoV-2,2-week count of sequences,total,2719,≤1%
SARS-CoV-2 variant,GISAID,Spain,2022-W42,SARS-CoV-2,2-week count of sequences,total,2696,≤1%
SARS-CoV-2 variant,GISAID,Spain,2022-W41,SARS-CoV-2,2-week count of sequences,total,2225,≤1%
SARS-CoV-2 variant,GISAID,Spain,2022-W40,SARS-CoV-2,2-week count of sequences,total,1904,≤1%
SARS-CoV-2 variant,GISAID,Spain,2022-W39,SARS-CoV-2,2-week count of sequences,total,1626,≤1%
SARS-CoV-2 variant,GISAID,Spain,2022-W38,SARS-CoV-2,2-week count of sequences,total,1635,≤1%
SARS-CoV-2 variant,GISAID,Spain,2022-W37,SARS-CoV-2,2-week count of sequences,total,1552,≤1%
SARS-CoV-2 variant,GISAID,Spain,2022-W36,SARS-CoV-2,2-week count of sequences,total,1609,≤1%
SARS-CoV-2 variant,GISAID,Spain,2022-W35,SARS-CoV-2,2-week count of sequences,total,1910,≤1%
SARS-CoV-2 variant,GISAID,Spain,2022-W34,SARS-CoV-2,2-week count of sequences,total,2028,≤1%
SARS-CoV-2 variant,GISAID,Spain,2022-W33,SARS-CoV-2,2-week count of sequences,total,2258,≤1%
SARS-CoV-2 variant,GISAID,Spain,2022-W32,SARS-CoV-2,2-week count of sequences,total,2934,≤1%
SARS-CoV-2 variant,GISAID,Spain,2022-W31,SARS-CoV-2,2-week count of sequences,total,3595,≤1%
SARS-CoV-2 variant,GISAID,Spain,2022-W30,SARS-CoV-2,2-week count of sequences,total,4217,≤1%
SARS-CoV-2 variant,GISAID,Spain,2022-W29,SARS-CoV-2,2-week count of sequences,total,5234,≤1%
SARS-CoV-2 variant,GISAID,Spain,2022-W28,SARS-CoV-2,2-week count of sequences,total,5809,≤1%
SARS-CoV-2 variant,GISAID,Spain,2022-W27,SARS-CoV-2,2-week count of sequences,total,5783,≤1%
SARS-CoV-2 variant,GISAID,Spain,2022-W26,SARS-CoV-2,2-week count of sequences,total,5340,≤1%
SARS-CoV-2 variant,GISAID,Spain,2022-W25,SARS-CoV-2,2-week count of sequences,total,2442,≤1%
SARS-CoV-2 variant,GISAID,Sweden,2026-W36,SARS-CoV-2,2-week count of sequences,total,0,No data
SARS-CoV-2 variant,GISAID,Sweden,2026-W35,SARS-CoV-2,2-week count of sequences,total,0,No data
SARS-CoV-2 variant,GISAID,Sweden,2026-W34,SARS-CoV-2,2-week count of sequences,total,0,No data
SARS-CoV-2 variant,GISAID,Sweden,2026-W33,SARS-CoV-2,2-week count of sequences,total,0,No data
SARS-CoV-2 variant,GISAID,Sweden,2026-W32,SARS-CoV-2,2-week count of sequences,total,2,>15%
SARS-CoV-2 variant,GISAID,Sweden,2026-W31,SARS-CoV-2,2-week count of sequences,total,5,>15%
SARS-CoV-2 variant,GISAID,Sweden,2026-W30,SARS-CoV-2,2-week count of sequences,total,6,>15%
SARS-CoV-2 variant,GISAID,Sweden,2026-W29,SARS-CoV-2,2-week count of sequences,total,7,>15%
SARS-CoV-2 variant,GISAID,Sweden,2026-W28,SARS-CoV-2,2-week count of sequences,total,4,>15%
SARS-CoV-2 variant,GISAID,Sweden,2026-W27,SARS-CoV-2,2-week count of sequences,total,2,>15%
SARS-CoV-2 variant,GISAID,Sweden,2026-W26,SARS-CoV-2,2-week count of sequences,total,4,>15%
SARS-CoV-2 variant,GISAID,Sweden,2026-W25,SARS-CoV-2,2-week count of sequences,total,4,>15%
SARS-CoV-2 variant,GISAID,Sweden,2026-W24,SARS-CoV-2,2-week count of sequences,total,2,>15%
SARS-CoV-2 variant,GISAID,Sweden,2026-W23,SARS-CoV-2,2-week count of sequences,total,4,>15%
SARS-CoV-2 variant,GISAID,Sweden,2026-W22,SARS-CoV-2,2-week count of sequences,total,12,>15%
SARS-CoV-2 variant,GISAID,Sweden,2026-W21,SARS-CoV-2,2-week count of sequences,total,11,>15%
SARS-CoV-2 variant,GISAID,Sweden,2026-W20,SARS-CoV-2,2-week count of sequences,total,9,>15%
SARS-CoV-2 variant,GISAID,Sweden,2026-W19,SARS-CoV-2,2-week count of sequences,total,21,>15%
SARS-CoV-2 variant,GISAID,Sweden,2026-W18,SARS-CoV-2,2-week count of sequences,total,28,>15%
SARS-CoV-2 variant,GISAID,Sweden,2026-W17,SARS-CoV-2,2-week count of sequences,total,23,>15%
SARS-CoV-2 variant,GISAID,Sweden,2026-W16,SARS-CoV-2,2-week count of sequences,total,26,>15%
SARS-CoV-2 variant,GISAID,Sweden,2026-W15,SARS-CoV-2,2-week count of sequences,total,32,>15%
SARS-CoV-2 variant,GISAID,Sweden,2026-W14,SARS-CoV-2,2-week count of sequences,total,43,>10% to 15%
SARS-CoV-2 variant,GISAID,Sweden,2026-W13,SARS-CoV-2,2-week count of sequences,total,49,>10% to 15%
SARS-CoV-2 variant,GISAID,Sweden,2026-W12,SARS-CoV-2,2-week count of sequences,total,69,>5% to 10%
SARS-CoV-2 variant,GISAID,Sweden,2026-W11,SARS-CoV-2,2-week count of sequences,total,110,>5% to 10%
SARS-CoV-2 variant,GISAID,Sweden,2026-W10,SARS-CoV-2,2-week count of sequences,total,107,>5% to 10%
SARS-CoV-2 variant,GISAID,Sweden,2026-W09,SARS-CoV-2,2-week count of sequences,total,89,>5% to 10%
SARS-CoV-2 variant,GISAID,Sweden,2026-W08,SARS-CoV-2,2-week count of sequences,total,99,>5% to 10%
SARS-CoV-2 variant,GISAID,Sweden,2026-W07,SARS-CoV-2,2-week count of sequences,total,132,>2.5% to 5%
SARS-CoV-2 variant,GISAID,Sweden,2026-W06,SARS-CoV-2,2-week count of sequences,total,126,>2.5% to 5%
SARS-CoV-2 variant,GISAID,Sweden,2026-W05,SARS-CoV-2,2-week count of sequences,total,87,>5% to 10%
SARS-CoV-2 variant,GISAID,Sweden,2026-W04,SARS-CoV-2,2-week count of sequences,total,77,>5% to 10%
SARS-CoV-2 variant,GISAID,Sweden,2026-W03,SARS-CoV-2,2-week count of sequences,total,71,>5% to 10%
SARS-CoV-2 variant,GISAID,Sweden,2026-W02,SARS-CoV-2,2-week count of sequences,total,47,>10% to 15%
SARS-CoV-2 variant,GISAID,Sweden,2026-W01,SARS-CoV-2,2-week count of sequences,total,27,>15%
SARS-CoV-2 variant,GISAID,Sweden,2025-W52,SARS-CoV-2,2-week count of sequences,total,37,>10% to 15%
SARS-CoV-2 variant,GISAID,Sweden,2025-W51,SARS-CoV-2,2-week count of sequences,total,59,>5% to 10%
SARS-CoV-2 variant,GISAID,Sweden,2025-W50,SARS-CoV-2,2-week count of sequences,total,82,>5% to 10%
SARS-CoV-2 variant,GISAID,Sweden,2025-W49,SARS-CoV-2,2-week count of sequences,total,85,>5% to 10%
SARS-CoV-2 variant,GISAID,Sweden,2025-W48,SARS-CoV-2,2-week count of sequences,total,82,>5% to 10%
SARS-CoV-2 variant,GISAID,Sweden,2025-W47,SARS-CoV-2,2-week count of sequences,total,89,>5% to 10%
SARS-CoV-2 variant,GISAID,Sweden,2025-W46,SARS-CoV-2,2-week count of sequences,total,90,>5% to 10%
SARS-CoV-2 variant,GISAID,Sweden,2025-W45,SARS-CoV-2,2-week count of sequences,total,82,>5% to 10%
SARS-CoV-2 variant,GISAID,Sweden,2025-W44,SARS-CoV-2,2-week count of sequences,total,80,>5% to 10%
SARS-CoV-2 variant,GISAID,Sweden,2025-W43,SARS-CoV-2,2-week count of sequences,total,75,>5% to 10%
SARS-CoV-2 variant,GISAID,Sweden,2025-W42,SARS-CoV-2,2-week count of sequences,total,80,>5% to 10%
SARS-CoV-2 variant,GISAID,Sweden,2025-W41,SARS-CoV-2,2-week count of sequences,total,97,>5% to 10%
SARS-CoV-2 variant,GISAID,Sweden,2025-W40,SARS-CoV-2,2-week count of sequences,total,75,>5% to 10%
SARS-CoV-2 variant,GISAID,Sweden,2025-W39,SARS-CoV-2,2-week count of sequences,total,79,>5% to 10%
SARS-CoV-2 variant,GISAID,Sweden,2025-W38,SARS-CoV-2,2-week count of sequences,total,94,>5% to 10%
SARS-CoV-2 variant,GISAID,Sweden,2025-W37,SARS-CoV-2,2-week count of sequences,total,101,>5% to 10%
SARS-CoV-2 variant,GISAID,Sweden,2025-W36,SARS-CoV-2,2-week count of sequences,total,112,>5% to 10%
SARS-CoV-2 variant,GISAID,Sweden,2025-W35,SARS-CoV-2,2-week count of sequences,total,97,>5% to 10%
SARS-CoV-2 variant,GISAID,Sweden,2025-W34,SARS-CoV-2,2-week count of sequences,total,81,>5% to 10%
SARS-CoV-2 variant,GISAID,Sweden,2025-W33,SARS-CoV-2,2-week count of sequences,total,62,>5% to 10%
SARS-CoV-2 variant,GISAID,Sweden,2025-W32,SARS-CoV-2,2-week count of sequences,total,56,>10% to 15%
SARS-CoV-2 variant,GISAID,Sweden,2025-W31,SARS-CoV-2,2-week count of sequences,total,53,>10% to 15%
SARS-CoV-2 variant,GISAID,Sweden,2025-W30,SARS-CoV-2,2-week count of sequences,total,47,>10% to 15%
SARS-CoV-2 variant,GISAID,Sweden,2025-W29,SARS-CoV-2,2-week count of sequences,total,43,>10% to 15%
SARS-CoV-2 variant,GISAID,Sweden,2025-W28,SARS-CoV-2,2-week count of sequences,total,49,>10% to 15%
SARS-CoV-2 variant,GISAID,Sweden,2025-W27,SARS-CoV-2,2-week count of sequences,total,52,>10% to 15%
SARS-CoV-2 variant,GISAID,Sweden,2025-W26,SARS-CoV-2,2-week count of sequences,total,48,>10% to 15%
SARS-CoV-2 variant,GISAID,Sweden,2025-W25,SARS-CoV-2,2-week count of sequences,total,45,>10% to 15%
SARS-CoV-2 variant,GISAID,Sweden,2025-W24,SARS-CoV-2,2-week count of sequences,total,44,>10% to 15%
SARS-CoV-2 variant,GISAID,Sweden,2025-W23,SARS-CoV-2,2-week count of sequences,total,40,>10% to 15%
SARS-CoV-2 variant,GISAID,Sweden,2025-W22,SARS-CoV-2,2-week count of sequences,total,25,>15%
SARS-CoV-2 variant,GISAID,Sweden,2025-W21,SARS-CoV-2,2-week count of sequences,total,21,>15%
SARS-CoV-2 variant,GISAID,Sweden,2025-W20,SARS-CoV-2,2-week count of sequences,total,21,>15%
SARS-CoV-2 variant,GISAID,Sweden,2025-W19,SARS-CoV-2,2-week count of sequences,total,26,>15%
SARS-CoV-2 variant,GISAID,Sweden,2025-W18,SARS-CoV-2,2-week count of sequences,total,36,>15%
SARS-CoV-2 variant,GISAID,Sweden,2025-W17,SARS-CoV-2,2-week count of sequences,total,36,>15%
SARS-CoV-2 variant,GISAID,Sweden,2025-W16,SARS-CoV-2,2-week count of sequences,total,24,>15%
SARS-CoV-2 variant,GISAID,Sweden,2025-W15,SARS-CoV-2,2-week count of sequences,total,22,>15%
SARS-CoV-2 variant,GISAID,Sweden,2025-W14,SARS-CoV-2,2-week count of sequences,total,26,>15%
SARS-CoV-2 variant,GISAID,Sweden,2025-W13,SARS-CoV-2,2-week count of sequences,total,25,>15%
SARS-CoV-2 variant,GISAID,Sweden,2025-W12,SARS-CoV-2,2-week count of sequences,total,28,>15%
SARS-CoV-2 variant,GISAID,Sweden,2025-W11,SARS-CoV-2,2-week count of sequences,total,35,>15%
SARS-CoV-2 variant,GISAID,Sweden,2025-W10,SARS-CoV-2,2-week count of sequences,total,36,>15%
SARS-CoV-2 variant,GISAID,Sweden,2025-W09,SARS-CoV-2,2-week count of sequences,total,35,>15%
SARS-CoV-2 variant,GISAID,Sweden,2025-W08,SARS-CoV-2,2-week count of sequences,total,43,>10% to 15%
SARS-CoV-2 variant,GISAID,Sweden,2025-W07,SARS-CoV-2,2-week count of sequences,total,56,>10% to 15%
SARS-CoV-2 variant,GISAID,Sweden,2025-W06,SARS-CoV-2,2-week count of sequences,total,60,>5% to 10%
SARS-CoV-2 variant,GISAID,Sweden,2025-W05,SARS-CoV-2,2-week count of sequences,total,45,>10% to 15%
SARS-CoV-2 variant,GISAID,Sweden,2025-W04,SARS-CoV-2,2-week count of sequences,total,39,>10% to 15%
SARS-CoV-2 variant,GISAID,Sweden,2025-W03,SARS-CoV-2,2-week count of sequences,total,48,>10% to 15%
SARS-CoV-2 variant,GISAID,Sweden,2025-W02,SARS-CoV-2,2-week count of sequences,total,43,>10% to 15%
SARS-CoV-2 variant,GISAID,Sweden,2025-W01,SARS-CoV-2,2-week count of sequences,total,34,>15%
SARS-CoV-2 variant,GISAID,Sweden,2024-W52,SARS-CoV-2,2-week count of sequences,total,72,>5% to 10%
SARS-CoV-2 variant,GISAID,Sweden,2024-W51,SARS-CoV-2,2-week count of sequences,total,180,>2.5% to 5%
SARS-CoV-2 variant,GISAID,Sweden,2024-W50,SARS-CoV-2,2-week count of sequences,total,263,>1% to 2.5%
SARS-CoV-2 variant,GISAID,Sweden,2024-W49,SARS-CoV-2,2-week count of sequences,total,281,>1% to 2.5%
SARS-CoV-2 variant,GISAID,Sweden,2024-W48,SARS-CoV-2,2-week count of sequences,total,278,>1% to 2.5%
SARS-CoV-2 variant,GISAID,Sweden,2024-W47,SARS-CoV-2,2-week count of sequences,total,304,>1% to 2.5%
SARS-CoV-2 variant,GISAID,Sweden,2024-W46,SARS-CoV-2,2-week count of sequences,total,360,>1% to 2.5%
SARS-CoV-2 variant,GISAID,Sweden,2024-W45,SARS-CoV-2,2-week count of sequences,total,380,>1% to 2.5%
SARS-CoV-2 variant,GISAID,Sweden,2024-W44,SARS-CoV-2,2-week count of sequences,total,439,>1% to 2.5%
SARS-CoV-2 variant,GISAID,Sweden,2024-W43,SARS-CoV-2,2-week count of sequences,total,512,>1% to 2.5%
SARS-CoV-2 variant,GISAID,Sweden,2024-W42,SARS-CoV-2,2-week count of sequences,total,532,>1% to 2.5%
SARS-CoV-2 variant,GISAID,Sweden,2024-W41,SARS-CoV-2,2-week count of sequences,total,552,>1% to 2.5%
SARS-CoV-2 variant,GISAID,Sweden,2024-W40,SARS-CoV-2,2-week count of sequences,total,525,>1% to 2.5%
SARS-CoV-2 variant,GISAID,Sweden,2024-W39,SARS-CoV-2,2-week count of sequences,total,486,>1% to 2.5%
SARS-CoV-2 variant,GISAID,Sweden,2024-W38,SARS-CoV-2,2-week count of sequences,total,521,>1% to 2.5%
SARS-CoV-2 variant,GISAID,Sweden,2024-W37,SARS-CoV-2,2-week count of sequences,total,674,≤1%
SARS-CoV-2 variant,GISAID,Sweden,2024-W36,SARS-CoV-2,2-week count of sequences,total,732,≤1%
SARS-CoV-2 variant,GISAID,Sweden,2024-W35,SARS-CoV-2,2-week count of sequences,total,670,≤1%
SARS-CoV-2 variant,GISAID,Sweden,2024-W34,SARS-CoV-2,2-week count of sequences,total,683,≤1%
SARS-CoV-2 variant,GISAID,Sweden,2024-W33,SARS-CoV-2,2-week count of sequences,total,645,≤1%
SARS-CoV-2 variant,GISAID,Sweden,2024-W32,SARS-CoV-2,2-week count of sequences,total,579,>1% to 2.5%
SARS-CoV-2 variant,GISAID,Sweden,2024-W31,SARS-CoV-2,2-week count of sequences,total,554,>1% to 2.5%
SARS-CoV-2 variant,GISAID,Sweden,2024-W30,SARS-CoV-2,2-week count of sequences,total,437,>1% to 2.5%
SARS-CoV-2 variant,GISAID,Sweden,2024-W29,SARS-CoV-2,2-week count of sequences,total,306,>1% to 2.5%
SARS-CoV-2 variant,GISAID,Sweden,2024-W28,SARS-CoV-2,2-week count of sequences,total,234,>2.5% to 5%
SARS-CoV-2 variant,GISAID,Sweden,2024-W27,SARS-CoV-2,2-week count of sequences,total,223,>2.5% to 5%
SARS-CoV-2 variant,GISAID,Sweden,2024-W26,SARS-CoV-2,2-week count of sequences,total,225,>2.5% to 5%
SARS-CoV-2 variant,GISAID,Sweden,2024-W25,SARS-CoV-2,2-week count of sequences,total,155,>2.5% to 5%
SARS-CoV-2 variant,GISAID,Sweden,2024-W24,SARS-CoV-2,2-week count of sequences,total,109,>5% to 10%
SARS-CoV-2 variant,GISAID,Sweden,2024-W23,SARS-CoV-2,2-week count of sequences,total,122,>2.5% to 5%
SARS-CoV-2 variant,GISAID,Sweden,2024-W22,SARS-CoV-2,2-week count of sequences,total,142,>2.5% to 5%
SARS-CoV-2 variant,GISAID,Sweden,2024-W21,SARS-CoV-2,2-week count of sequences,total,133,>2.5% to 5%
SARS-CoV-2 variant,GISAID,Sweden,2024-W20,SARS-CoV-2,2-week count of sequences,total,121,>2.5% to 5%
SARS-CoV-2 variant,GISAID,Sweden,2024-W19,SARS-CoV-2,2-week count of sequences,total,127,>2.5% to 5%
SARS-CoV-2 variant,GISAID,Sweden,2024-W18,SARS-CoV-2,2-week count of sequences,total,99,>5% to 10%
SARS-CoV-2 variant,GISAID,Sweden,2024-W17,SARS-CoV-2,2-week count of sequences,total,54,>10% to 15%
SARS-CoV-2 variant,GISAID,Sweden,2024-W16,SARS-CoV-2,2-week count of sequences,total,40,>10% to 15%
SARS-CoV-2 variant,GISAID,Sweden,2024-W15,SARS-CoV-2,2-week count of sequences,total,37,>10% to 15%
SARS-CoV-2 variant,GISAID,Sweden,2024-W14,SARS-CoV-2,2-week count of sequences,total,51,>10% to 15%
SARS-CoV-2 variant,GISAID,Sweden,2024-W13,SARS-CoV-2,2-week count of sequences,total,61,>5% to 10%
SARS-CoV-2 variant,GISAID,Sweden,2024-W12,SARS-CoV-2,2-week count of sequences,total,57,>5% to 10%
SARS-CoV-2 variant,GISAID,Sweden,2024-W11,SARS-CoV-2,2-week count of sequences,total,75,>5% to 10%
SARS-CoV-2 variant,GISAID,Sweden,2024-W10,SARS-CoV-2,2-week count of sequences,total,122,>2.5% to 5%
SARS-CoV-2 variant,GISAID,Sweden,2024-W09,SARS-CoV-2,2-week count of sequences,total,142,>2.5% to 5%
SARS-CoV-2 variant,GISAID,Sweden,2024-W08,SARS-CoV-2,2-week count of sequences,total,163,>2.5% to 5%
SARS-CoV-2 variant,GISAID,Sweden,2024-W07,SARS-CoV-2,2-week count of sequences,total,170,>2.5% to 5%
SARS-CoV-2 variant,GISAID,Sweden,2024-W06,SARS-CoV-2,2-week count of sequences,total,228,>2.5% to 5%
SARS-CoV-2 variant,GISAID,Sweden,2024-W05,SARS-CoV-2,2-week count of sequences,total,266,>1% to 2.5%
SARS-CoV-2 variant,GISAID,Sweden,2024-W04,SARS-CoV-2,2-week count of sequences,total,300,>1% to 2.5%
SARS-CoV-2 variant,GISAID,Sweden,2024-W03,SARS-CoV-2,2-week count of sequences,total,675,≤1%
SARS-CoV-2 variant,GISAID,Sweden,2024-W02,SARS-CoV-2,2-week count of sequences,total,868,≤1%
SARS-CoV-2 variant,GISAID,Sweden,2024-W01,SARS-CoV-2,2-week count of sequences,total,830,≤1%
SARS-CoV-2 variant,GISAID,Sweden,2023-W52,SARS-CoV-2,2-week count of sequences,total,937,≤1%
SARS-CoV-2 variant,GISAID,Sweden,2023-W51,SARS-CoV-2,2-week count of sequences,total,1918,≤1%
SARS-CoV-2 variant,GISAID,Sweden,2023-W50,SARS-CoV-2,2-week count of sequences,total,2434,≤1%
SARS-CoV-2 variant,GISAID,Sweden,2023-W49,SARS-CoV-2,2-week count of sequences,total,1934,≤1%
SARS-CoV-2 variant,GISAID,Sweden,2023-W48,SARS-CoV-2,2-week count of sequences,total,2115,≤1%
SARS-CoV-2 variant,GISAID,Sweden,2023-W47,SARS-CoV-2,2-week count of sequences,total,2311,≤1%
SARS-CoV-2 variant,GISAID,Sweden,2023-W46,SARS-CoV-2,2-week count of sequences,total,2438,≤1%
SARS-CoV-2 variant,GISAID,Sweden,2023-W45,SARS-CoV-2,2-week count of sequences,total,2195,≤1%
SARS-CoV-2 variant,GISAID,Sweden,2023-W44,SARS-CoV-2,2-week count of sequences,total,1795,≤1%
SARS-CoV-2 variant,GISAID,Sweden,2023-W43,SARS-CoV-2,2-week count of sequences,total,1478,≤1%
SARS-CoV-2 variant,GISAID,Sweden,2023-W42,SARS-CoV-2,2-week count of sequences,total,1170,≤1%
SARS-CoV-2 variant,GISAID,Sweden,2023-W41,SARS-CoV-2,2-week count of sequences,total,1060,≤1%
SARS-CoV-2 variant,GISAID,Sweden,2023-W40,SARS-CoV-2,2-week count of sequences,total,816,≤1%
SARS-CoV-2 variant,GISAID,Sweden,2023-W39,SARS-CoV-2,2-week count of sequences,total,767,≤1%
SARS-CoV-2 variant,GISAID,Sweden,2023-W38,SARS-CoV-2,2-week count of sequences,total,730,≤1%
SARS-CoV-2 variant,GISAID,Sweden,2023-W37,SARS-CoV-2,2-week count of sequences,total,751,≤1%
SARS-CoV-2 variant,GISAID,Sweden,2023-W36,SARS-CoV-2,2-week count of sequences,total,752,≤1%
SARS-CoV-2 variant,GISAID,Sweden,2023-W35,SARS-CoV-2,2-week count of sequences,total,582,>1% to 2.5%
SARS-CoV-2 variant,GISAID,Sweden,2023-W34,SARS-CoV-2,2-week count of sequences,total,465,>1% to 2.5%
SARS-CoV-2 variant,GISAID,Sweden,2023-W33,SARS-CoV-2,2-week count of sequences,total,354,>1% to 2.5%
SARS-CoV-2 variant,GISAID,Sweden,2023-W32,SARS-CoV-2,2-week count of sequences,total,319,>1% to 2.5%
SARS-CoV-2 variant,GISAID,Sweden,2023-W31,SARS-CoV-2,2-week count of sequences,total,291,>1% to 2.5%
SARS-CoV-2 variant,GISAID,Sweden,2023-W30,SARS-CoV-2,2-week count of sequences,total,199,>2.5% to 5%
SARS-CoV-2 variant,GISAID,Sweden,2023-W29,SARS-CoV-2,2-week count of sequences,total,180,>2.5% to 5%
SARS-CoV-2 variant,GISAID,Sweden,2023-W28,SARS-CoV-2,2-week count of sequences,total,219,>2.5% to 5%
SARS-CoV-2 variant,GISAID,Sweden,2023-W27,SARS-CoV-2,2-week count of sequences,total,243,>1% to 2.5%
SARS-CoV-2 variant,GISAID,Sweden,2023-W26,SARS-CoV-2,2-week count of sequences,total,302,>1% to 2.5%
SARS-CoV-2 variant,GISAID,Sweden,2023-W25,SARS-CoV-2,2-week count of sequences,total,408,>1% to 2.5%
SARS-CoV-2 variant,GISAID,Sweden,2023-W24,SARS-CoV-2,2-week count of sequences,total,573,>1% to 2.5%
SARS-CoV-2 variant,GISAID,Sweden,2023-W23,SARS-CoV-2,2-week count of sequences,total,626,≤1%
SARS-CoV-2 variant,GISAID,Sweden,2023-W22,SARS-CoV-2,2-week count of sequences,total,649,≤1%
SARS-CoV-2 variant,GISAID,Sweden,2023-W21,SARS-CoV-2,2-week count of sequences,total,765,≤1%
SARS-CoV-2 variant,GISAID,Sweden,2023-W20,SARS-CoV-2,2-week count of sequences,total,1017,≤1%
SARS-CoV-2 variant,GISAID,Sweden,2023-W19,SARS-CoV-2,2-week count of sequences,total,1019,≤1%
SARS-CoV-2 variant,GISAID,Sweden,2023-W18,SARS-CoV-2,2-week count of sequences,total,1046,≤1%
SARS-CoV-2 variant,GISAID,Sweden,2023-W17,SARS-CoV-2,2-week count of sequences,total,1311,≤1%
SARS-CoV-2 variant,GISAID,Sweden,2023-W16,SARS-CoV-2,2-week count of sequences,total,1354,≤1%
SARS-CoV-2 variant,GISAID,Sweden,2023-W15,SARS-CoV-2,2-week count of sequences,total,1293,≤1%
SARS-CoV-2 variant,GISAID,Sweden,2023-W14,SARS-CoV-2,2-week count of sequences,total,1180,≤1%
SARS-CoV-2 variant,GISAID,Sweden,2023-W13,SARS-CoV-2,2-week count of sequences,total,1337,≤1%
SARS-CoV-2 variant,GISAID,Sweden,2023-W12,SARS-CoV-2,2-week count of sequences,total,1263,≤1%
SARS-CoV-2 variant,GISAID,Sweden,2023-W11,SARS-CoV-2,2-week count of sequences,total,918,≤1%
SARS-CoV-2 variant,GISAID,Sweden,2023-W10,SARS-CoV-2,2-week count of sequences,total,843,≤1%
SARS-CoV-2 variant,GISAID,Sweden,2023-W09,SARS-CoV-2,2-week count of sequences,total,755,≤1%
SARS-CoV-2 variant,GISAID,Sweden,2023-W08,SARS-CoV-2,2-week count of sequences,total,769,≤1%
SARS-CoV-2 variant,GISAID,Sweden,2023-W07,SARS-CoV-2,2-week count of sequences,total,952,≤1%
SARS-CoV-2 variant,GISAID,Sweden,2023-W06,SARS-CoV-2,2-week count of sequences,total,1295,≤1%
SARS-CoV-2 variant,GISAID,Sweden,2023-W05,SARS-CoV-2,2-week count of sequences,total,1430,≤1%
SARS-CoV-2 variant,GISAID,Sweden,2023-W04,SARS-CoV-2,2-week count of sequences,total,1665,≤1%
SARS-CoV-2 variant,GISAID,Sweden,2023-W03,SARS-CoV-2,2-week count of sequences,total,2624,≤1%
SARS-CoV-2 variant,GISAID,Sweden,2023-W02,SARS-CoV-2,2-week count of sequences,total,2820,≤1%
SARS-CoV-2 variant,GISAID,Sweden,2023-W01,SARS-CoV-2,2-week count of sequences,total,2493,≤1%
SARS-CoV-2 variant,GISAID,Sweden,2022-W52,SARS-CoV-2,2-week count of sequences,total,3062,≤1%
SARS-CoV-2 variant,GISAID,Sweden,2022-W51,SARS-CoV-2,2-week count of sequences,total,3938,≤1%
SARS-CoV-2 variant,GISAID,Sweden,2022-W50,SARS-CoV-2,2-week count of sequences,total,4286,≤1%
SARS-CoV-2 variant,GISAID,Sweden,2022-W49,SARS-CoV-2,2-week count of sequences,total,4154,≤1%
SARS-CoV-2 variant,GISAID,Sweden,2022-W48,SARS-CoV-2,2-week count of sequences,total,3622,≤1%
SARS-CoV-2 variant,GISAID,Sweden,2022-W47,SARS-CoV-2,2-week count of sequences,total,2958,≤1%
SARS-CoV-2 variant,GISAID,Sweden,2022-W46,SARS-CoV-2,2-week count of sequences,total,2768,≤1%
SARS-CoV-2 variant,GISAID,Sweden,2022-W45,SARS-CoV-2,2-week count of sequences,total,2732,≤1%
SARS-CoV-2 variant,GISAID,Sweden,2022-W44,SARS-CoV-2,2-week count of sequences,total,2733,≤1%
SARS-CoV-2 variant,GISAID,Sweden,2022-W43,SARS-CoV-2,2-week count of sequences,total,2716,≤1%
SARS-CoV-2 variant,GISAID,Sweden,2022-W42,SARS-CoV-2,2-week count of sequences,total,2653,≤1%
SARS-CoV-2 variant,GISAID,Sweden,2022-W41,SARS-CoV-2,2-week count of sequences,total,2755,≤1%
SARS-CoV-2 variant,GISAID,Sweden,2022-W40,SARS-CoV-2,2-week count of sequences,total,2788,≤1%
SARS-CoV-2 variant,GISAID,Sweden,2022-W39,SARS-CoV-2,2-week count of sequences,total,2652,≤1%
SARS-CoV-2 variant,GISAID,Sweden,2022-W38,SARS-CoV-2,2-week count of sequences,total,2792,≤1%
SARS-CoV-2 variant,GISAID,Sweden,2022-W37,SARS-CoV-2,2-week count of sequences,total,2959,≤1%
SARS-CoV-2 variant,GISAID,Sweden,2022-W36,SARS-CoV-2,2-week count of sequences,total,2761,≤1%
SARS-CoV-2 variant,GISAID,Sweden,2022-W35,SARS-CoV-2,2-week count of sequences,total,2542,≤1%
SARS-CoV-2 variant,GISAID,Sweden,2022-W34,SARS-CoV-2,2-week count of sequences,total,2681,≤1%
SARS-CoV-2 variant,GISAID,Sweden,2022-W33,SARS-CoV-2,2-week count of sequences,total,3132,≤1%
SARS-CoV-2 variant,GISAID,Sweden,2022-W32,SARS-CoV-2,2-week count of sequences,total,3269,≤1%
SARS-CoV-2 variant,GISAID,Sweden,2022-W31,SARS-CoV-2,2-week count of sequences,total,3418,≤1%
SARS-CoV-2 variant,GISAID,Sweden,2022-W30,SARS-CoV-2,2-week count of sequences,total,3989,≤1%
SARS-CoV-2 variant,GISAID,Sweden,2022-W29,SARS-CoV-2,2-week count of sequences,total,4321,≤1%
SARS-CoV-2 variant,GISAID,Sweden,2022-W28,SARS-CoV-2,2-week count of sequences,total,3879,≤1%
SARS-CoV-2 variant,GISAID,Sweden,2022-W27,SARS-CoV-2,2-week count of sequences,total,3356,≤1%
SARS-CoV-2 variant,GISAID,Sweden,2022-W26,SARS-CoV-2,2-week count of sequences,total,2857,≤1%
SARS-CoV-2 variant,GISAID,Sweden,2022-W25,SARS-CoV-2,2-week count of sequences,total,1226,≤1%
